Customer_ID,Gender,Age_Group,Customer_Type,Membership,Membership_Start_Date,Home_City,Vehicle_ID
CU00001,Male,46-60,Regular,Gold,2025-07-26,Pune,V00001
CU00002,Male,26-35,New,Silver,2025-02-10,Lucknow,V00002
CU00003,Male,26-35,New,Platinum,2024-04-11,Bengaluru,V00003
CU00004,Female,26-35,New,None,2022-05-08,Bengaluru,V00004
CU00005,Male,18-25,New,None,2022-10-07,Lucknow,V00005
CU00006,Female,36-45,New,Gold,2023-12-20,Bengaluru,V00006
CU00007,Female,46-60,Regular,None,2022-07-13,Chennai,V00007
CU00008,Female,26-35,New,Gold,2025-10-16,Ahmedabad,V00008
CU00009,Male,18-25,Regular,Platinum,2023-04-16,Jaipur,V00009
CU00010,Female,36-45,New,Platinum,2023-09-14,Ahmedabad,V00010
CU00011,Male,18-25,New,Silver,2024-02-05,Chennai,V00011
CU00012,Male,46-60,New,Platinum,2024-03-19,Bengaluru,V00012
CU00013,Female,18-25,Regular,Gold,2024-12-06,Bengaluru,V00013
CU00014,Female,26-35,New,Platinum,2022-06-22,Bengaluru,V00014
CU00015,Female,36-45,New,Platinum,2024-08-27,Ahmedabad,V00015
CU00016,Male,36-45,Regular,Platinum,2024-08-09,Lucknow,V00016
CU00017,Female,46-60,New,Platinum,2025-06-05,Hyderabad,V00017
CU00018,Male,36-45,New,Silver,2023-02-23,Delhi,V00018
CU00019,Female,26-35,Regular,Platinum,2024-10-01,Bengaluru,V00019
CU00020,Male,26-35,New,Silver,2022-05-11,Mumbai,V00020
CU00021,Female,46-60,New,Platinum,2022-05-18,Delhi,V00021
CU00022,Male,36-45,New,Platinum,2025-12-27,Bengaluru,V00022
CU00023,Female,18-25,Regular,Silver,2024-08-27,Hyderabad,V00023
CU00024,Female,18-25,New,Platinum,2025-01-04,Jaipur,V00024
CU00025,Male,18-25,New,Silver,2023-02-09,Kolkata,V00025
CU00026,Male,46-60,Regular,Gold,2025-10-28,Mumbai,V00026
CU00027,Female,46-60,New,Gold,2025-01-20,Jaipur,V00027
CU00028,Male,46-60,Regular,None,2022-04-27,Delhi,V00028
CU00029,Male,46-60,New,None,2025-05-27,Hyderabad,V00029
CU00030,Male,36-45,New,Silver,2022-10-24,Delhi,V00030
CU00031,Female,36-45,Regular,Gold,2022-01-19,Ahmedabad,V00031
CU00032,Male,26-35,Regular,None,2022-02-02,Jaipur,V00032
CU00033,Female,46-60,Regular,None,2025-12-13,Lucknow,V00033
CU00034,Male,26-35,New,Platinum,2024-01-27,Pune,V00034
CU00035,Male,36-45,New,Gold,2024-02-02,Pune,V00035
CU00036,Female,46-60,Regular,Platinum,2022-07-06,Chennai,V00036
CU00037,Male,36-45,New,Platinum,2022-09-24,Hyderabad,V00037
CU00038,Male,18-25,New,None,2023-09-28,Bengaluru,V00038
CU00039,Female,18-25,Regular,Platinum,2024-10-11,Bengaluru,V00039
CU00040,Male,46-60,Regular,Silver,2024-06-07,Chennai,V00040
CU00041,Male,36-45,New,None,2025-03-19,Chennai,V00041
CU00042,Female,36-45,New,Platinum,2023-08-01,Pune,V00042
CU00043,Female,46-60,Regular,Silver,2022-02-03,Chennai,V00043
CU00044,Female,26-35,Regular,Platinum,2024-04-07,Lucknow,V00044
CU00045,Male,18-25,Regular,Silver,2025-07-06,Hyderabad,V00045
CU00046,Female,18-25,New,Platinum,2024-11-03,Kolkata,V00046
CU00047,Male,46-60,New,Gold,2023-02-18,Delhi,V00047
CU00048,Female,36-45,New,None,2024-12-07,Delhi,V00048
CU00049,Female,26-35,New,Platinum,2023-02-25,Jaipur,V00049
CU00050,Female,18-25,Regular,Gold,2022-07-07,Kolkata,V00050
CU00051,Female,46-60,New,Silver,2024-12-13,Bengaluru,V00051
CU00052,Male,26-35,New,Platinum,2024-05-21,Delhi,V00052
CU00053,Male,36-45,Regular,Gold,2022-02-24,Delhi,V00053
CU00054,Female,26-35,Regular,None,2024-10-28,Hyderabad,V00054
CU00055,Female,36-45,New,Gold,2025-09-26,Kolkata,V00055
CU00056,Male,46-60,Regular,Silver,2024-09-10,Delhi,V00056
CU00057,Female,26-35,Regular,Gold,2022-03-12,Ahmedabad,V00057
CU00058,Male,26-35,Regular,Platinum,2023-08-15,Mumbai,V00058
CU00059,Male,26-35,Regular,Gold,2022-08-16,Chennai,V00059
CU00060,Female,36-45,Regular,None,2024-02-01,Kolkata,V00060
CU00061,Female,18-25,Regular,Platinum,2025-09-26,Jaipur,V00061
CU00062,Male,18-25,Regular,Silver,2025-06-16,Mumbai,V00062
CU00063,Male,18-25,Regular,None,2025-11-08,Ahmedabad,V00063
CU00064,Female,18-25,New,Gold,2024-12-01,Chennai,V00064
CU00065,Male,26-35,New,Silver,2023-05-17,Jaipur,V00065
CU00066,Female,26-35,Regular,None,2022-10-19,Mumbai,V00066
CU00067,Female,36-45,New,None,2023-11-02,Delhi,V00067
CU00068,Female,18-25,Regular,Platinum,2022-08-18,Ahmedabad,V00068
CU00069,Female,46-60,New,Gold,2024-05-23,Bengaluru,V00069
CU00070,Female,26-35,Regular,Silver,2024-01-18,Ahmedabad,V00070
CU00071,Male,18-25,New,Gold,2023-04-20,Jaipur,V00071
CU00072,Female,46-60,Regular,Gold,2022-01-17,Jaipur,V00072
CU00073,Male,46-60,Regular,None,2024-04-23,Ahmedabad,V00073
CU00074,Female,26-35,Regular,None,2022-11-03,Jaipur,V00074
CU00075,Female,36-45,Regular,Gold,2024-06-23,Lucknow,V00075
CU00076,Male,46-60,Regular,Platinum,2025-10-28,Pune,V00076
CU00077,Female,26-35,Regular,Platinum,2022-04-05,Delhi,V00077
CU00078,Female,46-60,New,Gold,2024-04-25,Mumbai,V00078
CU00079,Female,36-45,Regular,Platinum,2023-02-04,Kolkata,V00079
CU00080,Male,18-25,Regular,None,2022-09-07,Jaipur,V00080
CU00081,Female,26-35,Regular,Gold,2022-04-10,Kolkata,V00081
CU00082,Female,46-60,Regular,Platinum,2024-08-03,Ahmedabad,V00082
CU00083,Male,46-60,Regular,Platinum,2024-02-02,Kolkata,V00083
CU00084,Male,26-35,Regular,Gold,2024-05-26,Chennai,V00084
CU00085,Female,36-45,Regular,Platinum,2025-10-28,Delhi,V00085
CU00086,Female,36-45,New,Platinum,2023-06-24,Kolkata,V00086
CU00087,Female,26-35,New,None,2022-06-16,Chennai,V00087
CU00088,Male,18-25,Regular,Silver,2023-11-14,Hyderabad,V00088
CU00089,Male,36-45,New,Gold,2023-12-20,Lucknow,V00089
CU00090,Male,26-35,New,Platinum,2023-02-22,Hyderabad,V00090
CU00091,Male,46-60,Regular,Gold,2022-06-15,Hyderabad,V00091
CU00092,Female,26-35,Regular,Platinum,2023-05-06,Mumbai,V00092
CU00093,Female,26-35,Regular,Platinum,2025-09-01,Ahmedabad,V00093
CU00094,Female,46-60,New,None,2025-03-23,Bengaluru,V00094
CU00095,Male,36-45,New,Platinum,2023-09-01,Ahmedabad,V00095
CU00096,Male,26-35,New,Silver,2022-11-05,Pune,V00096
CU00097,Male,26-35,Regular,Gold,2024-01-08,Jaipur,V00097
CU00098,Male,18-25,New,Platinum,2022-06-27,Mumbai,V00098
CU00099,Female,18-25,Regular,Gold,2023-03-04,Hyderabad,V00099
CU00100,Female,26-35,New,Platinum,2023-12-26,Chennai,V00100
CU00101,Male,18-25,Regular,Gold,2022-04-01,Delhi,V00101
CU00102,Male,46-60,New,None,2025-05-10,Chennai,V00102
CU00103,Female,46-60,New,Platinum,2023-08-09,Delhi,V00103
CU00104,Female,26-35,Regular,Platinum,2022-05-18,Delhi,V00104
CU00105,Female,18-25,New,Gold,2025-10-08,Bengaluru,V00105
CU00106,Male,36-45,New,Platinum,2022-08-01,Hyderabad,V00106
CU00107,Female,46-60,Regular,Platinum,2022-07-09,Delhi,V00107
CU00108,Female,18-25,Regular,Platinum,2025-04-25,Lucknow,V00108
CU00109,Male,18-25,New,None,2023-09-16,Jaipur,V00109
CU00110,Male,18-25,Regular,None,2023-04-24,Delhi,V00110
CU00111,Female,18-25,New,Silver,2024-04-13,Ahmedabad,V00111
CU00112,Male,26-35,Regular,Platinum,2024-11-11,Jaipur,V00112
CU00113,Female,18-25,New,None,2025-12-22,Hyderabad,V00113
CU00114,Female,26-35,Regular,Silver,2024-09-23,Pune,V00114
CU00115,Female,36-45,Regular,Silver,2023-04-11,Kolkata,V00115
CU00116,Male,46-60,Regular,Platinum,2025-02-14,Bengaluru,V00116
CU00117,Male,46-60,Regular,Silver,2025-02-06,Lucknow,V00117
CU00118,Female,18-25,Regular,None,2022-05-03,Ahmedabad,V00118
CU00119,Male,26-35,New,Gold,2023-05-16,Lucknow,V00119
CU00120,Male,46-60,Regular,None,2022-01-15,Ahmedabad,V00120
CU00121,Male,18-25,New,Gold,2025-05-17,Kolkata,V00121
CU00122,Female,26-35,New,Silver,2024-04-06,Mumbai,V00122
CU00123,Male,18-25,Regular,None,2024-10-05,Kolkata,V00123
CU00124,Female,18-25,Regular,Platinum,2024-04-28,Delhi,V00124
CU00125,Female,46-60,New,Gold,2023-07-24,Hyderabad,V00125
CU00126,Male,18-25,New,None,2025-12-16,Hyderabad,V00126
CU00127,Female,26-35,Regular,Platinum,2024-12-26,Mumbai,V00127
CU00128,Female,46-60,New,Platinum,2024-05-16,Hyderabad,V00128
CU00129,Female,18-25,New,Silver,2024-03-28,Chennai,V00129
CU00130,Female,46-60,Regular,Gold,2024-07-17,Hyderabad,V00130
CU00131,Male,26-35,New,Silver,2024-06-09,Delhi,V00131
CU00132,Male,26-35,New,Platinum,2023-04-15,Ahmedabad,V00132
CU00133,Female,36-45,New,None,2025-10-03,Hyderabad,V00133
CU00134,Male,36-45,Regular,Platinum,2025-06-25,Lucknow,V00134
CU00135,Male,26-35,New,Gold,2024-07-14,Kolkata,V00135
CU00136,Female,26-35,Regular,None,2023-03-22,Lucknow,V00136
CU00137,Female,18-25,Regular,Platinum,2022-11-03,Mumbai,V00137
CU00138,Male,18-25,New,Gold,2025-02-28,Hyderabad,V00138
CU00139,Male,46-60,Regular,Silver,2025-07-11,Ahmedabad,V00139
CU00140,Female,46-60,New,Gold,2022-07-28,Delhi,V00140
CU00141,Male,46-60,New,Silver,2024-10-20,Ahmedabad,V00141
CU00142,Male,46-60,Regular,None,2023-11-25,Chennai,V00142
CU00143,Male,36-45,Regular,Silver,2025-03-22,Mumbai,V00143
CU00144,Male,18-25,Regular,Platinum,2023-02-25,Hyderabad,V00144
CU00145,Male,26-35,Regular,None,2022-02-10,Ahmedabad,V00145
CU00146,Female,18-25,Regular,None,2024-10-08,Lucknow,V00146
CU00147,Male,26-35,Regular,Platinum,2024-07-13,Bengaluru,V00147
CU00148,Male,36-45,New,Silver,2025-08-11,Ahmedabad,V00148
CU00149,Female,26-35,Regular,Silver,2023-01-24,Ahmedabad,V00149
CU00150,Female,36-45,Regular,Silver,2022-09-24,Jaipur,V00150
CU00151,Female,26-35,Regular,Platinum,2023-05-03,Chennai,V00151
CU00152,Male,36-45,New,None,2022-07-19,Hyderabad,V00152
CU00153,Female,26-35,New,Gold,2024-12-07,Hyderabad,V00153
CU00154,Female,18-25,New,Gold,2023-06-14,Lucknow,V00154
CU00155,Male,18-25,Regular,Platinum,2025-05-09,Mumbai,V00155
CU00156,Female,26-35,New,Gold,2023-09-22,Pune,V00156
CU00157,Female,26-35,New,None,2022-09-08,Chennai,V00157
CU00158,Male,46-60,New,Gold,2022-04-21,Hyderabad,V00158
CU00159,Female,46-60,New,Silver,2024-11-08,Jaipur,V00159
CU00160,Female,36-45,Regular,Platinum,2025-10-12,Delhi,V00160
CU00161,Male,46-60,Regular,Platinum,2022-10-07,Chennai,V00161
CU00162,Female,26-35,New,Silver,2022-01-17,Lucknow,V00162
CU00163,Female,46-60,Regular,Silver,2024-06-10,Bengaluru,V00163
CU00164,Male,36-45,New,Platinum,2025-08-22,Jaipur,V00164
CU00165,Male,36-45,Regular,Platinum,2024-01-06,Lucknow,V00165
CU00166,Female,46-60,Regular,Silver,2022-10-22,Chennai,V00166
CU00167,Female,36-45,Regular,Gold,2025-01-23,Kolkata,V00167
CU00168,Male,46-60,Regular,Gold,2022-01-11,Lucknow,V00168
CU00169,Female,36-45,Regular,Gold,2025-07-01,Lucknow,V00169
CU00170,Male,18-25,New,Platinum,2023-06-03,Kolkata,V00170
CU00171,Male,26-35,New,Platinum,2023-02-17,Jaipur,V00171
CU00172,Male,36-45,New,Gold,2022-05-06,Jaipur,V00172
CU00173,Female,26-35,Regular,Gold,2025-09-26,Pune,V00173
CU00174,Female,46-60,Regular,Silver,2025-09-05,Kolkata,V00174
CU00175,Male,26-35,Regular,None,2025-05-02,Ahmedabad,V00175
CU00176,Male,46-60,Regular,Silver,2023-02-19,Chennai,V00176
CU00177,Female,36-45,New,Platinum,2023-01-12,Chennai,V00177
CU00178,Female,26-35,New,Gold,2022-03-28,Bengaluru,V00178
CU00179,Female,36-45,Regular,Silver,2024-04-02,Mumbai,V00179
CU00180,Female,26-35,Regular,Platinum,2025-04-23,Lucknow,V00180
CU00181,Female,46-60,Regular,Silver,2022-09-21,Bengaluru,V00181
CU00182,Male,26-35,New,Platinum,2022-04-22,Chennai,V00182
CU00183,Male,36-45,New,None,2022-02-18,Kolkata,V00183
CU00184,Female,36-45,New,None,2023-11-17,Lucknow,V00184
CU00185,Female,36-45,New,Gold,2025-10-26,Delhi,V00185
CU00186,Male,46-60,New,Silver,2022-09-19,Lucknow,V00186
CU00187,Male,36-45,Regular,Platinum,2024-11-28,Lucknow,V00187
CU00188,Female,36-45,Regular,Platinum,2025-03-19,Bengaluru,V00188
CU00189,Male,18-25,Regular,Gold,2022-07-08,Pune,V00189
CU00190,Female,18-25,New,Silver,2025-07-13,Hyderabad,V00190
CU00191,Female,36-45,New,Silver,2024-06-08,Delhi,V00191
CU00192,Male,26-35,New,Platinum,2024-09-27,Pune,V00192
CU00193,Female,46-60,New,None,2022-03-28,Lucknow,V00193
CU00194,Male,46-60,Regular,Gold,2022-06-19,Chennai,V00194
CU00195,Male,18-25,New,Silver,2025-02-12,Hyderabad,V00195
CU00196,Female,36-45,New,Platinum,2023-10-21,Kolkata,V00196
CU00197,Male,46-60,Regular,Silver,2024-05-03,Jaipur,V00197
CU00198,Female,46-60,New,Silver,2023-11-15,Bengaluru,V00198
CU00199,Female,18-25,Regular,Silver,2025-11-03,Mumbai,V00199
CU00200,Male,36-45,Regular,None,2025-06-16,Hyderabad,V00200
CU00201,Female,46-60,Regular,Silver,2025-09-18,Delhi,V00201
CU00202,Female,36-45,New,None,2024-12-27,Pune,V00202
CU00203,Male,36-45,Regular,None,2024-02-12,Jaipur,V00203
CU00204,Female,26-35,New,Gold,2025-12-08,Lucknow,V00204
CU00205,Female,46-60,Regular,Silver,2022-03-28,Mumbai,V00205
CU00206,Male,36-45,New,None,2025-06-12,Pune,V00206
CU00207,Female,36-45,New,Platinum,2024-11-06,Kolkata,V00207
CU00208,Male,26-35,New,None,2022-11-03,Hyderabad,V00208
CU00209,Male,46-60,Regular,None,2024-11-09,Pune,V00209
CU00210,Male,26-35,New,Gold,2022-07-26,Kolkata,V00210
CU00211,Female,46-60,New,Platinum,2022-02-14,Pune,V00211
CU00212,Male,18-25,New,Gold,2025-05-28,Ahmedabad,V00212
CU00213,Male,36-45,Regular,None,2023-08-08,Bengaluru,V00213
CU00214,Female,18-25,New,Platinum,2025-10-16,Hyderabad,V00214
CU00215,Male,18-25,New,None,2022-10-17,Pune,V00215
CU00216,Female,26-35,Regular,Platinum,2023-10-21,Kolkata,V00216
CU00217,Male,46-60,New,Gold,2024-02-10,Hyderabad,V00217
CU00218,Male,26-35,Regular,Gold,2022-07-23,Kolkata,V00218
CU00219,Female,36-45,New,None,2024-12-17,Mumbai,V00219
CU00220,Female,46-60,New,None,2025-01-17,Delhi,V00220
CU00221,Male,36-45,New,None,2023-01-18,Hyderabad,V00221
CU00222,Female,26-35,New,Silver,2022-05-12,Chennai,V00222
CU00223,Male,36-45,Regular,None,2022-07-16,Chennai,V00223
CU00224,Female,26-35,Regular,None,2023-12-08,Chennai,V00224
CU00225,Male,46-60,New,Silver,2025-05-26,Delhi,V00225
CU00226,Male,46-60,Regular,Gold,2022-10-28,Bengaluru,V00226
CU00227,Female,46-60,New,Silver,2025-09-17,Bengaluru,V00227
CU00228,Female,18-25,New,Gold,2023-08-22,Chennai,V00228
CU00229,Male,46-60,Regular,None,2024-01-11,Lucknow,V00229
CU00230,Female,36-45,New,None,2022-06-26,Bengaluru,V00230
CU00231,Male,18-25,Regular,None,2022-09-27,Ahmedabad,V00231
CU00232,Female,18-25,New,Platinum,2022-07-25,Lucknow,V00232
CU00233,Male,26-35,Regular,Silver,2023-01-20,Bengaluru,V00233
CU00234,Male,36-45,Regular,Silver,2023-12-17,Mumbai,V00234
CU00235,Male,18-25,New,None,2024-08-03,Lucknow,V00235
CU00236,Female,26-35,New,Platinum,2023-05-13,Delhi,V00236
CU00237,Female,46-60,Regular,None,2022-08-07,Jaipur,V00237
CU00238,Female,46-60,Regular,Gold,2022-02-12,Bengaluru,V00238
CU00239,Male,46-60,Regular,Gold,2022-02-26,Chennai,V00239
CU00240,Male,36-45,New,Gold,2024-08-24,Jaipur,V00240
CU00241,Female,36-45,New,Gold,2024-07-26,Mumbai,V00241
CU00242,Male,26-35,New,None,2025-08-28,Ahmedabad,V00242
CU00243,Female,46-60,New,None,2025-11-02,Pune,V00243
CU00244,Female,26-35,Regular,Platinum,2022-09-13,Bengaluru,V00244
CU00245,Female,26-35,Regular,None,2022-01-21,Mumbai,V00245
CU00246,Male,36-45,New,Platinum,2022-05-28,Hyderabad,V00246
CU00247,Female,36-45,New,Platinum,2022-11-26,Jaipur,V00247
CU00248,Male,36-45,Regular,Platinum,2024-02-06,Jaipur,V00248
CU00249,Female,36-45,New,None,2025-02-16,Mumbai,V00249
CU00250,Female,36-45,New,None,2023-03-06,Bengaluru,V00250
CU00251,Male,18-25,New,Gold,2022-12-07,Mumbai,V00251
CU00252,Female,18-25,New,Silver,2022-07-10,Lucknow,V00252
CU00253,Male,46-60,New,Silver,2025-03-17,Kolkata,V00253
CU00254,Male,36-45,Regular,Gold,2025-02-09,Ahmedabad,V00254
CU00255,Male,36-45,New,None,2023-08-01,Lucknow,V00255
CU00256,Male,46-60,New,None,2022-03-03,Mumbai,V00256
CU00257,Female,36-45,New,None,2022-09-01,Hyderabad,V00257
CU00258,Female,36-45,Regular,Gold,2025-10-09,Delhi,V00258
CU00259,Male,36-45,New,Silver,2025-09-03,Delhi,V00259
CU00260,Male,36-45,Regular,None,2023-08-24,Ahmedabad,V00260
CU00261,Male,26-35,New,Silver,2022-07-09,Delhi,V00261
CU00262,Male,46-60,Regular,Gold,2022-01-25,Bengaluru,V00262
CU00263,Male,46-60,New,None,2025-10-23,Hyderabad,V00263
CU00264,Female,18-25,New,None,2022-02-09,Delhi,V00264
CU00265,Male,46-60,New,Gold,2023-06-10,Hyderabad,V00265
CU00266,Male,36-45,Regular,Gold,2024-09-10,Kolkata,V00266
CU00267,Male,18-25,New,Gold,2022-07-14,Chennai,V00267
CU00268,Male,18-25,Regular,Silver,2023-12-13,Pune,V00268
CU00269,Female,46-60,New,Platinum,2024-10-06,Jaipur,V00269
CU00270,Female,36-45,New,None,2022-11-01,Hyderabad,V00270
CU00271,Female,46-60,Regular,Gold,2025-08-14,Ahmedabad,V00271
CU00272,Male,18-25,New,Gold,2024-12-25,Kolkata,V00272
CU00273,Female,26-35,Regular,None,2025-04-20,Lucknow,V00273
CU00274,Male,46-60,New,Gold,2023-06-24,Mumbai,V00274
CU00275,Female,46-60,Regular,Platinum,2022-07-14,Delhi,V00275
CU00276,Male,36-45,New,None,2025-03-06,Kolkata,V00276
CU00277,Female,18-25,Regular,Platinum,2024-12-19,Jaipur,V00277
CU00278,Female,18-25,New,Silver,2023-11-08,Jaipur,V00278
CU00279,Male,18-25,Regular,Silver,2025-11-24,Delhi,V00279
CU00280,Female,46-60,New,None,2023-06-22,Ahmedabad,V00280
CU00281,Female,18-25,New,Gold,2024-01-14,Bengaluru,V00281
CU00282,Female,36-45,Regular,Silver,2025-04-05,Hyderabad,V00282
CU00283,Male,18-25,Regular,Silver,2023-09-28,Jaipur,V00283
CU00284,Male,36-45,New,Gold,2024-06-17,Chennai,V00284
CU00285,Male,46-60,Regular,Platinum,2025-05-04,Jaipur,V00285
CU00286,Male,36-45,New,None,2022-11-13,Chennai,V00286
CU00287,Male,26-35,New,Gold,2024-04-20,Delhi,V00287
CU00288,Male,36-45,New,Silver,2022-07-01,Chennai,V00288
CU00289,Female,36-45,New,Gold,2024-11-27,Bengaluru,V00289
CU00290,Female,18-25,Regular,Silver,2025-09-18,Ahmedabad,V00290
CU00291,Female,18-25,Regular,Silver,2025-05-05,Jaipur,V00291
CU00292,Male,26-35,New,Gold,2023-07-07,Pune,V00292
CU00293,Male,46-60,New,None,2023-04-02,Kolkata,V00293
CU00294,Female,36-45,New,Silver,2024-01-24,Ahmedabad,V00294
CU00295,Male,18-25,Regular,Gold,2025-03-17,Hyderabad,V00295
CU00296,Female,36-45,New,Silver,2025-04-16,Lucknow,V00296
CU00297,Male,18-25,Regular,None,2023-11-09,Jaipur,V00297
CU00298,Male,36-45,New,Gold,2024-05-10,Jaipur,V00298
CU00299,Female,46-60,New,Gold,2022-03-21,Lucknow,V00299
CU00300,Male,46-60,Regular,Platinum,2025-09-07,Chennai,V00300
CU00301,Female,36-45,New,Gold,2023-03-07,Pune,V00301
CU00302,Female,46-60,New,Gold,2023-11-17,Bengaluru,V00302
CU00303,Male,18-25,New,Platinum,2024-07-11,Jaipur,V00303
CU00304,Female,36-45,New,Gold,2022-12-22,Mumbai,V00304
CU00305,Female,18-25,New,Silver,2023-10-21,Hyderabad,V00305
CU00306,Female,18-25,Regular,Silver,2022-12-08,Bengaluru,V00306
CU00307,Female,26-35,Regular,Platinum,2025-10-27,Bengaluru,V00307
CU00308,Male,46-60,New,Silver,2025-01-09,Delhi,V00308
CU00309,Male,26-35,New,Gold,2024-05-22,Pune,V00309
CU00310,Male,36-45,New,Platinum,2022-05-06,Lucknow,V00310
CU00311,Female,26-35,Regular,Gold,2022-05-27,Chennai,V00311
CU00312,Male,46-60,Regular,Gold,2023-07-17,Lucknow,V00312
CU00313,Female,46-60,Regular,Platinum,2022-11-01,Jaipur,V00313
CU00314,Female,36-45,Regular,None,2022-04-21,Mumbai,V00314
CU00315,Female,36-45,Regular,Gold,2024-02-20,Bengaluru,V00315
CU00316,Male,26-35,Regular,Gold,2024-12-18,Bengaluru,V00316
CU00317,Male,46-60,New,None,2022-02-14,Mumbai,V00317
CU00318,Female,46-60,Regular,None,2025-07-07,Chennai,V00318
CU00319,Female,18-25,New,Platinum,2023-07-19,Chennai,V00319
CU00320,Female,36-45,Regular,Gold,2025-10-17,Pune,V00320
CU00321,Male,46-60,Regular,Platinum,2023-04-03,Chennai,V00321
CU00322,Female,36-45,New,Platinum,2023-07-25,Bengaluru,V00322
CU00323,Female,18-25,New,Gold,2022-12-10,Delhi,V00323
CU00324,Female,18-25,Regular,Gold,2022-07-01,Mumbai,V00324
CU00325,Female,18-25,New,Gold,2025-11-25,Pune,V00325
CU00326,Male,26-35,Regular,None,2022-07-16,Kolkata,V00326
CU00327,Male,36-45,Regular,Silver,2024-02-21,Bengaluru,V00327
CU00328,Female,36-45,Regular,Platinum,2025-10-12,Jaipur,V00328
CU00329,Female,36-45,Regular,None,2023-03-01,Hyderabad,V00329
CU00330,Male,18-25,Regular,Platinum,2025-06-12,Kolkata,V00330
CU00331,Female,18-25,Regular,None,2022-03-16,Ahmedabad,V00331
CU00332,Female,26-35,New,Platinum,2022-12-03,Chennai,V00332
CU00333,Male,26-35,Regular,Gold,2022-11-11,Delhi,V00333
CU00334,Male,18-25,Regular,None,2025-08-23,Delhi,V00334
CU00335,Male,36-45,New,Silver,2025-01-28,Chennai,V00335
CU00336,Female,36-45,Regular,Silver,2023-02-08,Bengaluru,V00336
CU00337,Female,18-25,New,Platinum,2022-05-03,Bengaluru,V00337
CU00338,Female,46-60,Regular,Silver,2023-05-16,Kolkata,V00338
CU00339,Female,18-25,New,Silver,2022-03-16,Mumbai,V00339
CU00340,Male,36-45,New,None,2022-11-03,Jaipur,V00340
CU00341,Female,26-35,Regular,Gold,2022-09-03,Lucknow,V00341
CU00342,Female,26-35,Regular,Gold,2024-11-19,Kolkata,V00342
CU00343,Female,18-25,Regular,Platinum,2024-10-16,Hyderabad,V00343
CU00344,Female,36-45,New,Platinum,2023-05-25,Mumbai,V00344
CU00345,Female,26-35,Regular,None,2025-06-28,Bengaluru,V00345
CU00346,Female,46-60,Regular,None,2024-07-14,Jaipur,V00346
CU00347,Female,46-60,New,Silver,2023-01-04,Hyderabad,V00347
CU00348,Female,18-25,New,None,2023-04-18,Jaipur,V00348
CU00349,Female,36-45,New,Silver,2024-05-24,Mumbai,V00349
CU00350,Male,26-35,New,Silver,2023-01-17,Mumbai,V00350
CU00351,Male,36-45,New,Silver,2022-07-18,Pune,V00351
CU00352,Male,46-60,New,Gold,2025-03-03,Lucknow,V00352
CU00353,Female,26-35,New,Silver,2025-10-12,Hyderabad,V00353
CU00354,Male,18-25,New,None,2024-12-04,Kolkata,V00354
CU00355,Female,18-25,Regular,None,2022-04-17,Kolkata,V00355
CU00356,Male,26-35,Regular,Silver,2025-01-04,Ahmedabad,V00356
CU00357,Female,26-35,New,Platinum,2025-01-21,Pune,V00357
CU00358,Male,26-35,Regular,Silver,2024-01-16,Pune,V00358
CU00359,Male,26-35,Regular,Gold,2022-06-24,Mumbai,V00359
CU00360,Female,36-45,New,None,2023-05-26,Kolkata,V00360
CU00361,Female,18-25,Regular,None,2022-09-28,Lucknow,V00361
CU00362,Male,18-25,New,Gold,2023-11-02,Chennai,V00362
CU00363,Female,26-35,New,None,2022-10-21,Bengaluru,V00363
CU00364,Female,36-45,New,Gold,2023-09-18,Hyderabad,V00364
CU00365,Male,26-35,Regular,Platinum,2023-06-06,Mumbai,V00365
CU00366,Male,36-45,New,Gold,2023-06-17,Jaipur,V00366
CU00367,Male,46-60,New,Gold,2024-05-27,Pune,V00367
CU00368,Male,36-45,Regular,Gold,2024-10-13,Delhi,V00368
CU00369,Male,46-60,New,Platinum,2025-03-26,Hyderabad,V00369
CU00370,Female,36-45,Regular,Platinum,2024-03-24,Bengaluru,V00370
CU00371,Male,46-60,Regular,None,2024-06-13,Lucknow,V00371
CU00372,Male,26-35,New,Platinum,2023-06-09,Jaipur,V00372
CU00373,Female,46-60,Regular,Platinum,2022-02-07,Lucknow,V00373
CU00374,Male,26-35,Regular,Gold,2023-01-15,Kolkata,V00374
CU00375,Female,36-45,Regular,Platinum,2022-09-09,Mumbai,V00375
CU00376,Female,46-60,New,Silver,2025-08-13,Hyderabad,V00376
CU00377,Female,46-60,Regular,Platinum,2025-02-10,Hyderabad,V00377
CU00378,Female,18-25,Regular,None,2025-09-26,Kolkata,V00378
CU00379,Male,18-25,Regular,Platinum,2024-05-28,Mumbai,V00379
CU00380,Female,18-25,Regular,None,2024-09-26,Mumbai,V00380
CU00381,Male,46-60,Regular,None,2022-11-19,Ahmedabad,V00381
CU00382,Male,18-25,New,Gold,2023-06-21,Hyderabad,V00382
CU00383,Female,18-25,Regular,Gold,2024-02-08,Chennai,V00383
CU00384,Female,18-25,New,Silver,2024-03-25,Hyderabad,V00384
CU00385,Male,26-35,Regular,None,2022-12-18,Jaipur,V00385
CU00386,Female,18-25,New,Silver,2023-09-07,Bengaluru,V00386
CU00387,Male,36-45,New,Gold,2022-04-19,Kolkata,V00387
CU00388,Female,36-45,New,Silver,2024-06-06,Pune,V00388
CU00389,Male,18-25,Regular,Platinum,2025-02-05,Chennai,V00389
CU00390,Male,36-45,New,Silver,2025-12-24,Chennai,V00390
CU00391,Male,26-35,New,None,2025-07-01,Jaipur,V00391
CU00392,Female,26-35,Regular,None,2023-07-11,Jaipur,V00392
CU00393,Male,46-60,Regular,Platinum,2024-12-04,Bengaluru,V00393
CU00394,Male,18-25,Regular,None,2025-02-04,Pune,V00394
CU00395,Male,26-35,New,Gold,2023-03-05,Bengaluru,V00395
CU00396,Male,46-60,Regular,Gold,2022-06-22,Jaipur,V00396
CU00397,Female,46-60,New,Gold,2023-05-09,Ahmedabad,V00397
CU00398,Male,46-60,Regular,Silver,2025-05-16,Pune,V00398
CU00399,Male,26-35,New,Silver,2025-11-05,Jaipur,V00399
CU00400,Male,46-60,New,None,2024-07-01,Lucknow,V00400
CU00401,Male,46-60,Regular,Gold,2023-04-27,Delhi,V00401
CU00402,Female,46-60,Regular,Gold,2022-06-21,Kolkata,V00402
CU00403,Male,26-35,New,None,2025-04-01,Hyderabad,V00403
CU00404,Female,18-25,Regular,Platinum,2022-03-03,Delhi,V00404
CU00405,Male,46-60,Regular,Silver,2022-06-28,Ahmedabad,V00405
CU00406,Male,36-45,New,None,2023-01-10,Kolkata,V00406
CU00407,Female,36-45,Regular,Platinum,2024-11-16,Pune,V00407
CU00408,Female,26-35,New,Gold,2023-08-01,Delhi,V00408
CU00409,Male,46-60,Regular,None,2023-12-09,Kolkata,V00409
CU00410,Female,46-60,New,Silver,2023-08-17,Ahmedabad,V00410
CU00411,Male,46-60,Regular,Gold,2023-12-05,Delhi,V00411
CU00412,Male,26-35,New,Silver,2025-10-23,Mumbai,V00412
CU00413,Female,18-25,New,Platinum,2022-09-06,Ahmedabad,V00413
CU00414,Male,18-25,Regular,None,2023-05-28,Bengaluru,V00414
CU00415,Female,26-35,New,None,2022-12-08,Chennai,V00415
CU00416,Female,46-60,Regular,Gold,2025-09-12,Ahmedabad,V00416
CU00417,Female,26-35,Regular,Silver,2024-07-27,Kolkata,V00417
CU00418,Female,26-35,New,None,2024-04-21,Ahmedabad,V00418
CU00419,Male,36-45,New,Gold,2022-02-26,Ahmedabad,V00419
CU00420,Male,18-25,New,Platinum,2022-02-22,Jaipur,V00420
CU00421,Male,46-60,New,None,2023-04-07,Hyderabad,V00421
CU00422,Female,26-35,New,Silver,2024-06-16,Lucknow,V00422
CU00423,Female,36-45,Regular,Platinum,2025-06-20,Lucknow,V00423
CU00424,Male,46-60,Regular,None,2024-09-01,Ahmedabad,V00424
CU00425,Female,18-25,Regular,Silver,2025-11-02,Hyderabad,V00425
CU00426,Female,36-45,Regular,Gold,2023-07-14,Chennai,V00426
CU00427,Male,26-35,New,None,2023-09-08,Jaipur,V00427
CU00428,Male,18-25,Regular,Silver,2022-10-08,Mumbai,V00428
CU00429,Male,46-60,New,None,2025-01-01,Hyderabad,V00429
CU00430,Male,36-45,Regular,Platinum,2023-05-02,Hyderabad,V00430
CU00431,Female,26-35,New,Platinum,2024-03-07,Pune,V00431
CU00432,Male,18-25,Regular,Gold,2022-11-01,Chennai,V00432
CU00433,Male,18-25,Regular,Silver,2024-01-06,Ahmedabad,V00433
CU00434,Female,46-60,Regular,None,2022-10-15,Mumbai,V00434
CU00435,Male,18-25,New,Silver,2023-09-17,Mumbai,V00435
CU00436,Female,36-45,New,Platinum,2023-06-24,Ahmedabad,V00436
CU00437,Female,18-25,New,Gold,2023-02-03,Hyderabad,V00437
CU00438,Female,36-45,New,Platinum,2025-09-18,Delhi,V00438
CU00439,Male,26-35,New,Gold,2023-11-26,Jaipur,V00439
CU00440,Female,46-60,Regular,Platinum,2023-08-01,Ahmedabad,V00440
CU00441,Male,26-35,Regular,Silver,2025-09-25,Kolkata,V00441
CU00442,Female,36-45,New,Gold,2022-07-10,Lucknow,V00442
CU00443,Female,36-45,Regular,Gold,2025-09-26,Jaipur,V00443
CU00444,Female,18-25,New,Silver,2025-12-06,Kolkata,V00444
CU00445,Female,36-45,New,Gold,2024-03-23,Bengaluru,V00445
CU00446,Female,18-25,New,Silver,2025-05-15,Ahmedabad,V00446
CU00447,Female,36-45,Regular,Gold,2022-05-10,Hyderabad,V00447
CU00448,Male,26-35,New,Silver,2022-06-17,Pune,V00448
CU00449,Female,26-35,Regular,Silver,2025-02-09,Chennai,V00449
CU00450,Male,46-60,New,Silver,2023-06-08,Jaipur,V00450
CU00451,Female,26-35,New,Gold,2022-01-13,Delhi,V00451
CU00452,Female,46-60,Regular,Gold,2022-08-11,Delhi,V00452
CU00453,Male,18-25,Regular,None,2023-08-04,Hyderabad,V00453
CU00454,Female,36-45,Regular,Silver,2023-01-18,Kolkata,V00454
CU00455,Female,46-60,Regular,Silver,2022-06-25,Mumbai,V00455
CU00456,Male,18-25,Regular,None,2025-09-25,Jaipur,V00456
CU00457,Male,46-60,Regular,Gold,2025-05-28,Chennai,V00457
CU00458,Male,36-45,New,Gold,2023-08-09,Pune,V00458
CU00459,Female,46-60,New,None,2024-03-15,Ahmedabad,V00459
CU00460,Male,18-25,Regular,Gold,2024-05-12,Chennai,V00460
CU00461,Female,46-60,New,Gold,2022-01-24,Pune,V00461
CU00462,Male,18-25,Regular,Silver,2022-02-03,Mumbai,V00462
CU00463,Male,36-45,Regular,Platinum,2023-01-22,Chennai,V00463
CU00464,Female,18-25,Regular,Platinum,2024-02-19,Lucknow,V00464
CU00465,Male,36-45,Regular,Gold,2022-04-16,Ahmedabad,V00465
CU00466,Male,26-35,New,None,2022-08-27,Hyderabad,V00466
CU00467,Female,46-60,New,Silver,2022-11-18,Bengaluru,V00467
CU00468,Female,18-25,New,Gold,2023-09-08,Kolkata,V00468
CU00469,Female,46-60,New,None,2022-10-12,Jaipur,V00469
CU00470,Female,36-45,New,None,2022-05-09,Bengaluru,V00470
CU00471,Female,36-45,New,None,2024-01-13,Delhi,V00471
CU00472,Female,46-60,New,Platinum,2023-03-06,Bengaluru,V00472
CU00473,Male,36-45,New,Silver,2022-01-21,Lucknow,V00473
CU00474,Male,46-60,Regular,None,2025-10-10,Kolkata,V00474
CU00475,Male,46-60,New,Platinum,2024-02-13,Hyderabad,V00475
CU00476,Female,26-35,Regular,None,2024-05-26,Pune,V00476
CU00477,Male,46-60,New,Silver,2025-01-05,Lucknow,V00477
CU00478,Male,46-60,Regular,Silver,2025-02-02,Ahmedabad,V00478
CU00479,Male,36-45,New,Platinum,2022-04-18,Ahmedabad,V00479
CU00480,Female,46-60,New,Silver,2023-11-21,Kolkata,V00480
CU00481,Male,26-35,Regular,Silver,2024-01-12,Chennai,V00481
CU00482,Male,26-35,Regular,Platinum,2023-09-22,Ahmedabad,V00482
CU00483,Male,36-45,Regular,Gold,2024-10-16,Kolkata,V00483
CU00484,Female,18-25,Regular,Silver,2025-11-10,Ahmedabad,V00484
CU00485,Female,36-45,Regular,None,2025-12-12,Chennai,V00485
CU00486,Female,36-45,Regular,Platinum,2023-10-07,Chennai,V00486
CU00487,Male,26-35,New,Silver,2022-06-26,Delhi,V00487
CU00488,Female,26-35,Regular,None,2023-02-15,Chennai,V00488
CU00489,Male,46-60,New,Silver,2025-11-24,Lucknow,V00489
CU00490,Male,46-60,New,None,2024-03-13,Jaipur,V00490
CU00491,Male,46-60,Regular,None,2024-07-14,Bengaluru,V00491
CU00492,Female,46-60,Regular,Silver,2024-07-04,Lucknow,V00492
CU00493,Male,18-25,Regular,Silver,2023-06-04,Hyderabad,V00493
CU00494,Male,18-25,Regular,Platinum,2023-05-03,Delhi,V00494
CU00495,Female,36-45,New,Gold,2024-08-08,Jaipur,V00495
CU00496,Female,18-25,New,None,2024-04-08,Kolkata,V00496
CU00497,Male,26-35,Regular,None,2025-02-14,Ahmedabad,V00497
CU00498,Female,46-60,New,Platinum,2023-08-09,Mumbai,V00498
CU00499,Male,26-35,Regular,None,2022-03-26,Lucknow,V00499
CU00500,Male,36-45,New,Platinum,2023-08-21,Delhi,V00500
CU00501,Female,36-45,New,Silver,2023-03-12,Bengaluru,V00501
CU00502,Male,36-45,New,Silver,2024-08-14,Chennai,V00502
CU00503,Male,26-35,Regular,None,2022-09-08,Ahmedabad,V00503
CU00504,Male,18-25,New,Silver,2023-02-27,Bengaluru,V00504
CU00505,Female,18-25,Regular,None,2024-07-28,Lucknow,V00505
CU00506,Female,18-25,Regular,None,2023-09-04,Hyderabad,V00506
CU00507,Male,36-45,New,None,2024-07-27,Hyderabad,V00507
CU00508,Female,18-25,New,None,2023-02-13,Delhi,V00508
CU00509,Female,36-45,New,Gold,2023-12-25,Delhi,V00509
CU00510,Female,36-45,Regular,Gold,2025-06-16,Bengaluru,V00510
CU00511,Female,46-60,Regular,Platinum,2025-06-15,Jaipur,V00511
CU00512,Female,18-25,New,Platinum,2022-01-17,Chennai,V00512
CU00513,Male,18-25,Regular,Gold,2023-02-01,Jaipur,V00513
CU00514,Female,36-45,New,Silver,2023-05-16,Bengaluru,V00514
CU00515,Female,26-35,New,Platinum,2025-04-20,Pune,V00515
CU00516,Male,46-60,Regular,Gold,2024-07-04,Kolkata,V00516
CU00517,Female,46-60,New,Gold,2025-03-10,Kolkata,V00517
CU00518,Female,36-45,Regular,Silver,2025-03-09,Bengaluru,V00518
CU00519,Female,26-35,New,Silver,2024-06-26,Kolkata,V00519
CU00520,Female,18-25,New,Silver,2024-04-17,Bengaluru,V00520
CU00521,Female,18-25,Regular,Platinum,2023-02-11,Pune,V00521
CU00522,Male,46-60,New,Silver,2024-08-03,Hyderabad,V00522
CU00523,Male,26-35,Regular,Silver,2023-07-05,Hyderabad,V00523
CU00524,Female,46-60,New,Gold,2024-06-05,Chennai,V00524
CU00525,Female,46-60,Regular,None,2025-02-17,Jaipur,V00525
CU00526,Male,36-45,Regular,Silver,2023-08-06,Delhi,V00526
CU00527,Male,36-45,Regular,None,2024-03-20,Hyderabad,V00527
CU00528,Male,26-35,Regular,Gold,2024-07-16,Delhi,V00528
CU00529,Female,26-35,New,Silver,2022-02-26,Lucknow,V00529
CU00530,Female,26-35,Regular,Silver,2023-03-13,Pune,V00530
CU00531,Male,18-25,New,None,2023-07-19,Mumbai,V00531
CU00532,Female,26-35,New,Gold,2025-08-21,Lucknow,V00532
CU00533,Male,36-45,Regular,Platinum,2024-01-07,Hyderabad,V00533
CU00534,Female,46-60,New,Gold,2022-07-21,Ahmedabad,V00534
CU00535,Male,26-35,Regular,None,2022-11-19,Jaipur,V00535
CU00536,Female,36-45,New,Silver,2025-02-20,Mumbai,V00536
CU00537,Female,26-35,New,Platinum,2022-02-15,Hyderabad,V00537
CU00538,Male,18-25,Regular,None,2024-05-23,Kolkata,V00538
CU00539,Female,36-45,Regular,None,2022-09-02,Mumbai,V00539
CU00540,Female,18-25,New,Silver,2022-01-24,Kolkata,V00540
CU00541,Male,18-25,New,Platinum,2022-06-06,Pune,V00541
CU00542,Female,18-25,New,Platinum,2022-07-14,Ahmedabad,V00542
CU00543,Female,46-60,Regular,Platinum,2023-10-14,Pune,V00543
CU00544,Female,18-25,Regular,None,2025-11-13,Bengaluru,V00544
CU00545,Male,36-45,Regular,Platinum,2022-01-17,Bengaluru,V00545
CU00546,Male,26-35,Regular,Gold,2023-10-01,Kolkata,V00546
CU00547,Male,46-60,New,None,2023-05-20,Pune,V00547
CU00548,Male,36-45,Regular,Silver,2024-11-22,Lucknow,V00548
CU00549,Female,46-60,New,Gold,2024-07-20,Mumbai,V00549
CU00550,Female,36-45,Regular,Gold,2023-09-13,Jaipur,V00550
CU00551,Female,46-60,Regular,Gold,2022-06-01,Delhi,V00551
CU00552,Male,18-25,New,Gold,2025-09-14,Lucknow,V00552
CU00553,Female,26-35,New,Silver,2025-03-27,Lucknow,V00553
CU00554,Male,36-45,New,Silver,2022-05-12,Chennai,V00554
CU00555,Male,36-45,Regular,Gold,2022-04-14,Bengaluru,V00555
CU00556,Male,26-35,New,None,2022-09-26,Delhi,V00556
CU00557,Female,36-45,New,Platinum,2025-09-10,Bengaluru,V00557
CU00558,Female,46-60,Regular,Platinum,2022-10-07,Chennai,V00558
CU00559,Female,26-35,Regular,Platinum,2022-03-20,Ahmedabad,V00559
CU00560,Male,26-35,New,Silver,2024-12-09,Chennai,V00560
CU00561,Male,18-25,Regular,Gold,2023-03-03,Chennai,V00561
CU00562,Male,18-25,Regular,Platinum,2025-06-26,Chennai,V00562
CU00563,Female,36-45,Regular,None,2025-10-04,Bengaluru,V00563
CU00564,Female,36-45,Regular,None,2022-06-26,Pune,V00564
CU00565,Female,18-25,Regular,Silver,2023-05-17,Lucknow,V00565
CU00566,Male,26-35,New,Gold,2023-01-05,Jaipur,V00566
CU00567,Female,36-45,Regular,None,2022-05-24,Chennai,V00567
CU00568,Female,26-35,New,None,2022-12-23,Lucknow,V00568
CU00569,Female,26-35,Regular,Platinum,2022-05-09,Jaipur,V00569
CU00570,Male,46-60,New,Gold,2022-04-19,Chennai,V00570
CU00571,Male,18-25,Regular,Gold,2024-09-28,Lucknow,V00571
CU00572,Male,46-60,Regular,None,2025-06-28,Ahmedabad,V00572
CU00573,Female,36-45,New,Silver,2024-09-24,Mumbai,V00573
CU00574,Male,36-45,New,Platinum,2023-09-07,Chennai,V00574
CU00575,Male,36-45,New,None,2024-05-26,Kolkata,V00575
CU00576,Female,46-60,New,Silver,2025-05-16,Jaipur,V00576
CU00577,Male,36-45,New,Gold,2022-05-08,Hyderabad,V00577
CU00578,Female,26-35,New,Platinum,2022-01-06,Jaipur,V00578
CU00579,Male,26-35,Regular,Platinum,2022-12-15,Ahmedabad,V00579
CU00580,Male,46-60,Regular,Silver,2023-06-15,Bengaluru,V00580
CU00581,Female,46-60,New,Gold,2024-06-25,Jaipur,V00581
CU00582,Female,46-60,New,Gold,2025-09-05,Bengaluru,V00582
CU00583,Male,26-35,New,Platinum,2025-09-03,Mumbai,V00583
CU00584,Male,46-60,Regular,Platinum,2023-02-24,Delhi,V00584
CU00585,Male,18-25,Regular,Platinum,2022-07-05,Delhi,V00585
CU00586,Male,36-45,New,Platinum,2024-02-22,Chennai,V00586
CU00587,Female,36-45,New,Platinum,2022-12-10,Delhi,V00587
CU00588,Male,36-45,New,None,2022-11-28,Kolkata,V00588
CU00589,Male,36-45,New,Gold,2025-03-24,Bengaluru,V00589
CU00590,Female,18-25,New,Platinum,2022-04-26,Hyderabad,V00590
CU00591,Female,46-60,Regular,Silver,2023-02-19,Jaipur,V00591
CU00592,Female,36-45,Regular,Silver,2024-12-02,Jaipur,V00592
CU00593,Female,46-60,Regular,None,2025-07-11,Jaipur,V00593
CU00594,Male,46-60,Regular,Silver,2022-05-17,Pune,V00594
CU00595,Female,36-45,Regular,Gold,2022-05-14,Pune,V00595
CU00596,Female,18-25,Regular,Silver,2024-06-17,Delhi,V00596
CU00597,Male,46-60,Regular,Silver,2022-11-10,Chennai,V00597
CU00598,Female,26-35,Regular,Gold,2022-04-18,Lucknow,V00598
CU00599,Male,26-35,Regular,Platinum,2025-11-17,Bengaluru,V00599
CU00600,Male,46-60,New,Silver,2022-07-20,Jaipur,V00600
CU00601,Male,36-45,New,Gold,2025-06-17,Kolkata,V00601
CU00602,Female,18-25,New,Gold,2022-06-04,Kolkata,V00602
CU00603,Female,36-45,New,Platinum,2022-09-28,Chennai,V00603
CU00604,Female,36-45,New,None,2025-10-17,Ahmedabad,V00604
CU00605,Male,36-45,New,Silver,2025-09-02,Mumbai,V00605
CU00606,Male,36-45,Regular,Platinum,2025-03-22,Kolkata,V00606
CU00607,Female,36-45,Regular,Platinum,2024-06-26,Bengaluru,V00607
CU00608,Female,46-60,Regular,None,2024-05-28,Mumbai,V00608
CU00609,Female,18-25,New,Silver,2024-07-03,Mumbai,V00609
CU00610,Female,18-25,Regular,Silver,2025-01-11,Jaipur,V00610
CU00611,Female,36-45,New,Silver,2024-08-03,Lucknow,V00611
CU00612,Male,46-60,New,None,2025-12-03,Ahmedabad,V00612
CU00613,Female,36-45,New,Gold,2023-05-06,Ahmedabad,V00613
CU00614,Male,26-35,Regular,Platinum,2025-03-07,Hyderabad,V00614
CU00615,Male,18-25,Regular,Silver,2022-02-23,Kolkata,V00615
CU00616,Female,26-35,New,None,2025-04-16,Ahmedabad,V00616
CU00617,Male,18-25,New,Silver,2025-10-27,Lucknow,V00617
CU00618,Male,36-45,Regular,Platinum,2022-04-10,Bengaluru,V00618
CU00619,Male,46-60,New,None,2022-08-26,Mumbai,V00619
CU00620,Female,46-60,New,Gold,2022-11-09,Pune,V00620
CU00621,Male,36-45,Regular,Gold,2025-10-06,Lucknow,V00621
CU00622,Female,26-35,Regular,Silver,2022-07-13,Lucknow,V00622
CU00623,Female,26-35,Regular,Platinum,2024-10-08,Chennai,V00623
CU00624,Male,26-35,New,Gold,2025-01-22,Chennai,V00624
CU00625,Female,46-60,New,Gold,2025-05-15,Pune,V00625
CU00626,Female,26-35,Regular,Platinum,2022-10-14,Ahmedabad,V00626
CU00627,Male,26-35,Regular,Silver,2022-03-05,Delhi,V00627
CU00628,Female,26-35,New,Platinum,2025-08-21,Jaipur,V00628
CU00629,Male,18-25,Regular,None,2025-12-24,Pune,V00629
CU00630,Male,46-60,Regular,Gold,2025-07-26,Bengaluru,V00630
CU00631,Female,46-60,New,Platinum,2022-09-06,Mumbai,V00631
CU00632,Male,46-60,Regular,Silver,2025-05-07,Ahmedabad,V00632
CU00633,Male,26-35,New,Gold,2024-02-19,Lucknow,V00633
CU00634,Male,18-25,New,None,2024-03-22,Jaipur,V00634
CU00635,Male,26-35,Regular,Gold,2024-06-04,Kolkata,V00635
CU00636,Female,18-25,Regular,Silver,2025-01-27,Kolkata,V00636
CU00637,Female,18-25,New,Silver,2024-11-21,Pune,V00637
CU00638,Male,36-45,Regular,Platinum,2024-11-18,Lucknow,V00638
CU00639,Female,46-60,New,Gold,2025-11-15,Lucknow,V00639
CU00640,Female,18-25,New,Silver,2023-02-16,Delhi,V00640
CU00641,Female,26-35,New,None,2025-11-02,Delhi,V00641
CU00642,Male,18-25,New,Silver,2023-07-24,Pune,V00642
CU00643,Male,18-25,New,Silver,2023-06-19,Delhi,V00643
CU00644,Male,26-35,New,None,2025-03-10,Pune,V00644
CU00645,Female,26-35,Regular,Gold,2023-10-11,Delhi,V00645
CU00646,Male,36-45,New,Platinum,2025-05-25,Delhi,V00646
CU00647,Male,36-45,Regular,Platinum,2024-01-16,Hyderabad,V00647
CU00648,Female,26-35,Regular,Platinum,2025-11-16,Bengaluru,V00648
CU00649,Female,46-60,New,Gold,2023-12-18,Chennai,V00649
CU00650,Female,26-35,New,Silver,2025-10-26,Chennai,V00650
CU00651,Female,26-35,New,Gold,2023-08-28,Lucknow,V00651
CU00652,Female,26-35,Regular,Gold,2024-10-24,Ahmedabad,V00652
CU00653,Female,26-35,New,Gold,2022-06-05,Ahmedabad,V00653
CU00654,Male,46-60,Regular,None,2023-06-26,Mumbai,V00654
CU00655,Female,26-35,Regular,Platinum,2025-07-07,Chennai,V00655
CU00656,Female,46-60,New,None,2025-11-27,Chennai,V00656
CU00657,Female,46-60,New,None,2023-08-03,Ahmedabad,V00657
CU00658,Male,46-60,New,None,2023-02-27,Chennai,V00658
CU00659,Female,36-45,Regular,Gold,2022-02-18,Pune,V00659
CU00660,Male,46-60,Regular,Gold,2025-06-17,Kolkata,V00660
CU00661,Male,46-60,New,Platinum,2025-06-14,Jaipur,V00661
CU00662,Male,26-35,Regular,None,2024-10-18,Pune,V00662
CU00663,Female,18-25,Regular,Gold,2024-03-14,Delhi,V00663
CU00664,Male,36-45,New,None,2024-09-05,Jaipur,V00664
CU00665,Male,26-35,Regular,Gold,2025-12-25,Jaipur,V00665
CU00666,Female,26-35,New,None,2022-12-06,Jaipur,V00666
CU00667,Male,46-60,New,None,2024-01-10,Delhi,V00667
CU00668,Male,18-25,Regular,Silver,2022-07-10,Pune,V00668
CU00669,Female,36-45,Regular,Gold,2023-06-06,Jaipur,V00669
CU00670,Female,18-25,Regular,Platinum,2022-05-20,Hyderabad,V00670
CU00671,Male,36-45,Regular,Platinum,2024-02-03,Lucknow,V00671
CU00672,Male,46-60,Regular,None,2024-08-24,Ahmedabad,V00672
CU00673,Male,26-35,New,Gold,2024-01-23,Mumbai,V00673
CU00674,Male,26-35,Regular,None,2024-08-03,Delhi,V00674
CU00675,Female,46-60,New,Silver,2024-05-25,Hyderabad,V00675
CU00676,Female,26-35,Regular,Gold,2024-11-26,Delhi,V00676
CU00677,Female,26-35,Regular,Platinum,2022-10-09,Hyderabad,V00677
CU00678,Female,46-60,New,Platinum,2022-07-16,Kolkata,V00678
CU00679,Male,18-25,Regular,Silver,2023-01-05,Bengaluru,V00679
CU00680,Female,36-45,New,None,2022-04-22,Mumbai,V00680
CU00681,Female,18-25,New,Silver,2025-05-11,Chennai,V00681
CU00682,Male,36-45,New,Gold,2025-01-07,Delhi,V00682
CU00683,Male,18-25,Regular,None,2023-03-25,Chennai,V00683
CU00684,Male,46-60,New,None,2023-10-15,Mumbai,V00684
CU00685,Female,26-35,New,Silver,2024-02-14,Mumbai,V00685
CU00686,Female,36-45,Regular,Silver,2025-09-18,Pune,V00686
CU00687,Female,46-60,Regular,Gold,2023-04-09,Chennai,V00687
CU00688,Male,18-25,Regular,Platinum,2023-07-09,Hyderabad,V00688
CU00689,Female,36-45,New,Platinum,2023-11-08,Jaipur,V00689
CU00690,Male,46-60,Regular,None,2023-05-05,Mumbai,V00690
CU00691,Male,26-35,Regular,Platinum,2025-05-12,Jaipur,V00691
CU00692,Female,36-45,Regular,Platinum,2025-01-14,Jaipur,V00692
CU00693,Male,36-45,New,Silver,2022-12-05,Pune,V00693
CU00694,Female,36-45,Regular,Platinum,2022-11-16,Lucknow,V00694
CU00695,Male,26-35,Regular,Gold,2022-08-16,Bengaluru,V00695
CU00696,Male,18-25,Regular,Silver,2024-01-04,Lucknow,V00696
CU00697,Female,26-35,Regular,None,2025-06-08,Chennai,V00697
CU00698,Male,46-60,New,Gold,2025-08-14,Bengaluru,V00698
CU00699,Female,46-60,New,Gold,2024-09-10,Lucknow,V00699
CU00700,Female,26-35,New,None,2024-11-03,Pune,V00700
CU00701,Female,26-35,Regular,Silver,2024-06-15,Bengaluru,V00701
CU00702,Female,36-45,New,None,2025-06-28,Chennai,V00702
CU00703,Male,18-25,Regular,Platinum,2024-08-19,Jaipur,V00703
CU00704,Male,18-25,New,Silver,2024-03-23,Chennai,V00704
CU00705,Male,36-45,New,Gold,2023-05-24,Jaipur,V00705
CU00706,Female,36-45,New,Silver,2024-12-18,Lucknow,V00706
CU00707,Male,36-45,Regular,Silver,2023-08-23,Delhi,V00707
CU00708,Male,26-35,Regular,Platinum,2025-02-07,Pune,V00708
CU00709,Male,36-45,New,Silver,2023-08-20,Chennai,V00709
CU00710,Male,26-35,New,Silver,2023-09-25,Pune,V00710
CU00711,Female,46-60,New,Silver,2023-05-26,Kolkata,V00711
CU00712,Male,26-35,New,Platinum,2022-10-14,Lucknow,V00712
CU00713,Male,36-45,New,None,2024-06-24,Hyderabad,V00713
CU00714,Male,26-35,New,Platinum,2025-04-16,Hyderabad,V00714
CU00715,Female,36-45,New,Gold,2023-01-03,Delhi,V00715
CU00716,Female,46-60,New,Silver,2022-02-25,Pune,V00716
CU00717,Female,46-60,New,None,2024-08-17,Pune,V00717
CU00718,Female,46-60,New,Platinum,2022-05-09,Delhi,V00718
CU00719,Female,18-25,Regular,Platinum,2023-08-10,Mumbai,V00719
CU00720,Female,26-35,New,Silver,2022-02-02,Bengaluru,V00720
CU00721,Male,26-35,Regular,Gold,2022-12-03,Pune,V00721
CU00722,Female,46-60,Regular,None,2023-02-21,Jaipur,V00722
CU00723,Female,46-60,New,Gold,2024-11-15,Mumbai,V00723
CU00724,Male,18-25,New,Gold,2022-04-20,Chennai,V00724
CU00725,Female,36-45,New,Gold,2022-09-20,Mumbai,V00725
CU00726,Female,18-25,Regular,Gold,2023-01-06,Ahmedabad,V00726
CU00727,Female,36-45,Regular,Silver,2024-08-24,Pune,V00727
CU00728,Female,36-45,New,Gold,2023-07-17,Hyderabad,V00728
CU00729,Male,36-45,New,Gold,2024-12-21,Bengaluru,V00729
CU00730,Female,18-25,New,Gold,2024-01-15,Kolkata,V00730
CU00731,Female,26-35,New,None,2024-02-10,Hyderabad,V00731
CU00732,Female,36-45,Regular,None,2025-11-22,Hyderabad,V00732
CU00733,Male,36-45,New,Gold,2023-01-17,Mumbai,V00733
CU00734,Female,18-25,New,Platinum,2024-09-23,Ahmedabad,V00734
CU00735,Female,36-45,Regular,Platinum,2022-06-13,Kolkata,V00735
CU00736,Male,36-45,Regular,Gold,2025-01-14,Lucknow,V00736
CU00737,Female,18-25,Regular,None,2023-01-15,Delhi,V00737
CU00738,Male,26-35,New,Platinum,2022-02-04,Jaipur,V00738
CU00739,Female,18-25,New,Platinum,2024-06-08,Lucknow,V00739
CU00740,Female,18-25,Regular,Platinum,2023-01-27,Mumbai,V00740
CU00741,Female,46-60,New,Platinum,2025-03-27,Lucknow,V00741
CU00742,Female,26-35,Regular,None,2022-10-18,Mumbai,V00742
CU00743,Female,18-25,Regular,None,2023-07-10,Lucknow,V00743
CU00744,Female,26-35,New,Gold,2025-09-10,Hyderabad,V00744
CU00745,Male,36-45,Regular,Silver,2024-06-25,Lucknow,V00745
CU00746,Female,46-60,Regular,Silver,2024-09-07,Pune,V00746
CU00747,Female,36-45,New,None,2024-02-09,Bengaluru,V00747
CU00748,Male,36-45,Regular,Gold,2025-10-21,Bengaluru,V00748
CU00749,Female,18-25,New,Silver,2024-04-25,Hyderabad,V00749
CU00750,Female,18-25,New,None,2022-12-28,Lucknow,V00750
CU00751,Male,46-60,New,Silver,2025-09-08,Lucknow,V00751
CU00752,Female,46-60,New,Gold,2022-12-26,Kolkata,V00752
CU00753,Male,46-60,Regular,Silver,2022-12-20,Hyderabad,V00753
CU00754,Female,18-25,New,None,2023-12-21,Chennai,V00754
CU00755,Female,18-25,New,None,2024-04-22,Bengaluru,V00755
CU00756,Male,46-60,Regular,Gold,2024-05-02,Mumbai,V00756
CU00757,Male,18-25,Regular,Silver,2022-12-07,Delhi,V00757
CU00758,Female,36-45,New,Platinum,2023-03-05,Bengaluru,V00758
CU00759,Male,26-35,New,Gold,2022-11-21,Lucknow,V00759
CU00760,Female,36-45,Regular,Platinum,2024-11-08,Bengaluru,V00760
CU00761,Male,18-25,Regular,Silver,2025-12-27,Chennai,V00761
CU00762,Female,46-60,New,Silver,2022-11-13,Delhi,V00762
CU00763,Male,36-45,Regular,Gold,2024-04-25,Mumbai,V00763
CU00764,Male,46-60,Regular,Gold,2022-04-27,Mumbai,V00764
CU00765,Female,26-35,Regular,None,2022-08-28,Kolkata,V00765
CU00766,Male,46-60,Regular,Silver,2022-06-14,Ahmedabad,V00766
CU00767,Male,18-25,New,Silver,2022-03-25,Jaipur,V00767
CU00768,Male,46-60,New,Silver,2024-02-28,Jaipur,V00768
CU00769,Female,36-45,New,Platinum,2022-09-12,Ahmedabad,V00769
CU00770,Male,36-45,Regular,Platinum,2024-06-19,Ahmedabad,V00770
CU00771,Male,26-35,Regular,None,2022-11-17,Lucknow,V00771
CU00772,Male,36-45,New,Gold,2022-05-20,Chennai,V00772
CU00773,Female,18-25,New,Silver,2022-05-22,Chennai,V00773
CU00774,Male,46-60,New,Platinum,2022-10-26,Pune,V00774
CU00775,Male,36-45,New,Platinum,2025-01-11,Mumbai,V00775
CU00776,Female,36-45,New,Platinum,2022-12-01,Chennai,V00776
CU00777,Female,26-35,Regular,None,2024-01-17,Pune,V00777
CU00778,Female,26-35,New,Platinum,2024-06-28,Lucknow,V00778
CU00779,Male,46-60,New,Gold,2024-01-07,Lucknow,V00779
CU00780,Male,36-45,New,Silver,2022-05-23,Hyderabad,V00780
CU00781,Female,26-35,Regular,Gold,2023-02-11,Chennai,V00781
CU00782,Female,18-25,New,None,2022-04-18,Bengaluru,V00782
CU00783,Female,46-60,New,Platinum,2022-09-23,Pune,V00783
CU00784,Female,46-60,New,None,2025-09-04,Mumbai,V00784
CU00785,Male,36-45,New,Gold,2022-01-23,Bengaluru,V00785
CU00786,Male,36-45,New,Silver,2025-04-12,Ahmedabad,V00786
CU00787,Male,46-60,Regular,None,2023-02-27,Lucknow,V00787
CU00788,Female,26-35,New,Platinum,2025-03-11,Ahmedabad,V00788
CU00789,Female,36-45,New,Platinum,2025-05-24,Chennai,V00789
CU00790,Female,26-35,Regular,Silver,2023-08-27,Pune,V00790
CU00791,Female,46-60,Regular,Gold,2024-02-21,Jaipur,V00791
CU00792,Female,18-25,New,Platinum,2023-09-03,Pune,V00792
CU00793,Female,36-45,New,Silver,2023-06-21,Chennai,V00793
CU00794,Male,26-35,Regular,Platinum,2023-12-02,Kolkata,V00794
CU00795,Female,36-45,Regular,Gold,2023-03-10,Chennai,V00795
CU00796,Male,46-60,Regular,Platinum,2023-08-05,Ahmedabad,V00796
CU00797,Female,46-60,Regular,Gold,2022-12-18,Ahmedabad,V00797
CU00798,Male,26-35,New,Gold,2024-01-08,Kolkata,V00798
CU00799,Male,46-60,New,Gold,2025-12-03,Lucknow,V00799
CU00800,Male,46-60,Regular,None,2022-10-13,Hyderabad,V00800
CU00801,Male,46-60,New,Silver,2022-08-10,Lucknow,V00801
CU00802,Male,26-35,Regular,None,2023-06-27,Hyderabad,V00802
CU00803,Male,36-45,Regular,Platinum,2023-12-13,Ahmedabad,V00803
CU00804,Male,36-45,Regular,None,2023-07-07,Chennai,V00804
CU00805,Male,36-45,Regular,Gold,2024-09-12,Ahmedabad,V00805
CU00806,Male,36-45,New,Silver,2025-04-15,Pune,V00806
CU00807,Female,36-45,Regular,Gold,2025-01-02,Jaipur,V00807
CU00808,Female,18-25,New,Platinum,2023-02-18,Hyderabad,V00808
CU00809,Female,26-35,New,None,2024-12-22,Delhi,V00809
CU00810,Female,18-25,New,Gold,2024-03-11,Kolkata,V00810
CU00811,Female,18-25,Regular,Silver,2022-08-08,Pune,V00811
CU00812,Male,46-60,New,Gold,2025-12-14,Lucknow,V00812
CU00813,Female,36-45,New,Silver,2022-01-13,Delhi,V00813
CU00814,Male,26-35,Regular,Platinum,2022-10-22,Kolkata,V00814
CU00815,Male,36-45,New,Silver,2024-05-13,Pune,V00815
CU00816,Male,46-60,Regular,Silver,2022-08-12,Lucknow,V00816
CU00817,Female,18-25,New,Gold,2024-01-06,Bengaluru,V00817
CU00818,Male,46-60,New,None,2025-12-27,Hyderabad,V00818
CU00819,Female,18-25,New,Silver,2025-07-22,Ahmedabad,V00819
CU00820,Male,18-25,New,Platinum,2022-05-07,Lucknow,V00820
CU00821,Female,26-35,Regular,Silver,2023-02-23,Lucknow,V00821
CU00822,Female,18-25,Regular,Platinum,2025-04-27,Jaipur,V00822
CU00823,Male,36-45,Regular,None,2022-05-15,Pune,V00823
CU00824,Female,26-35,Regular,Silver,2025-01-17,Kolkata,V00824
CU00825,Male,26-35,New,Gold,2023-02-22,Chennai,V00825
CU00826,Male,46-60,Regular,Platinum,2023-03-08,Hyderabad,V00826
CU00827,Female,26-35,Regular,Platinum,2022-11-03,Mumbai,V00827
CU00828,Female,26-35,Regular,None,2023-01-09,Pune,V00828
CU00829,Male,46-60,New,Gold,2024-02-18,Kolkata,V00829
CU00830,Male,18-25,Regular,Silver,2023-07-18,Mumbai,V00830
CU00831,Male,46-60,New,Silver,2024-10-27,Lucknow,V00831
CU00832,Female,26-35,Regular,Platinum,2025-07-11,Hyderabad,V00832
CU00833,Male,26-35,Regular,Platinum,2024-12-04,Delhi,V00833
CU00834,Female,18-25,Regular,Silver,2025-10-22,Delhi,V00834
CU00835,Male,36-45,Regular,Gold,2023-08-24,Mumbai,V00835
CU00836,Male,26-35,New,Gold,2025-07-02,Chennai,V00836
CU00837,Male,18-25,New,Silver,2023-03-18,Mumbai,V00837
CU00838,Male,26-35,New,Silver,2022-09-11,Ahmedabad,V00838
CU00839,Female,26-35,Regular,Silver,2022-03-26,Jaipur,V00839
CU00840,Female,18-25,New,Platinum,2022-09-14,Lucknow,V00840
CU00841,Female,46-60,Regular,Platinum,2025-08-22,Mumbai,V00841
CU00842,Female,18-25,Regular,None,2025-04-23,Pune,V00842
CU00843,Female,26-35,Regular,Silver,2025-03-01,Bengaluru,V00843
CU00844,Female,46-60,New,Platinum,2024-01-20,Pune,V00844
CU00845,Female,18-25,Regular,Silver,2024-03-15,Bengaluru,V00845
CU00846,Female,36-45,New,Silver,2022-07-20,Bengaluru,V00846
CU00847,Female,36-45,New,None,2025-02-25,Pune,V00847
CU00848,Female,36-45,New,None,2022-12-23,Lucknow,V00848
CU00849,Female,18-25,New,Silver,2022-05-03,Pune,V00849
CU00850,Male,46-60,New,Platinum,2022-08-19,Mumbai,V00850
CU00851,Female,36-45,New,Platinum,2025-06-13,Ahmedabad,V00851
CU00852,Male,36-45,New,Silver,2024-07-04,Mumbai,V00852
CU00853,Male,26-35,New,Gold,2022-11-21,Hyderabad,V00853
CU00854,Male,26-35,Regular,Gold,2024-08-10,Bengaluru,V00854
CU00855,Female,18-25,Regular,Gold,2023-07-03,Chennai,V00855
CU00856,Female,18-25,New,Platinum,2023-03-05,Lucknow,V00856
CU00857,Male,26-35,Regular,Platinum,2024-01-12,Mumbai,V00857
CU00858,Female,36-45,New,Silver,2023-09-04,Chennai,V00858
CU00859,Female,26-35,Regular,Silver,2024-12-26,Hyderabad,V00859
CU00860,Male,26-35,New,Gold,2022-07-09,Ahmedabad,V00860
CU00861,Female,26-35,Regular,Silver,2022-12-17,Mumbai,V00861
CU00862,Male,46-60,New,Silver,2022-07-01,Kolkata,V00862
CU00863,Male,36-45,New,Silver,2022-06-21,Hyderabad,V00863
CU00864,Female,26-35,New,Gold,2024-09-12,Hyderabad,V00864
CU00865,Male,18-25,Regular,Silver,2023-10-27,Pune,V00865
CU00866,Female,18-25,Regular,Silver,2025-12-12,Chennai,V00866
CU00867,Male,26-35,New,Platinum,2025-06-09,Jaipur,V00867
CU00868,Male,26-35,Regular,None,2024-10-19,Delhi,V00868
CU00869,Female,18-25,Regular,Gold,2022-07-09,Jaipur,V00869
CU00870,Female,46-60,Regular,Silver,2022-09-26,Ahmedabad,V00870
CU00871,Female,26-35,New,Silver,2023-05-10,Hyderabad,V00871
CU00872,Male,36-45,New,Gold,2024-09-15,Jaipur,V00872
CU00873,Female,46-60,Regular,Gold,2025-08-22,Kolkata,V00873
CU00874,Female,18-25,Regular,Platinum,2022-12-27,Lucknow,V00874
CU00875,Male,18-25,New,None,2025-02-09,Chennai,V00875
CU00876,Female,18-25,New,Gold,2024-06-01,Lucknow,V00876
CU00877,Male,46-60,Regular,None,2022-04-02,Chennai,V00877
CU00878,Male,46-60,Regular,None,2024-05-28,Jaipur,V00878
CU00879,Female,18-25,New,Gold,2025-08-06,Ahmedabad,V00879
CU00880,Male,46-60,New,Gold,2025-01-07,Jaipur,V00880
CU00881,Female,18-25,New,Gold,2022-07-26,Kolkata,V00881
CU00882,Female,46-60,New,None,2024-01-01,Bengaluru,V00882
CU00883,Female,46-60,New,Silver,2024-07-18,Bengaluru,V00883
CU00884,Male,46-60,Regular,Gold,2022-11-11,Jaipur,V00884
CU00885,Male,26-35,New,Gold,2022-06-21,Delhi,V00885
CU00886,Female,36-45,New,Gold,2023-06-22,Mumbai,V00886
CU00887,Male,46-60,New,Gold,2022-03-11,Jaipur,V00887
CU00888,Female,18-25,New,Platinum,2022-09-28,Kolkata,V00888
CU00889,Female,36-45,Regular,Platinum,2023-09-27,Chennai,V00889
CU00890,Female,18-25,New,Silver,2023-09-04,Bengaluru,V00890
CU00891,Female,46-60,Regular,Gold,2024-06-23,Pune,V00891
CU00892,Female,46-60,Regular,Platinum,2025-04-12,Delhi,V00892
CU00893,Male,18-25,New,Gold,2023-05-14,Mumbai,V00893
CU00894,Male,36-45,Regular,Silver,2022-09-21,Ahmedabad,V00894
CU00895,Male,36-45,Regular,Platinum,2022-08-03,Hyderabad,V00895
CU00896,Female,46-60,Regular,Silver,2023-09-20,Kolkata,V00896
CU00897,Female,18-25,Regular,Platinum,2022-05-17,Lucknow,V00897
CU00898,Male,18-25,Regular,None,2024-03-05,Delhi,V00898
CU00899,Female,26-35,New,None,2024-06-01,Bengaluru,V00899
CU00900,Female,26-35,New,Platinum,2022-05-03,Ahmedabad,V00900
CU00901,Female,46-60,Regular,Silver,2023-09-21,Bengaluru,V00901
CU00902,Male,18-25,Regular,Gold,2024-02-18,Chennai,V00902
CU00903,Male,18-25,New,Platinum,2022-11-27,Jaipur,V00903
CU00904,Female,36-45,New,None,2024-06-06,Pune,V00904
CU00905,Male,26-35,Regular,Platinum,2023-05-14,Bengaluru,V00905
CU00906,Male,26-35,New,Platinum,2023-08-28,Hyderabad,V00906
CU00907,Female,18-25,Regular,None,2024-12-15,Hyderabad,V00907
CU00908,Female,26-35,New,Silver,2025-08-12,Mumbai,V00908
CU00909,Male,36-45,Regular,None,2022-12-24,Bengaluru,V00909
CU00910,Female,36-45,Regular,Gold,2025-02-06,Ahmedabad,V00910
CU00911,Female,36-45,Regular,Silver,2025-06-21,Lucknow,V00911
CU00912,Male,46-60,Regular,None,2025-10-21,Ahmedabad,V00912
CU00913,Female,26-35,Regular,Gold,2024-10-19,Lucknow,V00913
CU00914,Female,36-45,New,Platinum,2025-08-06,Kolkata,V00914
CU00915,Female,46-60,New,Platinum,2025-11-15,Bengaluru,V00915
CU00916,Female,46-60,Regular,Platinum,2022-12-09,Chennai,V00916
CU00917,Female,26-35,Regular,Gold,2022-01-04,Bengaluru,V00917
CU00918,Female,26-35,New,Gold,2023-05-14,Kolkata,V00918
CU00919,Male,18-25,New,Silver,2024-11-19,Ahmedabad,V00919
CU00920,Male,46-60,Regular,Silver,2024-05-28,Mumbai,V00920
CU00921,Male,18-25,New,Gold,2022-02-04,Delhi,V00921
CU00922,Female,46-60,New,Platinum,2022-04-16,Mumbai,V00922
CU00923,Male,18-25,Regular,Silver,2025-03-17,Mumbai,V00923
CU00924,Male,36-45,New,Platinum,2023-10-25,Ahmedabad,V00924
CU00925,Male,46-60,Regular,Platinum,2022-03-21,Mumbai,V00925
CU00926,Male,36-45,New,Silver,2023-12-17,Delhi,V00926
CU00927,Female,26-35,New,Gold,2023-08-15,Kolkata,V00927
CU00928,Male,26-35,Regular,Silver,2025-04-17,Hyderabad,V00928
CU00929,Male,18-25,Regular,Silver,2025-05-21,Ahmedabad,V00929
CU00930,Female,18-25,Regular,Silver,2022-09-13,Chennai,V00930
CU00931,Male,36-45,New,Platinum,2022-09-03,Hyderabad,V00931
CU00932,Female,26-35,New,None,2023-12-01,Jaipur,V00932
CU00933,Male,46-60,Regular,None,2023-04-25,Ahmedabad,V00933
CU00934,Female,18-25,Regular,None,2022-06-04,Ahmedabad,V00934
CU00935,Male,36-45,New,None,2024-02-21,Bengaluru,V00935
CU00936,Female,46-60,Regular,Platinum,2022-08-21,Bengaluru,V00936
CU00937,Male,18-25,New,Platinum,2025-07-04,Ahmedabad,V00937
CU00938,Female,26-35,New,Silver,2024-12-26,Chennai,V00938
CU00939,Male,36-45,Regular,Platinum,2022-07-28,Jaipur,V00939
CU00940,Female,18-25,Regular,Gold,2022-08-03,Jaipur,V00940
CU00941,Male,36-45,Regular,Platinum,2022-08-16,Chennai,V00941
CU00942,Male,26-35,New,Silver,2023-12-05,Hyderabad,V00942
CU00943,Female,36-45,New,Silver,2023-04-11,Hyderabad,V00943
CU00944,Female,46-60,New,Platinum,2023-08-27,Pune,V00944
CU00945,Female,36-45,New,None,2025-01-08,Mumbai,V00945
CU00946,Female,36-45,Regular,Gold,2024-12-09,Lucknow,V00946
CU00947,Male,46-60,New,Silver,2024-10-02,Chennai,V00947
CU00948,Female,36-45,Regular,Platinum,2025-01-04,Pune,V00948
CU00949,Male,18-25,New,None,2022-03-28,Lucknow,V00949
CU00950,Male,26-35,Regular,Gold,2022-04-18,Ahmedabad,V00950
CU00951,Male,18-25,Regular,Gold,2022-09-05,Pune,V00951
CU00952,Male,36-45,New,Gold,2023-01-12,Bengaluru,V00952
CU00953,Female,46-60,New,None,2025-01-26,Pune,V00953
CU00954,Female,18-25,New,None,2022-09-06,Bengaluru,V00954
CU00955,Male,36-45,New,Platinum,2025-03-14,Chennai,V00955
CU00956,Male,36-45,New,None,2022-09-27,Lucknow,V00956
CU00957,Female,46-60,Regular,None,2022-08-21,Pune,V00957
CU00958,Female,36-45,Regular,None,2022-09-05,Jaipur,V00958
CU00959,Male,36-45,New,Platinum,2022-07-21,Bengaluru,V00959
CU00960,Male,18-25,Regular,Platinum,2022-03-13,Hyderabad,V00960
CU00961,Male,26-35,New,Platinum,2022-05-23,Mumbai,V00961
CU00962,Female,46-60,Regular,Platinum,2023-01-28,Pune,V00962
CU00963,Male,46-60,Regular,None,2025-03-05,Ahmedabad,V00963
CU00964,Female,26-35,New,Platinum,2022-05-18,Chennai,V00964
CU00965,Male,36-45,Regular,None,2024-12-27,Hyderabad,V00965
CU00966,Female,46-60,New,Platinum,2022-04-27,Kolkata,V00966
CU00967,Female,18-25,Regular,Platinum,2024-10-18,Hyderabad,V00967
CU00968,Male,26-35,New,Silver,2024-02-22,Jaipur,V00968
CU00969,Female,26-35,New,Silver,2022-09-25,Delhi,V00969
CU00970,Female,26-35,New,Silver,2022-01-23,Kolkata,V00970
CU00971,Male,46-60,New,Platinum,2024-03-23,Pune,V00971
CU00972,Male,46-60,New,None,2024-08-06,Bengaluru,V00972
CU00973,Male,46-60,Regular,Platinum,2023-05-06,Pune,V00973
CU00974,Female,36-45,New,None,2025-06-07,Ahmedabad,V00974
CU00975,Female,26-35,New,Platinum,2022-08-01,Pune,V00975
CU00976,Male,26-35,New,Silver,2023-08-07,Lucknow,V00976
CU00977,Male,26-35,Regular,Platinum,2024-02-22,Mumbai,V00977
CU00978,Male,26-35,Regular,Silver,2025-03-07,Kolkata,V00978
CU00979,Male,36-45,Regular,Platinum,2022-09-06,Kolkata,V00979
CU00980,Female,36-45,New,Gold,2024-08-26,Bengaluru,V00980
CU00981,Male,18-25,Regular,Platinum,2024-11-09,Kolkata,V00981
CU00982,Female,46-60,New,Silver,2023-02-04,Pune,V00982
CU00983,Male,46-60,Regular,Platinum,2024-02-14,Bengaluru,V00983
CU00984,Male,36-45,New,Silver,2023-11-19,Jaipur,V00984
CU00985,Female,26-35,Regular,Platinum,2022-09-22,Bengaluru,V00985
CU00986,Male,26-35,New,Platinum,2024-01-18,Hyderabad,V00986
CU00987,Male,18-25,Regular,Platinum,2022-04-19,Jaipur,V00987
CU00988,Male,36-45,Regular,Silver,2024-10-02,Hyderabad,V00988
CU00989,Male,46-60,New,Platinum,2025-08-12,Ahmedabad,V00989
CU00990,Male,18-25,Regular,Platinum,2024-07-08,Kolkata,V00990
CU00991,Male,46-60,New,None,2022-03-06,Pune,V00991
CU00992,Female,26-35,Regular,Silver,2023-06-08,Pune,V00992
CU00993,Male,36-45,Regular,Silver,2025-03-12,Bengaluru,V00993
CU00994,Male,36-45,New,Silver,2022-06-04,Bengaluru,V00994
CU00995,Male,46-60,New,Gold,2024-03-01,Pune,V00995
CU00996,Male,26-35,New,Platinum,2022-06-08,Bengaluru,V00996
CU00997,Female,26-35,New,Gold,2023-01-12,Bengaluru,V00997
CU00998,Male,36-45,Regular,None,2023-10-18,Jaipur,V00998
CU00999,Male,18-25,Regular,None,2024-06-12,Ahmedabad,V00999
CU01000,Male,46-60,Regular,None,2022-07-21,Kolkata,V01000
CU01001,Male,46-60,Regular,Gold,2022-08-12,Kolkata,V01001
CU01002,Male,46-60,New,None,2023-09-11,Kolkata,V01002
CU01003,Female,36-45,New,Platinum,2023-06-21,Mumbai,V01003
CU01004,Male,46-60,New,Gold,2023-07-28,Bengaluru,V01004
CU01005,Male,36-45,Regular,None,2025-05-05,Kolkata,V01005
CU01006,Male,18-25,Regular,None,2023-01-16,Mumbai,V01006
CU01007,Female,36-45,Regular,None,2025-02-25,Bengaluru,V01007
CU01008,Female,18-25,New,None,2025-08-15,Mumbai,V01008
CU01009,Female,26-35,New,Silver,2023-09-03,Hyderabad,V01009
CU01010,Female,18-25,Regular,None,2022-11-17,Jaipur,V01010
CU01011,Male,36-45,New,Platinum,2023-10-13,Pune,V01011
CU01012,Male,46-60,Regular,Silver,2024-12-03,Ahmedabad,V01012
CU01013,Male,26-35,Regular,None,2025-09-13,Mumbai,V01013
CU01014,Female,18-25,Regular,Gold,2023-05-10,Hyderabad,V01014
CU01015,Female,46-60,Regular,Gold,2024-10-19,Ahmedabad,V01015
CU01016,Female,46-60,New,None,2025-02-23,Jaipur,V01016
CU01017,Female,36-45,Regular,None,2024-02-01,Ahmedabad,V01017
CU01018,Male,26-35,Regular,Silver,2023-01-08,Kolkata,V01018
CU01019,Female,36-45,New,Silver,2022-07-23,Chennai,V01019
CU01020,Female,18-25,Regular,None,2022-05-22,Ahmedabad,V01020
CU01021,Male,36-45,Regular,None,2023-08-18,Chennai,V01021
CU01022,Male,46-60,New,None,2023-04-05,Kolkata,V01022
CU01023,Male,36-45,New,None,2023-09-12,Mumbai,V01023
CU01024,Female,46-60,Regular,Platinum,2025-10-22,Kolkata,V01024
CU01025,Female,46-60,New,Platinum,2022-05-04,Lucknow,V01025
CU01026,Female,18-25,New,Gold,2022-01-17,Hyderabad,V01026
CU01027,Male,18-25,New,Silver,2025-02-08,Chennai,V01027
CU01028,Male,26-35,New,Gold,2023-11-24,Chennai,V01028
CU01029,Female,36-45,New,Gold,2025-04-03,Lucknow,V01029
CU01030,Female,46-60,Regular,Gold,2022-07-17,Pune,V01030
CU01031,Female,36-45,New,Gold,2025-05-08,Lucknow,V01031
CU01032,Female,46-60,Regular,None,2025-02-01,Bengaluru,V01032
CU01033,Female,26-35,Regular,None,2023-05-18,Lucknow,V01033
CU01034,Male,18-25,Regular,Gold,2024-03-19,Bengaluru,V01034
CU01035,Female,18-25,New,Platinum,2025-12-12,Pune,V01035
CU01036,Male,46-60,Regular,None,2024-05-16,Bengaluru,V01036
CU01037,Male,36-45,New,None,2025-04-08,Lucknow,V01037
CU01038,Female,36-45,Regular,Platinum,2023-12-11,Hyderabad,V01038
CU01039,Female,18-25,New,Gold,2022-11-15,Kolkata,V01039
CU01040,Female,46-60,Regular,Silver,2023-08-27,Kolkata,V01040
CU01041,Female,36-45,New,Platinum,2024-12-13,Lucknow,V01041
CU01042,Male,18-25,New,Gold,2022-09-28,Ahmedabad,V01042
CU01043,Male,36-45,New,Platinum,2023-10-17,Kolkata,V01043
CU01044,Female,36-45,New,Platinum,2022-12-01,Ahmedabad,V01044
CU01045,Female,46-60,New,Gold,2024-12-07,Kolkata,V01045
CU01046,Male,18-25,New,Platinum,2022-02-01,Bengaluru,V01046
CU01047,Male,18-25,New,Gold,2025-06-23,Jaipur,V01047
CU01048,Male,36-45,Regular,Gold,2023-06-03,Ahmedabad,V01048
CU01049,Male,18-25,New,Platinum,2025-11-17,Chennai,V01049
CU01050,Male,26-35,New,Platinum,2025-08-10,Delhi,V01050
CU01051,Female,26-35,New,Gold,2024-11-15,Kolkata,V01051
CU01052,Female,26-35,New,Silver,2024-10-05,Kolkata,V01052
CU01053,Female,26-35,Regular,Gold,2022-06-15,Pune,V01053
CU01054,Female,18-25,New,Silver,2025-02-02,Chennai,V01054
CU01055,Male,18-25,Regular,None,2022-12-25,Chennai,V01055
CU01056,Male,18-25,Regular,Silver,2022-11-03,Kolkata,V01056
CU01057,Female,46-60,New,Gold,2025-04-19,Pune,V01057
CU01058,Female,46-60,Regular,Gold,2025-10-24,Hyderabad,V01058
CU01059,Female,18-25,New,Silver,2025-03-01,Pune,V01059
CU01060,Male,26-35,New,Silver,2024-03-13,Jaipur,V01060
CU01061,Female,18-25,New,None,2024-03-03,Mumbai,V01061
CU01062,Male,18-25,Regular,Gold,2025-05-18,Kolkata,V01062
CU01063,Female,18-25,Regular,Platinum,2022-06-15,Delhi,V01063
CU01064,Female,26-35,New,None,2023-10-01,Kolkata,V01064
CU01065,Female,36-45,Regular,Silver,2022-09-02,Lucknow,V01065
CU01066,Male,18-25,New,Platinum,2023-06-08,Hyderabad,V01066
CU01067,Male,36-45,Regular,Gold,2023-03-05,Lucknow,V01067
CU01068,Female,46-60,New,Silver,2022-05-27,Mumbai,V01068
CU01069,Female,26-35,Regular,Platinum,2022-10-18,Pune,V01069
CU01070,Female,36-45,Regular,Gold,2022-07-04,Kolkata,V01070
CU01071,Male,18-25,Regular,Silver,2023-03-26,Hyderabad,V01071
CU01072,Male,46-60,New,Silver,2024-05-05,Jaipur,V01072
CU01073,Male,36-45,Regular,Platinum,2024-12-09,Mumbai,V01073
CU01074,Female,46-60,Regular,None,2022-07-19,Bengaluru,V01074
CU01075,Male,36-45,New,Gold,2022-03-23,Jaipur,V01075
CU01076,Female,18-25,New,Gold,2025-12-22,Kolkata,V01076
CU01077,Female,36-45,New,Gold,2022-02-24,Pune,V01077
CU01078,Male,36-45,New,None,2025-12-04,Hyderabad,V01078
CU01079,Male,36-45,New,Silver,2023-11-24,Pune,V01079
CU01080,Male,26-35,Regular,Gold,2023-02-16,Lucknow,V01080
CU01081,Female,46-60,New,Silver,2023-05-05,Delhi,V01081
CU01082,Female,46-60,Regular,None,2022-11-02,Kolkata,V01082
CU01083,Female,46-60,Regular,Platinum,2023-10-25,Jaipur,V01083
CU01084,Male,36-45,New,Silver,2024-07-23,Mumbai,V01084
CU01085,Male,18-25,Regular,Gold,2024-07-01,Jaipur,V01085
CU01086,Female,18-25,New,None,2022-09-11,Bengaluru,V01086
CU01087,Female,46-60,New,Silver,2023-09-21,Jaipur,V01087
CU01088,Male,36-45,New,Silver,2023-08-08,Lucknow,V01088
CU01089,Male,46-60,Regular,None,2024-11-06,Delhi,V01089
CU01090,Female,36-45,Regular,Silver,2024-12-16,Bengaluru,V01090
CU01091,Male,18-25,New,Platinum,2025-07-24,Bengaluru,V01091
CU01092,Female,26-35,Regular,Silver,2022-01-27,Lucknow,V01092
CU01093,Female,46-60,Regular,Silver,2025-01-11,Jaipur,V01093
CU01094,Male,46-60,New,None,2024-06-09,Delhi,V01094
CU01095,Male,18-25,New,Platinum,2025-02-22,Hyderabad,V01095
CU01096,Female,46-60,New,Silver,2022-08-17,Mumbai,V01096
CU01097,Female,26-35,New,Gold,2024-11-03,Jaipur,V01097
CU01098,Male,26-35,Regular,Gold,2023-03-19,Lucknow,V01098
CU01099,Female,26-35,New,None,2024-12-16,Delhi,V01099
CU01100,Female,46-60,New,Platinum,2025-02-27,Bengaluru,V01100
CU01101,Male,36-45,Regular,Gold,2025-03-28,Delhi,V01101
CU01102,Male,46-60,Regular,None,2022-07-23,Hyderabad,V01102
CU01103,Male,46-60,Regular,Gold,2023-12-04,Lucknow,V01103
CU01104,Female,26-35,Regular,None,2025-07-19,Delhi,V01104
CU01105,Male,36-45,New,None,2022-04-02,Kolkata,V01105
CU01106,Female,36-45,New,None,2022-10-10,Kolkata,V01106
CU01107,Male,18-25,New,Silver,2025-12-10,Mumbai,V01107
CU01108,Female,36-45,Regular,None,2023-10-04,Lucknow,V01108
CU01109,Male,36-45,Regular,Silver,2024-04-24,Lucknow,V01109
CU01110,Male,26-35,Regular,Platinum,2022-09-20,Jaipur,V01110
CU01111,Male,18-25,Regular,Platinum,2024-04-22,Lucknow,V01111
CU01112,Male,26-35,Regular,Platinum,2024-10-06,Jaipur,V01112
CU01113,Male,26-35,Regular,Gold,2023-11-10,Delhi,V01113
CU01114,Female,18-25,Regular,None,2022-06-22,Jaipur,V01114
CU01115,Female,18-25,Regular,Platinum,2023-03-21,Mumbai,V01115
CU01116,Female,46-60,New,Gold,2025-02-23,Lucknow,V01116
CU01117,Female,26-35,New,Platinum,2024-12-27,Chennai,V01117
CU01118,Female,26-35,Regular,None,2023-11-08,Ahmedabad,V01118
CU01119,Female,18-25,Regular,Gold,2023-10-06,Delhi,V01119
CU01120,Male,18-25,Regular,Platinum,2025-04-05,Bengaluru,V01120
CU01121,Male,46-60,New,None,2022-11-19,Chennai,V01121
CU01122,Male,36-45,New,Platinum,2024-08-25,Jaipur,V01122
CU01123,Male,18-25,Regular,Silver,2025-03-27,Chennai,V01123
CU01124,Female,18-25,New,Silver,2023-04-06,Bengaluru,V01124
CU01125,Male,26-35,New,None,2022-04-14,Mumbai,V01125
CU01126,Female,36-45,Regular,Platinum,2024-03-04,Hyderabad,V01126
CU01127,Female,26-35,New,Platinum,2024-10-04,Chennai,V01127
CU01128,Female,18-25,New,None,2022-03-20,Hyderabad,V01128
CU01129,Female,46-60,Regular,Silver,2022-12-27,Kolkata,V01129
CU01130,Female,46-60,New,None,2025-04-18,Mumbai,V01130
CU01131,Female,26-35,New,Platinum,2024-03-15,Delhi,V01131
CU01132,Male,26-35,New,Silver,2025-11-14,Mumbai,V01132
CU01133,Female,46-60,Regular,Gold,2025-05-09,Pune,V01133
CU01134,Female,18-25,Regular,Gold,2025-02-25,Pune,V01134
CU01135,Female,36-45,New,Gold,2022-05-16,Pune,V01135
CU01136,Female,36-45,Regular,Platinum,2025-10-27,Mumbai,V01136
CU01137,Female,26-35,Regular,Silver,2024-03-03,Delhi,V01137
CU01138,Male,36-45,New,Silver,2024-12-03,Lucknow,V01138
CU01139,Female,46-60,New,Platinum,2022-09-28,Delhi,V01139
CU01140,Male,36-45,Regular,Gold,2024-06-20,Pune,V01140
CU01141,Male,26-35,Regular,Platinum,2022-01-07,Chennai,V01141
CU01142,Male,46-60,New,Platinum,2022-10-07,Jaipur,V01142
CU01143,Female,18-25,New,Silver,2024-04-08,Lucknow,V01143
CU01144,Female,36-45,New,Silver,2024-09-27,Hyderabad,V01144
CU01145,Female,46-60,Regular,None,2024-04-15,Mumbai,V01145
CU01146,Male,18-25,Regular,Gold,2023-12-01,Kolkata,V01146
CU01147,Male,46-60,Regular,Silver,2022-01-18,Pune,V01147
CU01148,Male,46-60,Regular,Platinum,2025-05-18,Bengaluru,V01148
CU01149,Female,26-35,New,Silver,2024-03-11,Chennai,V01149
CU01150,Female,36-45,Regular,Silver,2022-08-20,Bengaluru,V01150
CU01151,Female,26-35,New,Gold,2024-05-07,Delhi,V01151
CU01152,Male,46-60,Regular,Gold,2024-01-21,Lucknow,V01152
CU01153,Female,36-45,Regular,Silver,2022-10-03,Ahmedabad,V01153
CU01154,Male,36-45,Regular,None,2023-09-02,Jaipur,V01154
CU01155,Female,18-25,New,Silver,2023-01-25,Chennai,V01155
CU01156,Female,18-25,Regular,Gold,2023-05-26,Chennai,V01156
CU01157,Female,18-25,New,None,2025-11-09,Mumbai,V01157
CU01158,Male,46-60,New,Gold,2024-05-16,Hyderabad,V01158
CU01159,Female,36-45,Regular,Silver,2024-08-26,Lucknow,V01159
CU01160,Female,46-60,New,Platinum,2024-03-20,Delhi,V01160
CU01161,Male,46-60,Regular,Platinum,2025-07-20,Delhi,V01161
CU01162,Female,36-45,New,Silver,2025-12-28,Bengaluru,V01162
CU01163,Female,46-60,New,Platinum,2023-08-15,Delhi,V01163
CU01164,Female,36-45,Regular,Gold,2025-11-27,Jaipur,V01164
CU01165,Male,36-45,Regular,Platinum,2023-09-23,Chennai,V01165
CU01166,Female,18-25,New,Gold,2022-04-07,Delhi,V01166
CU01167,Male,36-45,New,Gold,2022-07-19,Delhi,V01167
CU01168,Female,36-45,New,Platinum,2024-10-15,Chennai,V01168
CU01169,Female,26-35,New,Gold,2023-06-05,Bengaluru,V01169
CU01170,Male,46-60,New,None,2025-02-25,Delhi,V01170
CU01171,Male,18-25,New,Silver,2023-06-19,Bengaluru,V01171
CU01172,Female,26-35,New,Gold,2024-03-18,Hyderabad,V01172
CU01173,Female,26-35,Regular,Silver,2024-01-23,Bengaluru,V01173
CU01174,Female,36-45,Regular,Platinum,2023-10-24,Lucknow,V01174
CU01175,Female,26-35,Regular,Gold,2025-07-15,Hyderabad,V01175
CU01176,Male,18-25,New,Silver,2024-02-05,Chennai,V01176
CU01177,Female,26-35,Regular,Gold,2024-01-14,Jaipur,V01177
CU01178,Female,26-35,Regular,Silver,2023-04-12,Mumbai,V01178
CU01179,Male,36-45,New,Platinum,2022-09-15,Bengaluru,V01179
CU01180,Female,26-35,Regular,Silver,2024-12-18,Chennai,V01180
CU01181,Female,26-35,New,Silver,2025-05-03,Bengaluru,V01181
CU01182,Male,18-25,New,Silver,2022-08-23,Mumbai,V01182
CU01183,Female,26-35,New,Platinum,2023-04-05,Hyderabad,V01183
CU01184,Female,18-25,Regular,Silver,2022-12-21,Ahmedabad,V01184
CU01185,Male,26-35,New,Silver,2022-11-09,Jaipur,V01185
CU01186,Female,36-45,Regular,Silver,2024-01-09,Bengaluru,V01186
CU01187,Female,36-45,New,Silver,2023-02-16,Kolkata,V01187
CU01188,Male,18-25,New,Silver,2022-04-01,Chennai,V01188
CU01189,Female,46-60,New,Silver,2024-03-04,Mumbai,V01189
CU01190,Female,46-60,New,Gold,2024-04-04,Pune,V01190
CU01191,Male,36-45,New,Silver,2024-06-17,Jaipur,V01191
CU01192,Female,46-60,Regular,Silver,2022-06-22,Hyderabad,V01192
CU01193,Male,46-60,New,Platinum,2023-08-28,Bengaluru,V01193
CU01194,Female,36-45,New,Silver,2023-04-14,Pune,V01194
CU01195,Female,18-25,New,None,2023-07-11,Delhi,V01195
CU01196,Female,46-60,Regular,Platinum,2023-10-20,Jaipur,V01196
CU01197,Male,18-25,New,Silver,2022-05-28,Delhi,V01197
CU01198,Female,18-25,Regular,Gold,2022-05-01,Chennai,V01198
CU01199,Female,46-60,Regular,Silver,2023-11-06,Bengaluru,V01199
CU01200,Male,26-35,Regular,Gold,2022-02-05,Pune,V01200
CU01201,Male,18-25,Regular,Gold,2022-07-28,Delhi,V01201
CU01202,Male,26-35,New,Silver,2025-05-10,Mumbai,V01202
CU01203,Male,18-25,New,None,2023-05-26,Lucknow,V01203
CU01204,Female,36-45,New,Silver,2025-01-18,Hyderabad,V01204
CU01205,Male,36-45,Regular,Silver,2023-02-17,Chennai,V01205
CU01206,Male,26-35,New,Silver,2023-09-01,Hyderabad,V01206
CU01207,Male,46-60,Regular,None,2024-12-08,Hyderabad,V01207
CU01208,Male,36-45,Regular,Platinum,2024-02-01,Hyderabad,V01208
CU01209,Female,46-60,Regular,Gold,2022-08-26,Lucknow,V01209
CU01210,Male,46-60,Regular,Silver,2022-09-13,Lucknow,V01210
CU01211,Female,26-35,Regular,Gold,2025-04-16,Bengaluru,V01211
CU01212,Female,26-35,Regular,Silver,2023-04-08,Hyderabad,V01212
CU01213,Male,18-25,Regular,Platinum,2025-06-20,Chennai,V01213
CU01214,Male,26-35,Regular,Platinum,2023-12-28,Bengaluru,V01214
CU01215,Male,46-60,New,Gold,2024-03-14,Bengaluru,V01215
CU01216,Female,46-60,New,Silver,2025-02-16,Kolkata,V01216
CU01217,Female,46-60,New,Gold,2023-12-05,Ahmedabad,V01217
CU01218,Male,26-35,New,None,2023-08-28,Jaipur,V01218
CU01219,Female,18-25,New,Gold,2024-08-24,Mumbai,V01219
CU01220,Male,46-60,Regular,None,2022-01-11,Delhi,V01220
CU01221,Male,46-60,New,Gold,2023-01-09,Mumbai,V01221
CU01222,Male,26-35,Regular,Silver,2024-04-06,Ahmedabad,V01222
CU01223,Female,18-25,New,Platinum,2024-08-15,Bengaluru,V01223
CU01224,Male,46-60,Regular,Platinum,2023-04-04,Kolkata,V01224
CU01225,Male,26-35,New,Platinum,2025-10-27,Jaipur,V01225
CU01226,Female,18-25,New,Silver,2025-04-13,Pune,V01226
CU01227,Male,26-35,New,None,2022-04-14,Lucknow,V01227
CU01228,Male,36-45,New,None,2022-09-23,Lucknow,V01228
CU01229,Female,36-45,New,Platinum,2024-10-01,Delhi,V01229
CU01230,Male,26-35,Regular,Platinum,2025-06-14,Delhi,V01230
CU01231,Male,18-25,New,None,2022-10-26,Hyderabad,V01231
CU01232,Male,36-45,Regular,Gold,2025-04-21,Chennai,V01232
CU01233,Female,36-45,New,Silver,2024-07-05,Pune,V01233
CU01234,Female,18-25,Regular,Silver,2023-05-27,Bengaluru,V01234
CU01235,Male,26-35,Regular,Platinum,2022-03-20,Pune,V01235
CU01236,Female,46-60,Regular,Silver,2022-03-12,Chennai,V01236
CU01237,Male,36-45,New,Gold,2023-09-08,Delhi,V01237
CU01238,Male,46-60,Regular,Platinum,2022-06-26,Jaipur,V01238
CU01239,Female,46-60,New,Silver,2022-11-18,Ahmedabad,V01239
CU01240,Male,18-25,Regular,Silver,2024-04-13,Ahmedabad,V01240
CU01241,Female,36-45,Regular,None,2023-08-10,Ahmedabad,V01241
CU01242,Female,46-60,Regular,None,2023-11-23,Kolkata,V01242
CU01243,Female,18-25,New,Gold,2025-09-24,Bengaluru,V01243
CU01244,Female,18-25,New,None,2025-01-06,Lucknow,V01244
CU01245,Male,36-45,Regular,Platinum,2024-02-25,Chennai,V01245
CU01246,Male,18-25,New,Silver,2023-07-08,Bengaluru,V01246
CU01247,Male,36-45,Regular,Silver,2025-03-23,Chennai,V01247
CU01248,Male,26-35,New,Gold,2022-02-25,Bengaluru,V01248
CU01249,Male,46-60,Regular,Platinum,2022-02-12,Ahmedabad,V01249
CU01250,Female,26-35,Regular,Gold,2023-04-11,Chennai,V01250
CU01251,Male,36-45,New,None,2025-11-16,Jaipur,V01251
CU01252,Female,18-25,Regular,Platinum,2023-07-23,Hyderabad,V01252
CU01253,Male,46-60,Regular,Silver,2023-10-10,Hyderabad,V01253
CU01254,Male,26-35,New,None,2024-06-19,Jaipur,V01254
CU01255,Female,36-45,Regular,Platinum,2022-09-18,Pune,V01255
CU01256,Male,46-60,Regular,Platinum,2025-09-19,Hyderabad,V01256
CU01257,Male,26-35,New,Silver,2022-05-26,Kolkata,V01257
CU01258,Male,46-60,New,Silver,2023-02-03,Ahmedabad,V01258
CU01259,Female,18-25,Regular,None,2022-01-23,Chennai,V01259
CU01260,Female,36-45,New,Platinum,2025-06-28,Delhi,V01260
CU01261,Male,26-35,New,Silver,2023-10-21,Pune,V01261
CU01262,Male,36-45,Regular,Platinum,2022-10-27,Ahmedabad,V01262
CU01263,Female,26-35,Regular,None,2023-12-17,Chennai,V01263
CU01264,Male,36-45,New,Platinum,2025-03-24,Bengaluru,V01264
CU01265,Male,18-25,New,Gold,2023-09-16,Pune,V01265
CU01266,Female,26-35,Regular,None,2024-10-10,Bengaluru,V01266
CU01267,Male,26-35,New,Platinum,2024-08-26,Bengaluru,V01267
CU01268,Female,26-35,New,Gold,2023-04-13,Hyderabad,V01268
CU01269,Female,46-60,New,None,2025-02-24,Mumbai,V01269
CU01270,Male,46-60,Regular,Platinum,2025-07-03,Ahmedabad,V01270
CU01271,Male,36-45,Regular,Gold,2022-05-15,Ahmedabad,V01271
CU01272,Male,36-45,Regular,Gold,2024-11-17,Jaipur,V01272
CU01273,Male,18-25,Regular,None,2022-03-06,Ahmedabad,V01273
CU01274,Male,36-45,Regular,Silver,2022-05-20,Mumbai,V01274
CU01275,Female,36-45,New,Gold,2022-09-16,Mumbai,V01275
CU01276,Male,26-35,New,Gold,2023-03-09,Kolkata,V01276
CU01277,Male,36-45,Regular,Platinum,2025-08-28,Delhi,V01277
CU01278,Male,18-25,Regular,Silver,2023-10-27,Kolkata,V01278
CU01279,Male,26-35,Regular,None,2025-08-16,Pune,V01279
CU01280,Female,36-45,Regular,None,2022-06-03,Jaipur,V01280
CU01281,Male,26-35,New,Silver,2023-02-09,Bengaluru,V01281
CU01282,Female,18-25,New,Platinum,2022-02-11,Jaipur,V01282
CU01283,Male,36-45,Regular,Gold,2025-04-17,Kolkata,V01283
CU01284,Female,18-25,New,Platinum,2022-04-13,Lucknow,V01284
CU01285,Female,26-35,Regular,None,2025-09-25,Bengaluru,V01285
CU01286,Male,18-25,New,None,2022-10-02,Jaipur,V01286
CU01287,Male,26-35,New,Platinum,2024-03-04,Delhi,V01287
CU01288,Male,18-25,Regular,Silver,2024-05-28,Kolkata,V01288
CU01289,Male,36-45,New,Gold,2024-09-15,Hyderabad,V01289
CU01290,Male,46-60,New,None,2022-10-24,Mumbai,V01290
CU01291,Male,36-45,New,Silver,2022-09-20,Delhi,V01291
CU01292,Female,36-45,New,Silver,2025-10-06,Chennai,V01292
CU01293,Male,26-35,Regular,Platinum,2024-06-08,Chennai,V01293
CU01294,Female,18-25,Regular,None,2022-05-12,Pune,V01294
CU01295,Female,46-60,Regular,Platinum,2023-06-23,Hyderabad,V01295
CU01296,Male,36-45,New,None,2023-01-28,Ahmedabad,V01296
CU01297,Male,46-60,Regular,Gold,2024-10-27,Lucknow,V01297
CU01298,Male,18-25,New,Gold,2023-12-14,Ahmedabad,V01298
CU01299,Female,46-60,New,Platinum,2023-06-01,Hyderabad,V01299
CU01300,Female,36-45,New,Silver,2022-08-10,Bengaluru,V01300
CU01301,Male,46-60,New,None,2023-04-23,Lucknow,V01301
CU01302,Male,46-60,Regular,Platinum,2022-07-18,Ahmedabad,V01302
CU01303,Female,26-35,New,Silver,2025-10-03,Bengaluru,V01303
CU01304,Female,18-25,New,Platinum,2023-03-08,Hyderabad,V01304
CU01305,Male,46-60,Regular,Gold,2022-04-10,Hyderabad,V01305
CU01306,Male,46-60,Regular,Silver,2023-07-18,Hyderabad,V01306
CU01307,Female,18-25,Regular,None,2023-06-25,Ahmedabad,V01307
CU01308,Female,46-60,New,None,2022-05-27,Kolkata,V01308
CU01309,Male,18-25,Regular,Silver,2023-10-06,Hyderabad,V01309
CU01310,Male,26-35,Regular,Silver,2022-03-04,Bengaluru,V01310
CU01311,Female,26-35,Regular,Platinum,2023-09-05,Chennai,V01311
CU01312,Male,46-60,New,Platinum,2023-07-10,Ahmedabad,V01312
CU01313,Male,36-45,New,Silver,2022-07-02,Kolkata,V01313
CU01314,Female,36-45,Regular,Silver,2022-08-14,Ahmedabad,V01314
CU01315,Female,26-35,New,None,2025-10-07,Ahmedabad,V01315
CU01316,Female,18-25,New,Silver,2024-12-23,Chennai,V01316
CU01317,Male,18-25,Regular,Platinum,2022-06-14,Bengaluru,V01317
CU01318,Male,26-35,Regular,None,2025-10-17,Kolkata,V01318
CU01319,Female,18-25,New,None,2023-12-18,Ahmedabad,V01319
CU01320,Female,26-35,Regular,None,2025-08-10,Ahmedabad,V01320
CU01321,Male,26-35,Regular,Silver,2023-12-04,Ahmedabad,V01321
CU01322,Female,26-35,New,Platinum,2024-09-11,Lucknow,V01322
CU01323,Male,26-35,New,Gold,2023-11-20,Pune,V01323
CU01324,Female,26-35,Regular,Silver,2024-12-05,Bengaluru,V01324
CU01325,Female,36-45,New,Silver,2022-02-09,Lucknow,V01325
CU01326,Female,46-60,Regular,Silver,2025-07-25,Mumbai,V01326
CU01327,Female,36-45,Regular,Gold,2025-03-02,Lucknow,V01327
CU01328,Female,26-35,Regular,Platinum,2024-06-01,Pune,V01328
CU01329,Male,18-25,Regular,Silver,2022-05-22,Mumbai,V01329
CU01330,Male,46-60,New,Gold,2023-02-04,Mumbai,V01330
CU01331,Female,46-60,Regular,Silver,2023-04-18,Delhi,V01331
CU01332,Female,36-45,New,Gold,2024-06-23,Hyderabad,V01332
CU01333,Female,18-25,New,None,2025-07-22,Delhi,V01333
CU01334,Female,18-25,Regular,Platinum,2024-11-28,Chennai,V01334
CU01335,Male,26-35,New,Silver,2025-08-02,Chennai,V01335
CU01336,Female,36-45,Regular,None,2025-05-27,Ahmedabad,V01336
CU01337,Female,36-45,Regular,Silver,2022-06-21,Hyderabad,V01337
CU01338,Male,26-35,Regular,None,2023-01-07,Lucknow,V01338
CU01339,Male,46-60,New,Gold,2024-01-05,Bengaluru,V01339
CU01340,Male,36-45,New,None,2023-02-26,Jaipur,V01340
CU01341,Male,46-60,New,Platinum,2022-01-09,Chennai,V01341
CU01342,Male,26-35,New,Gold,2023-11-28,Pune,V01342
CU01343,Female,36-45,New,Silver,2023-08-08,Kolkata,V01343
CU01344,Female,36-45,Regular,Gold,2023-09-21,Mumbai,V01344
CU01345,Male,18-25,New,Silver,2022-12-21,Bengaluru,V01345
CU01346,Female,26-35,Regular,None,2025-03-15,Bengaluru,V01346
CU01347,Male,36-45,New,Silver,2022-05-26,Delhi,V01347
CU01348,Female,46-60,New,None,2024-02-13,Bengaluru,V01348
CU01349,Female,46-60,New,Gold,2025-05-24,Jaipur,V01349
CU01350,Female,36-45,Regular,Gold,2023-01-15,Kolkata,V01350
CU01351,Male,26-35,New,None,2025-10-20,Hyderabad,V01351
CU01352,Male,36-45,New,Gold,2024-10-22,Kolkata,V01352
CU01353,Female,36-45,New,None,2025-11-08,Kolkata,V01353
CU01354,Male,26-35,New,Gold,2024-02-14,Chennai,V01354
CU01355,Female,46-60,New,None,2022-03-12,Jaipur,V01355
CU01356,Female,46-60,New,None,2022-09-14,Hyderabad,V01356
CU01357,Female,18-25,Regular,Gold,2024-02-19,Jaipur,V01357
CU01358,Male,18-25,New,Platinum,2023-12-01,Ahmedabad,V01358
CU01359,Female,36-45,New,Silver,2023-11-08,Delhi,V01359
CU01360,Male,46-60,New,Gold,2024-02-01,Jaipur,V01360
CU01361,Female,18-25,New,None,2022-02-15,Delhi,V01361
CU01362,Male,46-60,Regular,Gold,2023-05-27,Mumbai,V01362
CU01363,Male,18-25,New,Gold,2025-09-13,Delhi,V01363
CU01364,Female,46-60,New,Gold,2023-10-15,Pune,V01364
CU01365,Female,26-35,Regular,Platinum,2025-04-21,Lucknow,V01365
CU01366,Male,46-60,Regular,Gold,2024-07-27,Mumbai,V01366
CU01367,Male,18-25,New,None,2024-12-26,Hyderabad,V01367
CU01368,Male,26-35,Regular,Silver,2023-10-17,Hyderabad,V01368
CU01369,Female,36-45,Regular,None,2023-09-01,Lucknow,V01369
CU01370,Female,18-25,Regular,Gold,2025-12-09,Bengaluru,V01370
CU01371,Female,36-45,Regular,Gold,2025-01-17,Pune,V01371
CU01372,Female,46-60,New,Gold,2022-09-08,Delhi,V01372
CU01373,Female,36-45,New,Platinum,2025-07-19,Pune,V01373
CU01374,Male,36-45,Regular,None,2022-05-03,Jaipur,V01374
CU01375,Male,46-60,New,Gold,2023-05-18,Jaipur,V01375
CU01376,Male,18-25,New,Platinum,2024-11-23,Chennai,V01376
CU01377,Male,18-25,New,Platinum,2024-03-16,Chennai,V01377
CU01378,Female,46-60,Regular,Gold,2023-06-06,Chennai,V01378
CU01379,Female,18-25,Regular,None,2024-03-04,Hyderabad,V01379
CU01380,Female,18-25,New,Platinum,2024-09-18,Lucknow,V01380
CU01381,Female,46-60,New,Silver,2024-06-22,Ahmedabad,V01381
CU01382,Male,46-60,New,None,2022-05-06,Mumbai,V01382
CU01383,Male,46-60,New,Platinum,2025-09-23,Mumbai,V01383
CU01384,Male,26-35,New,None,2022-03-18,Jaipur,V01384
CU01385,Female,36-45,New,None,2023-12-28,Lucknow,V01385
CU01386,Female,18-25,Regular,None,2025-12-24,Delhi,V01386
CU01387,Male,18-25,New,Silver,2022-09-04,Chennai,V01387
CU01388,Male,26-35,Regular,None,2024-11-16,Ahmedabad,V01388
CU01389,Female,46-60,New,Platinum,2025-09-08,Lucknow,V01389
CU01390,Male,26-35,New,None,2025-06-06,Pune,V01390
CU01391,Female,26-35,Regular,None,2023-03-27,Ahmedabad,V01391
CU01392,Male,46-60,New,Silver,2024-12-16,Kolkata,V01392
CU01393,Female,46-60,Regular,Gold,2022-04-03,Pune,V01393
CU01394,Male,46-60,New,None,2023-10-23,Bengaluru,V01394
CU01395,Male,46-60,New,None,2024-02-26,Pune,V01395
CU01396,Female,36-45,New,None,2025-07-14,Ahmedabad,V01396
CU01397,Female,46-60,Regular,None,2023-04-20,Jaipur,V01397
CU01398,Male,36-45,New,None,2025-05-18,Jaipur,V01398
CU01399,Male,18-25,Regular,None,2024-08-17,Delhi,V01399
CU01400,Male,18-25,New,None,2024-02-14,Jaipur,V01400
CU01401,Male,26-35,New,Gold,2024-07-28,Ahmedabad,V01401
CU01402,Male,26-35,New,None,2025-11-10,Ahmedabad,V01402
CU01403,Female,36-45,New,Silver,2023-09-13,Bengaluru,V01403
CU01404,Female,18-25,Regular,Platinum,2024-03-09,Delhi,V01404
CU01405,Female,26-35,New,Platinum,2022-03-20,Bengaluru,V01405
CU01406,Male,36-45,New,None,2022-08-28,Delhi,V01406
CU01407,Female,36-45,New,Silver,2024-07-10,Lucknow,V01407
CU01408,Male,36-45,Regular,None,2024-07-10,Mumbai,V01408
CU01409,Male,46-60,Regular,Silver,2023-07-25,Ahmedabad,V01409
CU01410,Male,36-45,New,None,2024-02-15,Bengaluru,V01410
CU01411,Female,18-25,Regular,None,2025-08-14,Lucknow,V01411
CU01412,Female,18-25,Regular,None,2022-02-17,Kolkata,V01412
CU01413,Female,26-35,New,None,2022-09-07,Pune,V01413
CU01414,Male,26-35,Regular,Silver,2024-07-21,Ahmedabad,V01414
CU01415,Male,26-35,Regular,Platinum,2022-05-24,Kolkata,V01415
CU01416,Male,46-60,Regular,Platinum,2022-10-22,Chennai,V01416
CU01417,Female,36-45,New,Silver,2023-08-13,Delhi,V01417
CU01418,Male,36-45,Regular,Platinum,2023-04-19,Lucknow,V01418
CU01419,Male,26-35,Regular,Gold,2025-07-16,Mumbai,V01419
CU01420,Female,26-35,New,Gold,2025-11-14,Pune,V01420
CU01421,Female,46-60,Regular,Silver,2025-09-20,Mumbai,V01421
CU01422,Female,26-35,Regular,Silver,2022-09-16,Ahmedabad,V01422
CU01423,Female,46-60,Regular,None,2024-06-04,Chennai,V01423
CU01424,Male,46-60,New,Platinum,2025-03-12,Bengaluru,V01424
CU01425,Male,36-45,Regular,Platinum,2023-04-21,Pune,V01425
CU01426,Female,18-25,New,Gold,2025-02-27,Kolkata,V01426
CU01427,Female,46-60,Regular,Gold,2022-11-21,Hyderabad,V01427
CU01428,Male,18-25,Regular,Platinum,2022-01-08,Bengaluru,V01428
CU01429,Female,46-60,New,Platinum,2025-03-22,Chennai,V01429
CU01430,Female,46-60,New,Silver,2024-08-26,Hyderabad,V01430
CU01431,Female,18-25,Regular,Platinum,2022-07-14,Delhi,V01431
CU01432,Female,26-35,New,Silver,2023-12-23,Chennai,V01432
CU01433,Male,36-45,New,Gold,2024-09-06,Chennai,V01433
CU01434,Male,18-25,Regular,Silver,2024-03-07,Hyderabad,V01434
CU01435,Male,18-25,Regular,Gold,2022-10-17,Ahmedabad,V01435
CU01436,Female,18-25,Regular,Silver,2025-03-04,Delhi,V01436
CU01437,Male,36-45,New,Platinum,2025-10-10,Mumbai,V01437
CU01438,Female,18-25,New,Gold,2023-01-17,Bengaluru,V01438
CU01439,Female,18-25,Regular,Platinum,2024-04-10,Chennai,V01439
CU01440,Female,26-35,New,Silver,2023-10-14,Bengaluru,V01440
CU01441,Male,46-60,New,Platinum,2024-03-13,Pune,V01441
CU01442,Male,26-35,New,Gold,2024-12-16,Pune,V01442
CU01443,Female,18-25,Regular,Gold,2023-01-03,Hyderabad,V01443
CU01444,Female,26-35,New,Silver,2023-11-26,Bengaluru,V01444
CU01445,Female,26-35,New,None,2024-06-19,Pune,V01445
CU01446,Male,26-35,Regular,Silver,2024-07-24,Bengaluru,V01446
CU01447,Female,36-45,Regular,None,2022-09-02,Kolkata,V01447
CU01448,Female,46-60,Regular,Gold,2025-03-28,Jaipur,V01448
CU01449,Male,36-45,Regular,Platinum,2022-01-01,Pune,V01449
CU01450,Female,26-35,New,Platinum,2023-09-03,Kolkata,V01450
CU01451,Female,26-35,Regular,Gold,2023-12-09,Kolkata,V01451
CU01452,Male,36-45,New,Gold,2022-03-05,Mumbai,V01452
CU01453,Male,26-35,Regular,Gold,2025-05-19,Ahmedabad,V01453
CU01454,Male,26-35,Regular,Gold,2024-09-17,Mumbai,V01454
CU01455,Male,18-25,New,Gold,2024-09-12,Lucknow,V01455
CU01456,Male,26-35,Regular,Platinum,2023-05-02,Pune,V01456
CU01457,Male,18-25,New,Silver,2023-05-27,Lucknow,V01457
CU01458,Female,26-35,New,Silver,2022-06-22,Kolkata,V01458
CU01459,Female,26-35,New,Silver,2024-12-20,Bengaluru,V01459
CU01460,Male,36-45,New,None,2023-09-20,Chennai,V01460
CU01461,Female,46-60,New,Silver,2025-07-12,Chennai,V01461
CU01462,Female,18-25,New,Silver,2023-02-10,Lucknow,V01462
CU01463,Male,36-45,Regular,None,2024-12-06,Pune,V01463
CU01464,Female,18-25,Regular,Silver,2024-01-21,Lucknow,V01464
CU01465,Female,46-60,Regular,Silver,2022-09-19,Ahmedabad,V01465
CU01466,Female,36-45,New,None,2024-06-15,Pune,V01466
CU01467,Female,18-25,New,Gold,2024-07-06,Hyderabad,V01467
CU01468,Male,36-45,New,Platinum,2025-03-15,Jaipur,V01468
CU01469,Female,36-45,Regular,None,2023-01-14,Mumbai,V01469
CU01470,Female,36-45,New,Silver,2023-01-15,Mumbai,V01470
CU01471,Female,18-25,Regular,Gold,2024-11-11,Chennai,V01471
CU01472,Female,18-25,Regular,Gold,2022-03-20,Ahmedabad,V01472
CU01473,Male,36-45,Regular,Silver,2022-06-03,Bengaluru,V01473
CU01474,Male,18-25,Regular,Gold,2023-06-11,Mumbai,V01474
CU01475,Female,18-25,Regular,Gold,2022-02-08,Mumbai,V01475
CU01476,Female,26-35,New,None,2022-02-25,Ahmedabad,V01476
CU01477,Male,46-60,Regular,Gold,2022-09-22,Delhi,V01477
CU01478,Female,36-45,Regular,None,2024-05-21,Jaipur,V01478
CU01479,Male,18-25,New,Platinum,2022-01-07,Lucknow,V01479
CU01480,Female,18-25,Regular,Gold,2024-03-05,Bengaluru,V01480
CU01481,Male,26-35,Regular,Silver,2023-07-14,Pune,V01481
CU01482,Male,18-25,New,Platinum,2022-01-09,Pune,V01482
CU01483,Male,18-25,New,Silver,2022-08-13,Delhi,V01483
CU01484,Male,18-25,Regular,Silver,2023-09-22,Mumbai,V01484
CU01485,Female,18-25,Regular,None,2025-01-09,Hyderabad,V01485
CU01486,Female,26-35,New,Gold,2023-10-05,Hyderabad,V01486
CU01487,Female,46-60,Regular,None,2023-10-11,Lucknow,V01487
CU01488,Male,36-45,Regular,Gold,2022-03-13,Hyderabad,V01488
CU01489,Male,18-25,Regular,Silver,2025-04-02,Bengaluru,V01489
CU01490,Male,46-60,New,Gold,2023-01-07,Pune,V01490
CU01491,Male,26-35,Regular,None,2025-03-06,Chennai,V01491
CU01492,Male,46-60,Regular,Silver,2023-05-26,Chennai,V01492
CU01493,Male,46-60,New,Gold,2022-10-25,Jaipur,V01493
CU01494,Male,46-60,New,Platinum,2025-11-23,Lucknow,V01494
CU01495,Male,26-35,New,Platinum,2022-11-02,Jaipur,V01495
CU01496,Male,18-25,New,None,2024-09-04,Lucknow,V01496
CU01497,Female,36-45,Regular,Gold,2022-03-25,Pune,V01497
CU01498,Male,26-35,New,Platinum,2023-12-13,Jaipur,V01498
CU01499,Male,18-25,New,Platinum,2025-08-28,Bengaluru,V01499
CU01500,Male,18-25,New,Gold,2025-02-11,Jaipur,V01500
CU01501,Female,26-35,New,Gold,2023-12-20,Lucknow,V01501
CU01502,Male,46-60,New,Platinum,2025-01-19,Mumbai,V01502
CU01503,Male,46-60,Regular,None,2023-04-13,Kolkata,V01503
CU01504,Female,36-45,Regular,Platinum,2023-09-20,Delhi,V01504
CU01505,Male,26-35,Regular,Silver,2024-12-08,Pune,V01505
CU01506,Male,18-25,Regular,None,2023-03-14,Lucknow,V01506
CU01507,Male,18-25,New,Silver,2024-12-12,Kolkata,V01507
CU01508,Female,18-25,Regular,None,2025-12-11,Bengaluru,V01508
CU01509,Male,46-60,Regular,Platinum,2022-05-21,Kolkata,V01509
CU01510,Female,18-25,Regular,Silver,2023-11-23,Jaipur,V01510
CU01511,Male,46-60,Regular,Platinum,2022-04-02,Lucknow,V01511
CU01512,Male,26-35,Regular,Silver,2022-01-12,Chennai,V01512
CU01513,Male,18-25,New,None,2024-10-01,Hyderabad,V01513
CU01514,Female,46-60,Regular,Gold,2022-10-20,Lucknow,V01514
CU01515,Male,26-35,New,Platinum,2024-10-23,Chennai,V01515
CU01516,Female,46-60,New,Gold,2022-01-24,Kolkata,V01516
CU01517,Male,26-35,New,Platinum,2024-02-07,Chennai,V01517
CU01518,Female,26-35,Regular,Platinum,2022-09-22,Kolkata,V01518
CU01519,Male,26-35,New,Gold,2023-04-12,Pune,V01519
CU01520,Male,36-45,New,Platinum,2023-08-16,Hyderabad,V01520
CU01521,Male,36-45,Regular,Silver,2025-08-18,Hyderabad,V01521
CU01522,Male,26-35,Regular,Silver,2025-09-02,Jaipur,V01522
CU01523,Male,18-25,New,None,2025-09-17,Delhi,V01523
CU01524,Female,46-60,Regular,Gold,2023-01-02,Hyderabad,V01524
CU01525,Male,26-35,New,Platinum,2023-10-07,Delhi,V01525
CU01526,Female,46-60,Regular,Gold,2022-04-13,Pune,V01526
CU01527,Female,18-25,Regular,Platinum,2024-09-27,Ahmedabad,V01527
CU01528,Male,36-45,Regular,None,2022-06-09,Lucknow,V01528
CU01529,Female,36-45,New,Silver,2024-12-27,Jaipur,V01529
CU01530,Female,36-45,New,Gold,2024-07-09,Lucknow,V01530
CU01531,Male,26-35,New,Gold,2023-09-10,Kolkata,V01531
CU01532,Male,36-45,Regular,Gold,2025-08-04,Pune,V01532
CU01533,Male,18-25,Regular,Platinum,2025-07-16,Lucknow,V01533
CU01534,Female,18-25,New,Platinum,2025-09-04,Kolkata,V01534
CU01535,Female,36-45,Regular,Silver,2024-03-25,Kolkata,V01535
CU01536,Female,36-45,New,None,2025-04-08,Jaipur,V01536
CU01537,Male,36-45,Regular,Silver,2024-08-06,Hyderabad,V01537
CU01538,Female,46-60,Regular,Silver,2022-03-17,Hyderabad,V01538
CU01539,Female,18-25,New,None,2025-01-17,Lucknow,V01539
CU01540,Male,46-60,New,None,2024-03-16,Pune,V01540
CU01541,Female,46-60,Regular,Platinum,2022-08-14,Mumbai,V01541
CU01542,Male,46-60,New,None,2025-01-18,Jaipur,V01542
CU01543,Male,18-25,Regular,Platinum,2023-06-06,Jaipur,V01543
CU01544,Male,18-25,New,Silver,2024-05-10,Ahmedabad,V01544
CU01545,Female,18-25,Regular,Gold,2025-03-07,Ahmedabad,V01545
CU01546,Female,36-45,New,Silver,2022-03-28,Ahmedabad,V01546
CU01547,Male,26-35,Regular,None,2025-02-22,Ahmedabad,V01547
CU01548,Female,36-45,New,None,2023-04-01,Hyderabad,V01548
CU01549,Female,46-60,Regular,Gold,2023-07-14,Hyderabad,V01549
CU01550,Male,36-45,New,Platinum,2023-12-06,Jaipur,V01550
CU01551,Female,26-35,New,Silver,2024-08-22,Ahmedabad,V01551
CU01552,Male,26-35,New,Platinum,2022-04-07,Chennai,V01552
CU01553,Female,26-35,Regular,Silver,2024-08-22,Ahmedabad,V01553
CU01554,Female,46-60,Regular,None,2025-05-20,Delhi,V01554
CU01555,Female,36-45,New,None,2022-04-20,Bengaluru,V01555
CU01556,Male,46-60,Regular,Gold,2025-05-04,Chennai,V01556
CU01557,Female,36-45,New,Gold,2023-07-11,Chennai,V01557
CU01558,Male,26-35,Regular,Platinum,2025-09-13,Pune,V01558
CU01559,Female,46-60,New,Platinum,2023-05-26,Lucknow,V01559
CU01560,Male,26-35,New,Platinum,2023-03-21,Delhi,V01560
CU01561,Female,46-60,Regular,None,2024-04-26,Chennai,V01561
CU01562,Female,18-25,New,None,2022-05-14,Kolkata,V01562
CU01563,Male,36-45,Regular,None,2025-11-07,Bengaluru,V01563
CU01564,Female,36-45,Regular,None,2025-07-19,Bengaluru,V01564
CU01565,Male,46-60,Regular,Silver,2022-08-26,Lucknow,V01565
CU01566,Female,46-60,Regular,Silver,2024-10-17,Mumbai,V01566
CU01567,Female,46-60,Regular,None,2022-06-05,Ahmedabad,V01567
CU01568,Male,46-60,Regular,Gold,2025-11-18,Pune,V01568
CU01569,Female,26-35,New,Platinum,2022-10-02,Mumbai,V01569
CU01570,Female,26-35,Regular,None,2024-12-06,Lucknow,V01570
CU01571,Male,46-60,Regular,Platinum,2022-06-22,Hyderabad,V01571
CU01572,Female,26-35,New,Platinum,2022-06-01,Chennai,V01572
CU01573,Female,18-25,New,None,2023-03-19,Bengaluru,V01573
CU01574,Female,26-35,Regular,Gold,2025-07-08,Pune,V01574
CU01575,Male,36-45,Regular,None,2025-06-01,Mumbai,V01575
CU01576,Male,36-45,New,None,2023-11-26,Jaipur,V01576
CU01577,Female,46-60,New,Gold,2022-06-21,Mumbai,V01577
CU01578,Male,36-45,New,None,2023-05-19,Chennai,V01578
CU01579,Female,18-25,Regular,Platinum,2025-02-05,Ahmedabad,V01579
CU01580,Female,46-60,Regular,Silver,2025-02-07,Delhi,V01580
CU01581,Female,18-25,Regular,None,2025-10-01,Bengaluru,V01581
CU01582,Male,18-25,Regular,None,2022-02-06,Hyderabad,V01582
CU01583,Male,26-35,New,Silver,2022-07-26,Delhi,V01583
CU01584,Female,26-35,New,Gold,2022-04-20,Pune,V01584
CU01585,Female,36-45,Regular,None,2024-12-19,Pune,V01585
CU01586,Female,46-60,New,Silver,2025-04-15,Jaipur,V01586
CU01587,Female,18-25,New,Silver,2024-08-19,Lucknow,V01587
CU01588,Female,18-25,Regular,None,2022-11-25,Delhi,V01588
CU01589,Female,36-45,Regular,Gold,2022-12-01,Lucknow,V01589
CU01590,Female,46-60,New,Platinum,2023-07-25,Delhi,V01590
CU01591,Female,18-25,New,None,2023-09-05,Ahmedabad,V01591
CU01592,Male,18-25,Regular,Gold,2023-03-01,Chennai,V01592
CU01593,Female,36-45,New,Silver,2024-01-16,Ahmedabad,V01593
CU01594,Female,36-45,New,Silver,2022-05-09,Chennai,V01594
CU01595,Female,18-25,Regular,Gold,2022-11-20,Delhi,V01595
CU01596,Male,36-45,Regular,None,2023-02-14,Kolkata,V01596
CU01597,Male,18-25,Regular,Silver,2022-04-22,Delhi,V01597
CU01598,Male,36-45,Regular,None,2024-04-11,Kolkata,V01598
CU01599,Male,26-35,Regular,Gold,2025-08-25,Kolkata,V01599
CU01600,Male,18-25,New,None,2025-06-24,Ahmedabad,V01600
CU01601,Female,26-35,Regular,None,2023-05-23,Kolkata,V01601
CU01602,Male,36-45,New,Gold,2022-05-06,Chennai,V01602
CU01603,Female,18-25,Regular,Platinum,2025-08-20,Bengaluru,V01603
CU01604,Male,18-25,Regular,Gold,2023-11-14,Mumbai,V01604
CU01605,Male,46-60,New,Gold,2024-10-22,Mumbai,V01605
CU01606,Female,46-60,New,Silver,2023-11-05,Mumbai,V01606
CU01607,Male,36-45,Regular,Platinum,2025-12-23,Pune,V01607
CU01608,Male,46-60,New,Silver,2024-08-12,Pune,V01608
CU01609,Male,46-60,New,None,2024-01-19,Bengaluru,V01609
CU01610,Female,36-45,Regular,Gold,2022-08-24,Jaipur,V01610
CU01611,Female,46-60,New,Platinum,2022-10-22,Jaipur,V01611
CU01612,Male,18-25,New,Gold,2023-04-11,Delhi,V01612
CU01613,Female,36-45,Regular,Platinum,2024-11-11,Mumbai,V01613
CU01614,Male,36-45,New,None,2022-06-28,Pune,V01614
CU01615,Male,36-45,Regular,None,2025-07-20,Delhi,V01615
CU01616,Female,18-25,Regular,Silver,2025-06-21,Hyderabad,V01616
CU01617,Female,36-45,Regular,Silver,2022-03-19,Delhi,V01617
CU01618,Female,26-35,New,Silver,2023-09-01,Pune,V01618
CU01619,Female,46-60,New,None,2023-11-02,Pune,V01619
CU01620,Male,26-35,New,Silver,2024-12-19,Lucknow,V01620
CU01621,Female,18-25,Regular,Silver,2025-12-28,Ahmedabad,V01621
CU01622,Male,26-35,Regular,None,2023-04-15,Jaipur,V01622
CU01623,Male,18-25,New,None,2025-11-21,Chennai,V01623
CU01624,Male,26-35,Regular,Platinum,2024-05-17,Lucknow,V01624
CU01625,Female,18-25,New,Silver,2022-09-26,Bengaluru,V01625
CU01626,Female,18-25,New,Silver,2025-07-17,Delhi,V01626
CU01627,Female,36-45,New,Silver,2025-07-23,Kolkata,V01627
CU01628,Male,26-35,New,Gold,2022-01-26,Lucknow,V01628
CU01629,Male,36-45,Regular,Gold,2024-06-05,Mumbai,V01629
CU01630,Female,46-60,Regular,Platinum,2025-09-03,Bengaluru,V01630
CU01631,Female,46-60,New,Silver,2024-04-08,Mumbai,V01631
CU01632,Female,18-25,Regular,Gold,2025-10-09,Hyderabad,V01632
CU01633,Male,46-60,Regular,Gold,2023-01-03,Delhi,V01633
CU01634,Male,18-25,Regular,Platinum,2024-01-10,Delhi,V01634
CU01635,Female,46-60,New,Gold,2025-01-05,Bengaluru,V01635
CU01636,Female,36-45,New,Gold,2023-10-24,Lucknow,V01636
CU01637,Female,26-35,Regular,Platinum,2023-11-06,Mumbai,V01637
CU01638,Female,46-60,New,None,2022-02-12,Pune,V01638
CU01639,Female,46-60,New,Platinum,2022-07-04,Pune,V01639
CU01640,Female,26-35,New,Platinum,2024-01-19,Mumbai,V01640
CU01641,Male,36-45,New,Platinum,2023-08-06,Jaipur,V01641
CU01642,Female,36-45,New,None,2022-09-23,Hyderabad,V01642
CU01643,Female,46-60,Regular,Silver,2025-02-14,Chennai,V01643
CU01644,Male,18-25,Regular,Gold,2025-09-06,Bengaluru,V01644
CU01645,Female,26-35,New,Silver,2022-10-06,Hyderabad,V01645
CU01646,Male,18-25,New,Gold,2025-07-08,Bengaluru,V01646
CU01647,Male,36-45,Regular,None,2025-02-03,Pune,V01647
CU01648,Female,18-25,New,Silver,2022-05-04,Ahmedabad,V01648
CU01649,Male,26-35,New,Gold,2022-02-28,Ahmedabad,V01649
CU01650,Male,36-45,Regular,Platinum,2022-03-09,Ahmedabad,V01650
CU01651,Male,36-45,Regular,Platinum,2022-08-23,Jaipur,V01651
CU01652,Female,36-45,New,None,2024-02-01,Jaipur,V01652
CU01653,Male,36-45,New,Gold,2023-05-07,Kolkata,V01653
CU01654,Male,26-35,Regular,None,2025-04-16,Delhi,V01654
CU01655,Male,18-25,Regular,Platinum,2024-10-21,Pune,V01655
CU01656,Female,18-25,Regular,None,2024-11-27,Mumbai,V01656
CU01657,Female,18-25,Regular,Silver,2023-11-21,Jaipur,V01657
CU01658,Female,36-45,Regular,Silver,2024-06-02,Mumbai,V01658
CU01659,Female,18-25,Regular,Platinum,2023-06-04,Delhi,V01659
CU01660,Male,46-60,New,Silver,2022-07-01,Delhi,V01660
CU01661,Female,26-35,Regular,Gold,2025-04-17,Hyderabad,V01661
CU01662,Male,26-35,New,Platinum,2023-06-23,Bengaluru,V01662
CU01663,Male,26-35,New,Gold,2022-08-14,Ahmedabad,V01663
CU01664,Male,26-35,New,Silver,2022-03-08,Pune,V01664
CU01665,Female,36-45,Regular,None,2023-01-05,Ahmedabad,V01665
CU01666,Female,46-60,New,Platinum,2023-06-18,Hyderabad,V01666
CU01667,Female,36-45,New,Silver,2024-09-21,Chennai,V01667
CU01668,Female,18-25,New,Silver,2023-01-12,Ahmedabad,V01668
CU01669,Male,36-45,New,None,2023-12-04,Hyderabad,V01669
CU01670,Female,18-25,New,Gold,2025-04-03,Jaipur,V01670
CU01671,Female,26-35,New,Silver,2023-03-01,Kolkata,V01671
CU01672,Male,26-35,New,Gold,2022-08-17,Jaipur,V01672
CU01673,Male,18-25,New,None,2023-05-14,Bengaluru,V01673
CU01674,Female,46-60,Regular,Gold,2022-08-21,Hyderabad,V01674
CU01675,Female,46-60,New,None,2023-09-20,Ahmedabad,V01675
CU01676,Female,18-25,New,Gold,2024-12-26,Ahmedabad,V01676
CU01677,Male,26-35,Regular,Platinum,2023-07-26,Bengaluru,V01677
CU01678,Female,36-45,New,Gold,2022-05-22,Pune,V01678
CU01679,Female,26-35,Regular,Gold,2022-08-08,Chennai,V01679
CU01680,Female,36-45,Regular,Platinum,2023-08-05,Pune,V01680
CU01681,Male,36-45,New,Platinum,2025-06-09,Kolkata,V01681
CU01682,Male,18-25,New,Platinum,2023-11-19,Lucknow,V01682
CU01683,Female,18-25,New,Silver,2025-11-14,Bengaluru,V01683
CU01684,Female,36-45,New,Platinum,2025-12-10,Bengaluru,V01684
CU01685,Female,36-45,Regular,Gold,2022-10-15,Chennai,V01685
CU01686,Male,26-35,New,None,2025-06-05,Pune,V01686
CU01687,Female,46-60,Regular,None,2023-12-02,Ahmedabad,V01687
CU01688,Female,46-60,New,None,2025-09-28,Pune,V01688
CU01689,Male,26-35,New,Silver,2024-06-06,Mumbai,V01689
CU01690,Female,46-60,New,None,2023-10-02,Ahmedabad,V01690
CU01691,Female,18-25,New,Platinum,2023-05-06,Jaipur,V01691
CU01692,Female,18-25,New,Silver,2025-11-18,Bengaluru,V01692
CU01693,Female,18-25,Regular,None,2022-06-04,Mumbai,V01693
CU01694,Female,18-25,Regular,Silver,2024-12-23,Kolkata,V01694
CU01695,Female,46-60,New,Silver,2023-07-07,Chennai,V01695
CU01696,Female,46-60,New,None,2025-11-07,Pune,V01696
CU01697,Male,46-60,New,Gold,2022-06-13,Pune,V01697
CU01698,Male,36-45,New,Gold,2023-11-03,Kolkata,V01698
CU01699,Male,26-35,New,Silver,2025-11-06,Lucknow,V01699
CU01700,Male,36-45,Regular,Platinum,2025-04-11,Hyderabad,V01700
CU01701,Male,26-35,New,Silver,2023-06-11,Pune,V01701
CU01702,Male,18-25,Regular,Silver,2022-09-22,Hyderabad,V01702
CU01703,Female,26-35,Regular,None,2023-03-16,Jaipur,V01703
CU01704,Male,18-25,New,Silver,2024-11-22,Delhi,V01704
CU01705,Female,26-35,Regular,Platinum,2024-05-16,Lucknow,V01705
CU01706,Female,36-45,New,None,2024-07-28,Ahmedabad,V01706
CU01707,Female,18-25,Regular,Platinum,2025-06-08,Jaipur,V01707
CU01708,Female,46-60,Regular,Gold,2025-07-03,Jaipur,V01708
CU01709,Female,46-60,Regular,Platinum,2024-03-16,Lucknow,V01709
CU01710,Female,18-25,New,None,2024-02-14,Pune,V01710
CU01711,Male,26-35,New,Platinum,2024-02-11,Delhi,V01711
CU01712,Male,18-25,Regular,Silver,2023-02-07,Hyderabad,V01712
CU01713,Female,36-45,New,None,2024-08-03,Kolkata,V01713
CU01714,Male,26-35,New,Platinum,2022-10-19,Ahmedabad,V01714
CU01715,Female,18-25,Regular,Silver,2025-01-18,Mumbai,V01715
CU01716,Male,18-25,Regular,Platinum,2025-10-22,Ahmedabad,V01716
CU01717,Male,26-35,New,Platinum,2025-08-01,Lucknow,V01717
CU01718,Female,46-60,New,None,2022-01-16,Delhi,V01718
CU01719,Male,36-45,Regular,None,2025-08-10,Chennai,V01719
CU01720,Female,26-35,Regular,Silver,2023-12-04,Mumbai,V01720
CU01721,Male,26-35,Regular,Platinum,2025-08-13,Ahmedabad,V01721
CU01722,Male,36-45,New,Gold,2023-11-07,Mumbai,V01722
CU01723,Female,26-35,Regular,Platinum,2024-12-20,Lucknow,V01723
CU01724,Female,26-35,New,Silver,2022-05-25,Ahmedabad,V01724
CU01725,Male,26-35,Regular,Platinum,2024-02-28,Chennai,V01725
CU01726,Male,18-25,New,Platinum,2023-12-13,Lucknow,V01726
CU01727,Male,26-35,New,Platinum,2022-09-21,Mumbai,V01727
CU01728,Female,18-25,Regular,Platinum,2024-06-09,Ahmedabad,V01728
CU01729,Female,26-35,Regular,Gold,2025-08-12,Bengaluru,V01729
CU01730,Female,36-45,New,None,2024-10-20,Delhi,V01730
CU01731,Male,36-45,Regular,Silver,2024-06-13,Chennai,V01731
CU01732,Female,36-45,Regular,Silver,2023-11-11,Pune,V01732
CU01733,Female,36-45,New,Platinum,2023-11-26,Hyderabad,V01733
CU01734,Female,26-35,Regular,None,2022-03-18,Jaipur,V01734
CU01735,Male,26-35,New,Silver,2023-10-01,Hyderabad,V01735
CU01736,Female,46-60,New,None,2024-09-21,Bengaluru,V01736
CU01737,Female,46-60,New,None,2022-06-03,Ahmedabad,V01737
CU01738,Female,26-35,Regular,Silver,2023-06-06,Delhi,V01738
CU01739,Male,26-35,New,Platinum,2025-02-02,Jaipur,V01739
CU01740,Female,46-60,Regular,Gold,2025-09-15,Mumbai,V01740
CU01741,Female,18-25,New,Gold,2022-03-10,Bengaluru,V01741
CU01742,Male,46-60,New,Gold,2024-09-05,Jaipur,V01742
CU01743,Male,36-45,Regular,None,2023-11-27,Pune,V01743
CU01744,Male,46-60,New,Gold,2022-02-11,Ahmedabad,V01744
CU01745,Female,26-35,Regular,Silver,2024-03-28,Kolkata,V01745
CU01746,Male,18-25,Regular,Gold,2023-08-28,Pune,V01746
CU01747,Female,46-60,New,Gold,2023-11-11,Jaipur,V01747
CU01748,Male,46-60,Regular,Silver,2025-09-11,Kolkata,V01748
CU01749,Male,18-25,Regular,None,2025-05-19,Mumbai,V01749
CU01750,Male,36-45,New,Gold,2025-01-26,Kolkata,V01750
CU01751,Male,18-25,Regular,None,2022-02-24,Bengaluru,V01751
CU01752,Female,18-25,Regular,None,2024-08-08,Delhi,V01752
CU01753,Female,26-35,New,Silver,2023-08-19,Kolkata,V01753
CU01754,Female,36-45,Regular,Platinum,2023-05-12,Kolkata,V01754
CU01755,Male,26-35,Regular,None,2025-03-09,Hyderabad,V01755
CU01756,Female,18-25,Regular,None,2023-08-09,Delhi,V01756
CU01757,Female,18-25,Regular,None,2023-09-03,Chennai,V01757
CU01758,Female,46-60,New,Gold,2023-06-19,Bengaluru,V01758
CU01759,Male,26-35,New,Platinum,2023-12-11,Ahmedabad,V01759
CU01760,Female,18-25,Regular,Platinum,2022-05-13,Hyderabad,V01760
CU01761,Male,46-60,Regular,Platinum,2025-04-20,Lucknow,V01761
CU01762,Male,46-60,Regular,Platinum,2024-04-17,Hyderabad,V01762
CU01763,Male,46-60,Regular,Platinum,2025-05-04,Lucknow,V01763
CU01764,Male,18-25,New,None,2023-11-08,Pune,V01764
CU01765,Female,46-60,Regular,Gold,2023-09-21,Chennai,V01765
CU01766,Male,36-45,New,Gold,2024-10-13,Lucknow,V01766
CU01767,Female,46-60,New,None,2023-05-11,Hyderabad,V01767
CU01768,Male,26-35,Regular,Platinum,2024-12-19,Bengaluru,V01768
CU01769,Male,18-25,New,Gold,2023-05-28,Kolkata,V01769
CU01770,Male,18-25,Regular,Platinum,2025-07-14,Ahmedabad,V01770
CU01771,Male,36-45,Regular,None,2023-09-05,Jaipur,V01771
CU01772,Female,36-45,New,Gold,2025-05-22,Chennai,V01772
CU01773,Male,36-45,New,Silver,2022-01-22,Pune,V01773
CU01774,Male,46-60,Regular,Platinum,2022-05-13,Ahmedabad,V01774
CU01775,Female,18-25,New,Platinum,2023-06-24,Delhi,V01775
CU01776,Male,36-45,New,Silver,2022-04-22,Hyderabad,V01776
CU01777,Male,18-25,New,Platinum,2024-05-08,Mumbai,V01777
CU01778,Male,18-25,New,None,2023-04-08,Mumbai,V01778
CU01779,Male,36-45,New,Platinum,2023-05-21,Kolkata,V01779
CU01780,Female,46-60,New,Gold,2025-04-14,Lucknow,V01780
CU01781,Female,46-60,Regular,None,2024-01-04,Mumbai,V01781
CU01782,Male,46-60,New,Gold,2025-04-24,Bengaluru,V01782
CU01783,Female,18-25,Regular,Gold,2024-04-24,Pune,V01783
CU01784,Female,36-45,Regular,Gold,2025-12-04,Lucknow,V01784
CU01785,Female,18-25,New,Gold,2023-01-28,Ahmedabad,V01785
CU01786,Male,26-35,New,Silver,2024-06-21,Jaipur,V01786
CU01787,Female,46-60,New,Platinum,2025-12-17,Hyderabad,V01787
CU01788,Female,46-60,New,Platinum,2022-10-21,Ahmedabad,V01788
CU01789,Female,36-45,New,None,2023-01-17,Mumbai,V01789
CU01790,Female,36-45,New,Platinum,2024-11-21,Kolkata,V01790
CU01791,Female,18-25,New,Platinum,2023-11-22,Ahmedabad,V01791
CU01792,Female,18-25,New,Silver,2022-09-05,Bengaluru,V01792
CU01793,Female,46-60,Regular,Platinum,2022-05-16,Pune,V01793
CU01794,Female,18-25,New,Silver,2024-08-11,Hyderabad,V01794
CU01795,Female,26-35,New,None,2024-07-14,Bengaluru,V01795
CU01796,Male,26-35,New,Gold,2022-03-27,Ahmedabad,V01796
CU01797,Female,36-45,New,Platinum,2025-10-28,Bengaluru,V01797
CU01798,Female,18-25,Regular,Silver,2024-12-04,Ahmedabad,V01798
CU01799,Male,46-60,New,Platinum,2025-06-18,Delhi,V01799
CU01800,Female,26-35,New,None,2022-01-26,Kolkata,V01800
CU01801,Female,26-35,New,None,2025-02-12,Ahmedabad,V01801
CU01802,Male,26-35,New,Gold,2022-06-10,Hyderabad,V01802
CU01803,Male,26-35,New,Platinum,2024-06-23,Mumbai,V01803
CU01804,Female,36-45,New,Gold,2023-11-13,Jaipur,V01804
CU01805,Male,46-60,New,Silver,2025-12-18,Mumbai,V01805
CU01806,Male,46-60,New,Gold,2022-11-14,Kolkata,V01806
CU01807,Male,36-45,New,None,2022-04-07,Ahmedabad,V01807
CU01808,Female,18-25,Regular,Silver,2025-05-08,Pune,V01808
CU01809,Male,46-60,Regular,None,2023-08-27,Lucknow,V01809
CU01810,Female,26-35,New,Gold,2022-09-03,Mumbai,V01810
CU01811,Male,18-25,New,None,2022-10-02,Mumbai,V01811
CU01812,Female,36-45,New,Gold,2022-03-06,Mumbai,V01812
CU01813,Female,46-60,New,None,2025-07-09,Pune,V01813
CU01814,Female,26-35,New,Silver,2024-12-07,Kolkata,V01814
CU01815,Female,36-45,Regular,None,2023-06-24,Delhi,V01815
CU01816,Male,26-35,New,Platinum,2022-01-23,Pune,V01816
CU01817,Male,36-45,Regular,Platinum,2025-04-25,Ahmedabad,V01817
CU01818,Male,26-35,Regular,Platinum,2022-04-06,Kolkata,V01818
CU01819,Male,26-35,New,None,2025-08-01,Bengaluru,V01819
CU01820,Male,36-45,Regular,None,2025-04-08,Delhi,V01820
CU01821,Male,36-45,New,Platinum,2022-12-17,Hyderabad,V01821
CU01822,Female,36-45,New,Silver,2023-10-13,Jaipur,V01822
CU01823,Female,46-60,Regular,Silver,2022-11-02,Pune,V01823
CU01824,Male,46-60,New,Silver,2025-04-12,Ahmedabad,V01824
CU01825,Male,18-25,New,None,2022-01-01,Mumbai,V01825
CU01826,Male,46-60,Regular,Silver,2024-12-05,Jaipur,V01826
CU01827,Male,36-45,New,Silver,2022-12-12,Mumbai,V01827
CU01828,Male,26-35,Regular,Platinum,2025-11-02,Ahmedabad,V01828
CU01829,Female,46-60,New,Silver,2023-11-15,Chennai,V01829
CU01830,Male,18-25,New,None,2023-01-17,Jaipur,V01830
CU01831,Male,36-45,New,None,2025-10-01,Delhi,V01831
CU01832,Male,18-25,Regular,Gold,2024-06-01,Jaipur,V01832
CU01833,Female,46-60,New,None,2023-12-06,Hyderabad,V01833
CU01834,Male,36-45,Regular,Silver,2022-02-26,Chennai,V01834
CU01835,Male,36-45,New,None,2022-11-10,Mumbai,V01835
CU01836,Female,36-45,New,Gold,2024-08-27,Jaipur,V01836
CU01837,Female,36-45,New,None,2024-09-25,Kolkata,V01837
CU01838,Male,26-35,New,Gold,2022-12-23,Chennai,V01838
CU01839,Female,36-45,New,Gold,2023-05-24,Delhi,V01839
CU01840,Male,26-35,Regular,Platinum,2023-10-22,Pune,V01840
CU01841,Male,18-25,Regular,None,2022-11-17,Lucknow,V01841
CU01842,Female,18-25,Regular,None,2023-11-02,Bengaluru,V01842
CU01843,Male,26-35,New,None,2022-02-16,Ahmedabad,V01843
CU01844,Male,36-45,Regular,Platinum,2023-05-22,Jaipur,V01844
CU01845,Female,36-45,Regular,None,2024-03-13,Lucknow,V01845
CU01846,Female,18-25,Regular,None,2025-03-25,Hyderabad,V01846
CU01847,Female,18-25,New,Platinum,2024-04-26,Lucknow,V01847
CU01848,Male,36-45,Regular,None,2025-05-09,Jaipur,V01848
CU01849,Male,36-45,Regular,Gold,2024-07-11,Jaipur,V01849
CU01850,Female,36-45,New,Silver,2022-01-18,Chennai,V01850
CU01851,Female,26-35,New,Platinum,2024-10-07,Kolkata,V01851
CU01852,Female,36-45,New,Silver,2024-04-02,Lucknow,V01852
CU01853,Male,26-35,Regular,None,2022-11-04,Lucknow,V01853
CU01854,Male,46-60,New,Gold,2025-10-28,Chennai,V01854
CU01855,Female,46-60,New,Platinum,2023-04-09,Pune,V01855
CU01856,Female,36-45,New,Gold,2023-01-10,Ahmedabad,V01856
CU01857,Female,26-35,New,Gold,2025-11-18,Bengaluru,V01857
CU01858,Female,26-35,Regular,Gold,2023-05-03,Bengaluru,V01858
CU01859,Female,46-60,Regular,Gold,2022-05-16,Kolkata,V01859
CU01860,Female,18-25,New,Platinum,2024-11-08,Hyderabad,V01860
CU01861,Male,26-35,Regular,Platinum,2024-11-07,Hyderabad,V01861
CU01862,Male,36-45,New,None,2023-03-10,Mumbai,V01862
CU01863,Male,18-25,New,Gold,2025-10-16,Hyderabad,V01863
CU01864,Male,46-60,Regular,Silver,2025-03-28,Hyderabad,V01864
CU01865,Male,46-60,Regular,Platinum,2025-05-08,Pune,V01865
CU01866,Female,18-25,New,None,2024-09-10,Ahmedabad,V01866
CU01867,Female,26-35,Regular,Gold,2025-12-14,Kolkata,V01867
CU01868,Female,18-25,New,Gold,2025-02-18,Delhi,V01868
CU01869,Male,18-25,New,Gold,2023-11-20,Pune,V01869
CU01870,Female,18-25,Regular,None,2022-07-13,Hyderabad,V01870
CU01871,Male,18-25,New,Silver,2022-03-23,Lucknow,V01871
CU01872,Female,46-60,New,None,2022-05-12,Mumbai,V01872
CU01873,Male,18-25,Regular,None,2025-10-02,Bengaluru,V01873
CU01874,Female,26-35,Regular,Silver,2024-10-13,Lucknow,V01874
CU01875,Male,36-45,New,Platinum,2022-02-27,Mumbai,V01875
CU01876,Male,26-35,New,Platinum,2023-01-20,Bengaluru,V01876
CU01877,Male,46-60,Regular,None,2024-08-21,Jaipur,V01877
CU01878,Male,26-35,Regular,Gold,2023-04-03,Hyderabad,V01878
CU01879,Female,26-35,New,Silver,2022-09-07,Lucknow,V01879
CU01880,Male,46-60,New,Silver,2022-03-28,Chennai,V01880
CU01881,Male,36-45,Regular,Silver,2025-06-28,Jaipur,V01881
CU01882,Female,18-25,New,Silver,2022-08-19,Lucknow,V01882
CU01883,Female,36-45,Regular,Silver,2023-12-22,Delhi,V01883
CU01884,Male,46-60,Regular,None,2022-11-03,Pune,V01884
CU01885,Male,18-25,Regular,Platinum,2023-10-14,Hyderabad,V01885
CU01886,Female,36-45,Regular,Silver,2023-11-13,Chennai,V01886
CU01887,Female,18-25,New,Gold,2022-03-26,Jaipur,V01887
CU01888,Female,36-45,Regular,Silver,2022-09-27,Mumbai,V01888
CU01889,Female,36-45,New,Platinum,2024-11-05,Lucknow,V01889
CU01890,Male,18-25,Regular,Platinum,2025-05-15,Chennai,V01890
CU01891,Female,26-35,New,None,2024-03-14,Bengaluru,V01891
CU01892,Female,18-25,Regular,Silver,2022-08-22,Jaipur,V01892
CU01893,Female,26-35,New,None,2022-07-19,Chennai,V01893
CU01894,Female,36-45,Regular,Gold,2025-04-03,Lucknow,V01894
CU01895,Female,18-25,Regular,Gold,2025-05-26,Delhi,V01895
CU01896,Female,18-25,New,Gold,2023-02-15,Bengaluru,V01896
CU01897,Male,18-25,New,Silver,2024-10-16,Lucknow,V01897
CU01898,Male,18-25,Regular,Silver,2024-04-19,Kolkata,V01898
CU01899,Female,36-45,New,Silver,2024-10-16,Lucknow,V01899
CU01900,Female,46-60,New,Gold,2024-10-02,Mumbai,V01900
CU01901,Female,36-45,Regular,Gold,2023-03-06,Chennai,V01901
CU01902,Female,46-60,Regular,Gold,2025-02-11,Pune,V01902
CU01903,Female,36-45,New,Silver,2024-03-14,Kolkata,V01903
CU01904,Female,46-60,Regular,Platinum,2022-04-07,Mumbai,V01904
CU01905,Female,36-45,Regular,None,2022-03-05,Jaipur,V01905
CU01906,Female,36-45,Regular,None,2025-08-17,Ahmedabad,V01906
CU01907,Male,18-25,New,Gold,2022-09-09,Ahmedabad,V01907
CU01908,Female,46-60,Regular,None,2025-02-24,Jaipur,V01908
CU01909,Male,18-25,New,None,2024-01-04,Jaipur,V01909
CU01910,Male,46-60,New,None,2025-01-15,Lucknow,V01910
CU01911,Female,18-25,Regular,Gold,2022-01-22,Lucknow,V01911
CU01912,Female,18-25,Regular,None,2023-06-20,Chennai,V01912
CU01913,Female,36-45,New,None,2024-03-13,Jaipur,V01913
CU01914,Male,36-45,New,Gold,2025-05-12,Chennai,V01914
CU01915,Male,26-35,Regular,Gold,2022-08-17,Delhi,V01915
CU01916,Male,36-45,Regular,None,2023-01-18,Mumbai,V01916
CU01917,Male,36-45,Regular,Silver,2024-03-14,Ahmedabad,V01917
CU01918,Female,26-35,New,None,2025-08-02,Kolkata,V01918
CU01919,Male,36-45,New,None,2025-01-21,Chennai,V01919
CU01920,Male,36-45,New,Gold,2025-12-15,Chennai,V01920
CU01921,Female,46-60,Regular,Gold,2024-12-12,Delhi,V01921
CU01922,Male,36-45,Regular,Gold,2024-11-01,Pune,V01922
CU01923,Male,18-25,Regular,Gold,2023-04-19,Mumbai,V01923
CU01924,Male,46-60,New,None,2025-07-06,Hyderabad,V01924
CU01925,Male,18-25,Regular,Silver,2025-02-16,Hyderabad,V01925
CU01926,Male,36-45,New,Gold,2022-12-25,Kolkata,V01926
CU01927,Female,46-60,Regular,Platinum,2022-07-04,Jaipur,V01927
CU01928,Male,26-35,Regular,None,2024-11-14,Delhi,V01928
CU01929,Female,18-25,New,Silver,2024-09-22,Lucknow,V01929
CU01930,Male,18-25,New,Platinum,2023-08-22,Delhi,V01930
CU01931,Male,46-60,Regular,Gold,2024-07-10,Delhi,V01931
CU01932,Female,26-35,Regular,Silver,2022-03-14,Lucknow,V01932
CU01933,Male,36-45,Regular,Gold,2023-12-08,Chennai,V01933
CU01934,Male,46-60,New,Platinum,2025-09-13,Pune,V01934
CU01935,Male,46-60,Regular,Silver,2025-10-26,Hyderabad,V01935
CU01936,Female,26-35,Regular,Gold,2024-07-26,Mumbai,V01936
CU01937,Male,18-25,Regular,Gold,2025-02-16,Jaipur,V01937
CU01938,Male,36-45,New,Gold,2022-03-09,Hyderabad,V01938
CU01939,Male,26-35,Regular,Silver,2025-10-16,Bengaluru,V01939
CU01940,Female,46-60,New,None,2023-06-07,Chennai,V01940
CU01941,Female,26-35,Regular,Platinum,2024-10-03,Delhi,V01941
CU01942,Female,46-60,New,Gold,2025-04-07,Pune,V01942
CU01943,Male,36-45,New,None,2025-08-19,Mumbai,V01943
CU01944,Female,46-60,New,Platinum,2025-02-06,Delhi,V01944
CU01945,Male,18-25,Regular,Silver,2025-09-27,Pune,V01945
CU01946,Female,36-45,Regular,Gold,2023-03-10,Pune,V01946
CU01947,Female,18-25,Regular,None,2024-04-23,Hyderabad,V01947
CU01948,Male,36-45,New,None,2024-02-23,Chennai,V01948
CU01949,Female,46-60,Regular,Platinum,2025-06-06,Hyderabad,V01949
CU01950,Male,18-25,Regular,Silver,2023-02-26,Kolkata,V01950
CU01951,Female,26-35,Regular,Platinum,2025-06-19,Kolkata,V01951
CU01952,Male,46-60,New,None,2025-04-01,Lucknow,V01952
CU01953,Male,36-45,Regular,Platinum,2022-06-26,Bengaluru,V01953
CU01954,Female,26-35,New,Gold,2023-11-11,Bengaluru,V01954
CU01955,Male,46-60,Regular,None,2024-09-24,Chennai,V01955
CU01956,Female,26-35,Regular,None,2024-03-10,Bengaluru,V01956
CU01957,Female,18-25,Regular,Gold,2025-06-06,Kolkata,V01957
CU01958,Male,18-25,New,Gold,2024-04-06,Jaipur,V01958
CU01959,Female,36-45,New,Silver,2025-12-24,Bengaluru,V01959
CU01960,Female,26-35,Regular,Platinum,2022-08-23,Pune,V01960
CU01961,Female,46-60,New,Silver,2024-11-23,Hyderabad,V01961
CU01962,Male,46-60,New,Platinum,2023-07-18,Lucknow,V01962
CU01963,Male,36-45,Regular,None,2025-09-18,Bengaluru,V01963
CU01964,Male,46-60,New,Platinum,2025-07-16,Lucknow,V01964
CU01965,Female,36-45,New,Gold,2023-05-10,Mumbai,V01965
CU01966,Female,18-25,Regular,Platinum,2024-09-09,Delhi,V01966
CU01967,Male,18-25,New,Silver,2022-09-12,Delhi,V01967
CU01968,Female,18-25,New,Platinum,2024-06-24,Lucknow,V01968
CU01969,Female,36-45,Regular,Gold,2025-10-27,Chennai,V01969
CU01970,Male,26-35,New,Silver,2025-09-09,Chennai,V01970
CU01971,Female,36-45,Regular,Platinum,2023-03-15,Bengaluru,V01971
CU01972,Female,46-60,Regular,Platinum,2022-06-10,Hyderabad,V01972
CU01973,Female,26-35,Regular,None,2022-05-25,Hyderabad,V01973
CU01974,Male,36-45,Regular,Gold,2022-11-24,Lucknow,V01974
CU01975,Female,26-35,Regular,Silver,2022-07-06,Mumbai,V01975
CU01976,Female,18-25,New,None,2022-06-23,Ahmedabad,V01976
CU01977,Male,36-45,New,Gold,2023-07-13,Ahmedabad,V01977
CU01978,Male,36-45,Regular,None,2025-01-06,Mumbai,V01978
CU01979,Female,36-45,Regular,Gold,2024-03-09,Kolkata,V01979
CU01980,Male,46-60,Regular,Silver,2022-01-23,Lucknow,V01980
CU01981,Female,36-45,New,Silver,2022-01-06,Jaipur,V01981
CU01982,Male,36-45,Regular,Silver,2025-12-26,Ahmedabad,V01982
CU01983,Male,18-25,Regular,None,2024-12-28,Jaipur,V01983
CU01984,Female,26-35,New,Platinum,2025-04-13,Bengaluru,V01984
CU01985,Male,46-60,New,Platinum,2023-07-03,Bengaluru,V01985
CU01986,Male,36-45,New,Silver,2022-12-28,Bengaluru,V01986
CU01987,Male,36-45,New,Silver,2024-06-08,Ahmedabad,V01987
CU01988,Male,26-35,New,None,2023-08-02,Delhi,V01988
CU01989,Female,18-25,New,Silver,2025-11-12,Pune,V01989
CU01990,Male,26-35,New,Gold,2022-06-21,Delhi,V01990
CU01991,Female,46-60,Regular,Gold,2025-02-06,Bengaluru,V01991
CU01992,Male,18-25,New,None,2024-08-23,Delhi,V01992
CU01993,Female,46-60,New,Platinum,2023-11-11,Jaipur,V01993
CU01994,Male,18-25,Regular,Gold,2022-05-12,Ahmedabad,V01994
CU01995,Female,26-35,New,Silver,2025-02-17,Lucknow,V01995
CU01996,Female,46-60,New,Silver,2024-04-23,Chennai,V01996
CU01997,Male,46-60,New,Platinum,2024-03-14,Hyderabad,V01997
CU01998,Female,18-25,Regular,Gold,2025-05-25,Ahmedabad,V01998
CU01999,Female,46-60,Regular,Silver,2023-09-21,Delhi,V01999
CU02000,Male,18-25,Regular,Silver,2025-02-24,Pune,V02000
CU02001,Male,36-45,Regular,Silver,2022-10-19,Pune,V02001
CU02002,Female,36-45,Regular,Platinum,2025-04-09,Bengaluru,V02002
CU02003,Female,46-60,New,None,2024-11-16,Ahmedabad,V02003
CU02004,Female,18-25,New,Gold,2022-07-27,Delhi,V02004
CU02005,Female,46-60,New,Silver,2025-12-23,Mumbai,V02005
CU02006,Male,26-35,New,None,2024-10-06,Chennai,V02006
CU02007,Female,18-25,New,None,2024-02-05,Mumbai,V02007
CU02008,Female,36-45,New,None,2024-05-11,Mumbai,V02008
CU02009,Male,46-60,Regular,Gold,2025-01-19,Mumbai,V02009
CU02010,Male,46-60,Regular,Silver,2024-05-11,Lucknow,V02010
CU02011,Male,18-25,Regular,Platinum,2024-06-09,Bengaluru,V02011
CU02012,Male,26-35,Regular,Silver,2025-02-13,Pune,V02012
CU02013,Female,36-45,New,Gold,2024-02-17,Delhi,V02013
CU02014,Male,46-60,New,Platinum,2022-09-09,Hyderabad,V02014
CU02015,Female,26-35,Regular,Gold,2024-09-16,Lucknow,V02015
CU02016,Male,26-35,New,Silver,2025-08-07,Kolkata,V02016
CU02017,Female,26-35,New,None,2022-08-03,Hyderabad,V02017
CU02018,Female,46-60,Regular,Gold,2023-12-08,Jaipur,V02018
CU02019,Female,18-25,Regular,None,2025-09-26,Ahmedabad,V02019
CU02020,Male,26-35,Regular,Silver,2024-09-01,Mumbai,V02020
CU02021,Female,46-60,Regular,Platinum,2024-05-07,Pune,V02021
CU02022,Male,46-60,Regular,Gold,2022-01-18,Kolkata,V02022
CU02023,Male,18-25,New,Gold,2024-01-28,Delhi,V02023
CU02024,Female,46-60,New,Silver,2025-01-09,Pune,V02024
CU02025,Male,18-25,Regular,Gold,2023-08-11,Lucknow,V02025
CU02026,Male,26-35,Regular,Silver,2023-08-15,Lucknow,V02026
CU02027,Female,36-45,Regular,None,2025-05-13,Delhi,V02027
CU02028,Male,36-45,New,Gold,2025-07-15,Hyderabad,V02028
CU02029,Male,18-25,Regular,Silver,2024-10-18,Jaipur,V02029
CU02030,Male,36-45,New,Silver,2025-08-28,Bengaluru,V02030
CU02031,Female,26-35,Regular,Silver,2022-02-19,Delhi,V02031
CU02032,Male,18-25,Regular,None,2025-12-12,Hyderabad,V02032
CU02033,Female,46-60,Regular,Gold,2023-11-25,Mumbai,V02033
CU02034,Female,18-25,Regular,Silver,2024-06-17,Hyderabad,V02034
CU02035,Female,36-45,New,Gold,2025-01-09,Ahmedabad,V02035
CU02036,Male,18-25,New,Silver,2025-05-12,Hyderabad,V02036
CU02037,Female,46-60,Regular,Gold,2025-04-20,Delhi,V02037
CU02038,Male,46-60,Regular,Silver,2022-10-27,Chennai,V02038
CU02039,Male,26-35,Regular,None,2024-10-02,Delhi,V02039
CU02040,Female,36-45,New,None,2022-03-03,Delhi,V02040
CU02041,Female,26-35,New,Silver,2022-01-20,Lucknow,V02041
CU02042,Female,36-45,Regular,Silver,2023-02-09,Jaipur,V02042
CU02043,Male,46-60,Regular,Platinum,2024-03-08,Bengaluru,V02043
CU02044,Female,46-60,Regular,None,2022-11-27,Mumbai,V02044
CU02045,Male,36-45,Regular,Silver,2024-05-13,Chennai,V02045
CU02046,Male,26-35,Regular,None,2023-08-18,Kolkata,V02046
CU02047,Female,46-60,Regular,Silver,2022-02-05,Bengaluru,V02047
CU02048,Male,46-60,Regular,Gold,2024-05-19,Bengaluru,V02048
CU02049,Female,46-60,New,Silver,2024-06-03,Bengaluru,V02049
CU02050,Female,46-60,Regular,Silver,2022-01-07,Kolkata,V02050
CU02051,Male,26-35,New,Gold,2025-03-01,Mumbai,V02051
CU02052,Male,36-45,Regular,Platinum,2023-11-26,Chennai,V02052
CU02053,Female,36-45,New,Platinum,2023-07-24,Hyderabad,V02053
CU02054,Male,26-35,Regular,None,2023-03-04,Hyderabad,V02054
CU02055,Female,46-60,Regular,Silver,2025-05-15,Pune,V02055
CU02056,Female,26-35,Regular,None,2025-04-27,Ahmedabad,V02056
CU02057,Male,36-45,New,Silver,2023-12-22,Kolkata,V02057
CU02058,Female,46-60,New,None,2022-06-05,Chennai,V02058
CU02059,Male,46-60,Regular,None,2022-08-02,Hyderabad,V02059
CU02060,Female,18-25,Regular,Gold,2023-07-08,Chennai,V02060
CU02061,Male,36-45,New,None,2023-08-14,Ahmedabad,V02061
CU02062,Male,46-60,New,Platinum,2022-09-18,Bengaluru,V02062
CU02063,Male,26-35,Regular,None,2024-10-08,Delhi,V02063
CU02064,Female,18-25,New,Platinum,2025-02-13,Jaipur,V02064
CU02065,Female,26-35,New,Gold,2022-06-27,Ahmedabad,V02065
CU02066,Male,36-45,New,Gold,2024-05-16,Bengaluru,V02066
CU02067,Female,26-35,Regular,Silver,2025-04-25,Mumbai,V02067
CU02068,Male,26-35,Regular,Silver,2023-03-15,Ahmedabad,V02068
CU02069,Female,26-35,Regular,Gold,2024-11-04,Pune,V02069
CU02070,Male,36-45,New,Silver,2024-03-26,Bengaluru,V02070
CU02071,Male,46-60,Regular,None,2022-09-19,Bengaluru,V02071
CU02072,Female,36-45,New,Platinum,2022-03-10,Mumbai,V02072
CU02073,Female,18-25,New,Silver,2025-10-23,Kolkata,V02073
CU02074,Female,26-35,Regular,Platinum,2022-02-02,Bengaluru,V02074
CU02075,Male,36-45,New,Silver,2024-08-01,Chennai,V02075
CU02076,Female,46-60,Regular,Platinum,2025-11-12,Pune,V02076
CU02077,Female,46-60,New,None,2025-09-05,Mumbai,V02077
CU02078,Female,36-45,New,Silver,2022-05-18,Delhi,V02078
CU02079,Female,18-25,New,Platinum,2024-03-23,Chennai,V02079
CU02080,Male,46-60,Regular,Silver,2025-07-02,Kolkata,V02080
CU02081,Female,26-35,Regular,Platinum,2025-12-02,Pune,V02081
CU02082,Female,26-35,New,Platinum,2025-12-20,Jaipur,V02082
CU02083,Female,36-45,New,Silver,2022-09-20,Delhi,V02083
CU02084,Male,46-60,Regular,Platinum,2025-01-17,Ahmedabad,V02084
CU02085,Male,26-35,New,Platinum,2024-11-28,Bengaluru,V02085
CU02086,Male,36-45,New,None,2025-04-19,Lucknow,V02086
CU02087,Male,36-45,New,Silver,2024-12-01,Delhi,V02087
CU02088,Male,26-35,Regular,Silver,2022-10-23,Jaipur,V02088
CU02089,Female,46-60,New,None,2024-11-22,Lucknow,V02089
CU02090,Male,26-35,New,Gold,2022-04-08,Ahmedabad,V02090
CU02091,Female,36-45,New,Platinum,2024-12-02,Ahmedabad,V02091
CU02092,Female,46-60,New,Platinum,2022-11-23,Ahmedabad,V02092
CU02093,Male,26-35,New,Gold,2024-10-25,Mumbai,V02093
CU02094,Male,46-60,Regular,Silver,2024-01-23,Jaipur,V02094
CU02095,Male,36-45,New,None,2025-04-13,Delhi,V02095
CU02096,Male,18-25,Regular,Gold,2024-11-22,Ahmedabad,V02096
CU02097,Male,46-60,Regular,Silver,2022-09-24,Hyderabad,V02097
CU02098,Female,18-25,New,Gold,2024-08-12,Lucknow,V02098
CU02099,Male,36-45,Regular,None,2025-07-08,Pune,V02099
CU02100,Male,46-60,Regular,Platinum,2022-02-28,Bengaluru,V02100
CU02101,Male,26-35,Regular,Gold,2022-11-12,Lucknow,V02101
CU02102,Male,26-35,Regular,Platinum,2025-01-27,Bengaluru,V02102
CU02103,Male,46-60,New,Platinum,2024-01-22,Mumbai,V02103
CU02104,Male,36-45,New,None,2025-08-26,Kolkata,V02104
CU02105,Male,46-60,New,Platinum,2025-08-06,Hyderabad,V02105
CU02106,Female,26-35,Regular,None,2023-11-16,Delhi,V02106
CU02107,Female,36-45,Regular,Gold,2023-07-20,Delhi,V02107
CU02108,Male,46-60,Regular,Silver,2025-07-23,Chennai,V02108
CU02109,Male,46-60,New,None,2024-04-21,Pune,V02109
CU02110,Male,46-60,New,Platinum,2022-11-05,Bengaluru,V02110
CU02111,Male,36-45,New,None,2022-01-22,Pune,V02111
CU02112,Male,26-35,New,Gold,2025-01-27,Mumbai,V02112
CU02113,Male,36-45,New,Platinum,2023-12-04,Hyderabad,V02113
CU02114,Female,18-25,Regular,Platinum,2025-05-22,Hyderabad,V02114
CU02115,Male,46-60,New,Platinum,2024-08-09,Kolkata,V02115
CU02116,Male,18-25,Regular,Gold,2024-12-28,Pune,V02116
CU02117,Female,36-45,Regular,Gold,2025-06-26,Hyderabad,V02117
CU02118,Male,36-45,New,None,2023-03-26,Bengaluru,V02118
CU02119,Female,46-60,Regular,Silver,2022-09-18,Lucknow,V02119
CU02120,Female,18-25,New,Silver,2022-05-08,Hyderabad,V02120
CU02121,Male,36-45,New,Gold,2024-11-05,Chennai,V02121
CU02122,Male,46-60,Regular,Silver,2023-10-26,Chennai,V02122
CU02123,Female,26-35,New,Silver,2025-08-13,Hyderabad,V02123
CU02124,Male,26-35,New,Platinum,2023-05-04,Delhi,V02124
CU02125,Male,46-60,New,None,2022-04-21,Kolkata,V02125
CU02126,Male,36-45,Regular,Gold,2023-08-19,Jaipur,V02126
CU02127,Male,36-45,New,Silver,2022-01-12,Pune,V02127
CU02128,Male,46-60,Regular,None,2022-12-26,Hyderabad,V02128
CU02129,Male,46-60,New,Gold,2025-12-01,Ahmedabad,V02129
CU02130,Male,18-25,Regular,Platinum,2024-12-15,Hyderabad,V02130
CU02131,Female,46-60,New,Silver,2024-10-15,Jaipur,V02131
CU02132,Female,46-60,New,Silver,2024-11-06,Ahmedabad,V02132
CU02133,Male,18-25,Regular,Silver,2024-12-28,Mumbai,V02133
CU02134,Female,36-45,Regular,None,2024-10-17,Lucknow,V02134
CU02135,Female,46-60,Regular,Silver,2022-06-05,Mumbai,V02135
CU02136,Female,36-45,Regular,Platinum,2024-05-11,Chennai,V02136
CU02137,Male,18-25,Regular,Silver,2023-06-01,Pune,V02137
CU02138,Male,46-60,Regular,Gold,2024-09-11,Chennai,V02138
CU02139,Male,46-60,New,Platinum,2024-12-12,Lucknow,V02139
CU02140,Female,46-60,New,Silver,2024-10-08,Bengaluru,V02140
CU02141,Male,26-35,Regular,Platinum,2022-12-07,Pune,V02141
CU02142,Female,46-60,New,Silver,2024-06-25,Pune,V02142
CU02143,Male,46-60,Regular,Platinum,2024-02-07,Hyderabad,V02143
CU02144,Male,26-35,New,Gold,2025-11-28,Ahmedabad,V02144
CU02145,Female,26-35,New,Gold,2022-05-24,Bengaluru,V02145
CU02146,Male,26-35,New,Gold,2022-09-22,Ahmedabad,V02146
CU02147,Male,26-35,Regular,Platinum,2023-08-23,Mumbai,V02147
CU02148,Male,26-35,New,Silver,2025-01-07,Jaipur,V02148
CU02149,Female,36-45,New,Silver,2023-03-14,Kolkata,V02149
CU02150,Female,46-60,New,None,2022-01-06,Chennai,V02150
CU02151,Female,26-35,New,None,2025-06-25,Jaipur,V02151
CU02152,Male,46-60,Regular,None,2022-10-23,Pune,V02152
CU02153,Male,18-25,Regular,Silver,2024-08-23,Delhi,V02153
CU02154,Female,46-60,Regular,Platinum,2024-05-22,Pune,V02154
CU02155,Female,36-45,New,Platinum,2024-04-02,Chennai,V02155
CU02156,Female,18-25,New,Platinum,2025-10-15,Hyderabad,V02156
CU02157,Female,26-35,New,None,2022-12-24,Mumbai,V02157
CU02158,Male,18-25,New,None,2023-03-16,Lucknow,V02158
CU02159,Male,36-45,Regular,Silver,2022-04-19,Bengaluru,V02159
CU02160,Female,18-25,New,None,2022-12-01,Lucknow,V02160
CU02161,Female,18-25,New,None,2024-01-24,Bengaluru,V02161
CU02162,Female,18-25,New,Platinum,2025-06-08,Hyderabad,V02162
CU02163,Female,18-25,Regular,Gold,2022-02-15,Chennai,V02163
CU02164,Female,36-45,Regular,None,2025-04-25,Lucknow,V02164
CU02165,Female,18-25,New,Gold,2025-01-19,Chennai,V02165
CU02166,Female,26-35,Regular,Platinum,2023-09-01,Lucknow,V02166
CU02167,Male,36-45,Regular,Platinum,2023-12-11,Ahmedabad,V02167
CU02168,Female,46-60,New,Gold,2022-09-20,Kolkata,V02168
CU02169,Female,26-35,New,Silver,2025-05-08,Hyderabad,V02169
CU02170,Female,18-25,Regular,Silver,2024-03-23,Jaipur,V02170
CU02171,Male,36-45,Regular,None,2023-08-21,Ahmedabad,V02171
CU02172,Male,26-35,New,None,2024-04-09,Bengaluru,V02172
CU02173,Male,46-60,Regular,Gold,2025-01-15,Chennai,V02173
CU02174,Male,36-45,New,Silver,2023-09-19,Hyderabad,V02174
CU02175,Female,18-25,Regular,Silver,2025-09-08,Delhi,V02175
CU02176,Female,36-45,New,Gold,2023-11-22,Ahmedabad,V02176
CU02177,Male,26-35,New,Platinum,2025-05-12,Delhi,V02177
CU02178,Female,18-25,Regular,None,2023-07-12,Kolkata,V02178
CU02179,Male,36-45,Regular,Platinum,2024-11-16,Bengaluru,V02179
CU02180,Female,18-25,Regular,Platinum,2022-05-23,Pune,V02180
CU02181,Male,46-60,Regular,None,2025-03-17,Kolkata,V02181
CU02182,Female,46-60,New,Platinum,2025-06-03,Ahmedabad,V02182
CU02183,Female,36-45,New,None,2024-09-27,Delhi,V02183
CU02184,Male,46-60,New,Silver,2022-12-05,Mumbai,V02184
CU02185,Male,46-60,Regular,Platinum,2022-03-16,Jaipur,V02185
CU02186,Male,46-60,New,Silver,2025-10-03,Mumbai,V02186
CU02187,Female,46-60,New,Gold,2022-07-18,Jaipur,V02187
CU02188,Male,26-35,Regular,Silver,2025-10-19,Mumbai,V02188
CU02189,Male,36-45,Regular,Platinum,2025-10-14,Bengaluru,V02189
CU02190,Male,18-25,New,None,2024-03-07,Pune,V02190
CU02191,Male,18-25,New,None,2025-12-18,Delhi,V02191
CU02192,Female,36-45,New,Silver,2022-04-08,Hyderabad,V02192
CU02193,Male,18-25,Regular,Gold,2025-12-09,Hyderabad,V02193
CU02194,Male,18-25,New,None,2023-05-10,Delhi,V02194
CU02195,Female,26-35,Regular,Platinum,2025-07-19,Kolkata,V02195
CU02196,Male,26-35,Regular,Platinum,2024-08-22,Mumbai,V02196
CU02197,Female,26-35,New,Gold,2025-06-19,Hyderabad,V02197
CU02198,Male,46-60,New,None,2024-06-14,Ahmedabad,V02198
CU02199,Female,46-60,Regular,Platinum,2023-06-15,Ahmedabad,V02199
CU02200,Female,26-35,Regular,Silver,2022-12-04,Hyderabad,V02200
CU02201,Male,26-35,New,None,2024-07-11,Ahmedabad,V02201
CU02202,Female,26-35,Regular,None,2022-04-17,Jaipur,V02202
CU02203,Female,46-60,Regular,Gold,2025-07-27,Kolkata,V02203
CU02204,Female,46-60,New,None,2022-10-09,Lucknow,V02204
CU02205,Male,36-45,New,None,2022-06-04,Jaipur,V02205
CU02206,Male,18-25,Regular,None,2023-02-22,Ahmedabad,V02206
CU02207,Male,36-45,New,Gold,2024-05-10,Pune,V02207
CU02208,Male,46-60,New,Silver,2023-09-03,Ahmedabad,V02208
CU02209,Female,18-25,New,Gold,2023-08-05,Chennai,V02209
CU02210,Male,26-35,Regular,Platinum,2023-05-27,Jaipur,V02210
CU02211,Male,26-35,New,Gold,2022-05-22,Lucknow,V02211
CU02212,Male,36-45,Regular,Silver,2023-03-15,Bengaluru,V02212
CU02213,Female,46-60,Regular,Platinum,2025-03-14,Hyderabad,V02213
CU02214,Female,36-45,Regular,Gold,2022-04-22,Pune,V02214
CU02215,Male,46-60,New,Silver,2022-08-15,Mumbai,V02215
CU02216,Female,46-60,New,None,2025-09-11,Jaipur,V02216
CU02217,Male,36-45,Regular,Silver,2022-11-05,Ahmedabad,V02217
CU02218,Female,46-60,New,None,2025-01-09,Pune,V02218
CU02219,Male,18-25,Regular,None,2025-03-12,Pune,V02219
CU02220,Male,46-60,New,Silver,2022-06-11,Jaipur,V02220
CU02221,Female,36-45,New,Platinum,2023-01-11,Chennai,V02221
CU02222,Male,46-60,Regular,Silver,2024-04-19,Lucknow,V02222
CU02223,Male,36-45,New,Platinum,2023-06-16,Hyderabad,V02223
CU02224,Female,36-45,Regular,Silver,2024-10-07,Jaipur,V02224
CU02225,Female,46-60,Regular,Platinum,2022-04-28,Ahmedabad,V02225
CU02226,Male,26-35,Regular,None,2023-03-07,Lucknow,V02226
CU02227,Female,26-35,Regular,None,2024-02-10,Pune,V02227
CU02228,Female,36-45,Regular,None,2024-06-01,Hyderabad,V02228
CU02229,Female,18-25,New,None,2022-01-03,Ahmedabad,V02229
CU02230,Male,36-45,New,None,2022-09-20,Mumbai,V02230
CU02231,Female,36-45,Regular,Platinum,2025-09-12,Ahmedabad,V02231
CU02232,Female,46-60,Regular,Silver,2023-03-21,Pune,V02232
CU02233,Female,36-45,New,Gold,2025-01-18,Pune,V02233
CU02234,Male,18-25,Regular,None,2023-05-10,Jaipur,V02234
CU02235,Female,46-60,New,Gold,2024-09-03,Kolkata,V02235
CU02236,Female,36-45,Regular,None,2024-09-12,Chennai,V02236
CU02237,Male,36-45,Regular,Gold,2023-08-03,Kolkata,V02237
CU02238,Female,46-60,Regular,Gold,2022-08-25,Jaipur,V02238
CU02239,Female,26-35,New,Gold,2024-03-18,Pune,V02239
CU02240,Female,18-25,New,Silver,2025-05-04,Kolkata,V02240
CU02241,Female,46-60,New,Silver,2024-07-13,Kolkata,V02241
CU02242,Female,46-60,Regular,None,2024-05-06,Delhi,V02242
CU02243,Female,36-45,Regular,None,2023-02-22,Pune,V02243
CU02244,Female,18-25,New,Silver,2025-11-09,Lucknow,V02244
CU02245,Male,46-60,New,Gold,2023-11-08,Lucknow,V02245
CU02246,Female,46-60,Regular,Platinum,2025-03-03,Jaipur,V02246
CU02247,Female,46-60,Regular,Silver,2024-01-09,Mumbai,V02247
CU02248,Male,18-25,Regular,Gold,2022-11-16,Pune,V02248
CU02249,Female,26-35,New,Platinum,2025-08-10,Chennai,V02249
CU02250,Male,26-35,Regular,Platinum,2023-02-17,Ahmedabad,V02250
CU02251,Male,46-60,New,Gold,2023-08-12,Bengaluru,V02251
CU02252,Male,46-60,New,Silver,2024-07-28,Ahmedabad,V02252
CU02253,Female,46-60,New,None,2022-11-26,Kolkata,V02253
CU02254,Female,18-25,New,Silver,2025-02-12,Lucknow,V02254
CU02255,Male,18-25,New,Platinum,2024-07-12,Jaipur,V02255
CU02256,Female,18-25,Regular,None,2025-09-21,Chennai,V02256
CU02257,Male,36-45,Regular,Gold,2022-07-17,Bengaluru,V02257
CU02258,Female,36-45,New,Gold,2024-12-26,Hyderabad,V02258
CU02259,Female,18-25,Regular,Gold,2025-01-19,Pune,V02259
CU02260,Female,26-35,New,None,2022-04-01,Ahmedabad,V02260
CU02261,Male,18-25,Regular,Silver,2022-10-20,Jaipur,V02261
CU02262,Male,18-25,New,Platinum,2023-12-06,Pune,V02262
CU02263,Female,26-35,Regular,Silver,2022-12-28,Mumbai,V02263
CU02264,Male,36-45,New,Silver,2022-01-05,Mumbai,V02264
CU02265,Male,26-35,Regular,None,2023-05-13,Lucknow,V02265
CU02266,Female,18-25,Regular,Silver,2023-11-04,Chennai,V02266
CU02267,Female,18-25,Regular,Silver,2023-02-12,Lucknow,V02267
CU02268,Male,36-45,Regular,None,2023-02-21,Lucknow,V02268
CU02269,Male,18-25,New,Gold,2022-11-09,Jaipur,V02269
CU02270,Female,18-25,Regular,Platinum,2023-11-22,Pune,V02270
CU02271,Male,36-45,New,Platinum,2024-12-14,Lucknow,V02271
CU02272,Female,36-45,New,Silver,2023-11-23,Chennai,V02272
CU02273,Male,36-45,Regular,Silver,2024-05-05,Hyderabad,V02273
CU02274,Male,46-60,Regular,Platinum,2022-04-08,Delhi,V02274
CU02275,Male,26-35,Regular,None,2023-06-03,Ahmedabad,V02275
CU02276,Female,26-35,New,Silver,2023-07-15,Bengaluru,V02276
CU02277,Female,36-45,New,Gold,2022-06-03,Hyderabad,V02277
CU02278,Male,26-35,New,Platinum,2022-06-26,Hyderabad,V02278
CU02279,Male,26-35,Regular,Gold,2025-05-02,Ahmedabad,V02279
CU02280,Female,26-35,Regular,None,2024-03-06,Hyderabad,V02280
CU02281,Female,46-60,Regular,None,2024-06-26,Jaipur,V02281
CU02282,Female,26-35,New,Gold,2023-08-14,Pune,V02282
CU02283,Female,46-60,New,Platinum,2023-05-18,Mumbai,V02283
CU02284,Female,36-45,New,Gold,2023-11-04,Kolkata,V02284
CU02285,Male,18-25,Regular,Silver,2024-06-15,Hyderabad,V02285
CU02286,Female,36-45,New,None,2025-06-10,Bengaluru,V02286
CU02287,Male,26-35,Regular,Silver,2025-12-05,Lucknow,V02287
CU02288,Male,36-45,New,Platinum,2025-12-26,Delhi,V02288
CU02289,Male,36-45,New,Platinum,2024-01-12,Hyderabad,V02289
CU02290,Female,26-35,New,Gold,2023-06-28,Bengaluru,V02290
CU02291,Female,26-35,Regular,Silver,2025-09-25,Lucknow,V02291
CU02292,Male,26-35,New,Gold,2023-04-04,Chennai,V02292
CU02293,Female,36-45,New,Gold,2022-11-11,Delhi,V02293
CU02294,Male,18-25,New,None,2024-05-01,Mumbai,V02294
CU02295,Female,36-45,Regular,Gold,2023-04-13,Kolkata,V02295
CU02296,Female,26-35,Regular,Silver,2022-01-10,Chennai,V02296
CU02297,Male,36-45,Regular,Platinum,2025-03-04,Kolkata,V02297
CU02298,Female,46-60,Regular,Platinum,2022-06-22,Chennai,V02298
CU02299,Male,46-60,Regular,Platinum,2024-02-23,Pune,V02299
CU02300,Female,46-60,New,Gold,2022-09-05,Lucknow,V02300
CU02301,Male,26-35,New,Gold,2024-04-15,Jaipur,V02301
CU02302,Male,36-45,New,Gold,2022-02-21,Bengaluru,V02302
CU02303,Female,36-45,Regular,None,2022-07-17,Mumbai,V02303
CU02304,Female,26-35,New,Silver,2025-10-06,Ahmedabad,V02304
CU02305,Female,26-35,Regular,Platinum,2025-05-07,Ahmedabad,V02305
CU02306,Male,36-45,Regular,Silver,2024-08-16,Hyderabad,V02306
CU02307,Female,36-45,Regular,Silver,2022-01-05,Bengaluru,V02307
CU02308,Male,46-60,New,Silver,2024-11-16,Ahmedabad,V02308
CU02309,Female,46-60,New,None,2024-11-20,Kolkata,V02309
CU02310,Female,36-45,New,Silver,2025-02-14,Bengaluru,V02310
CU02311,Male,36-45,New,Gold,2024-05-15,Chennai,V02311
CU02312,Male,36-45,New,Silver,2022-10-10,Chennai,V02312
CU02313,Male,46-60,Regular,Platinum,2023-08-04,Lucknow,V02313
CU02314,Male,36-45,New,Platinum,2023-10-02,Chennai,V02314
CU02315,Female,46-60,Regular,None,2025-08-24,Bengaluru,V02315
CU02316,Female,46-60,Regular,Platinum,2024-12-15,Ahmedabad,V02316
CU02317,Male,36-45,Regular,None,2023-01-10,Delhi,V02317
CU02318,Male,36-45,Regular,Platinum,2025-12-01,Bengaluru,V02318
CU02319,Male,18-25,New,Silver,2024-01-12,Jaipur,V02319
CU02320,Female,18-25,New,Silver,2025-08-10,Kolkata,V02320
CU02321,Female,46-60,Regular,Silver,2023-03-14,Ahmedabad,V02321
CU02322,Male,36-45,Regular,None,2023-05-27,Mumbai,V02322
CU02323,Female,36-45,New,Platinum,2023-12-10,Lucknow,V02323
CU02324,Male,36-45,Regular,Gold,2024-02-23,Jaipur,V02324
CU02325,Male,26-35,New,Platinum,2024-02-06,Kolkata,V02325
CU02326,Male,18-25,Regular,Platinum,2022-03-07,Bengaluru,V02326
CU02327,Female,46-60,Regular,Silver,2025-12-16,Mumbai,V02327
CU02328,Female,36-45,Regular,Silver,2022-04-04,Hyderabad,V02328
CU02329,Female,18-25,New,Platinum,2022-12-23,Mumbai,V02329
CU02330,Male,46-60,Regular,Gold,2022-04-10,Mumbai,V02330
CU02331,Male,18-25,New,Silver,2024-11-21,Chennai,V02331
CU02332,Female,18-25,Regular,Silver,2025-12-02,Delhi,V02332
CU02333,Male,26-35,New,Silver,2025-04-27,Ahmedabad,V02333
CU02334,Female,46-60,New,Silver,2023-07-22,Hyderabad,V02334
CU02335,Male,46-60,Regular,Platinum,2025-05-22,Kolkata,V02335
CU02336,Male,26-35,New,Platinum,2022-05-17,Kolkata,V02336
CU02337,Male,36-45,New,Platinum,2023-05-11,Chennai,V02337
CU02338,Male,36-45,New,Platinum,2022-03-18,Jaipur,V02338
CU02339,Female,18-25,New,Platinum,2025-01-25,Ahmedabad,V02339
CU02340,Male,26-35,New,Gold,2023-07-24,Chennai,V02340
CU02341,Male,26-35,New,Gold,2024-03-20,Hyderabad,V02341
CU02342,Male,26-35,New,Platinum,2023-04-18,Hyderabad,V02342
CU02343,Male,46-60,New,Silver,2022-05-14,Pune,V02343
CU02344,Male,18-25,Regular,Silver,2022-04-04,Mumbai,V02344
CU02345,Male,46-60,Regular,None,2024-10-14,Ahmedabad,V02345
CU02346,Male,18-25,Regular,Platinum,2024-12-17,Jaipur,V02346
CU02347,Female,18-25,Regular,None,2022-12-01,Lucknow,V02347
CU02348,Female,18-25,New,None,2024-02-21,Chennai,V02348
CU02349,Female,36-45,New,Gold,2024-06-23,Bengaluru,V02349
CU02350,Female,18-25,New,None,2022-04-07,Jaipur,V02350
CU02351,Male,36-45,Regular,None,2022-02-06,Jaipur,V02351
CU02352,Female,46-60,Regular,None,2023-06-21,Pune,V02352
CU02353,Male,26-35,Regular,Silver,2023-03-02,Hyderabad,V02353
CU02354,Male,36-45,New,Gold,2022-03-12,Kolkata,V02354
CU02355,Male,46-60,Regular,Silver,2023-02-12,Ahmedabad,V02355
CU02356,Male,36-45,Regular,Gold,2024-06-22,Lucknow,V02356
CU02357,Female,18-25,New,None,2024-07-06,Pune,V02357
CU02358,Female,26-35,Regular,None,2024-06-01,Delhi,V02358
CU02359,Male,18-25,Regular,Platinum,2024-03-17,Chennai,V02359
CU02360,Female,46-60,Regular,Gold,2022-12-18,Delhi,V02360
CU02361,Female,26-35,Regular,Gold,2025-08-06,Chennai,V02361
CU02362,Male,26-35,Regular,Platinum,2023-05-08,Mumbai,V02362
CU02363,Male,46-60,Regular,Silver,2024-03-02,Bengaluru,V02363
CU02364,Female,36-45,New,Gold,2023-01-07,Jaipur,V02364
CU02365,Female,18-25,New,Silver,2024-09-03,Lucknow,V02365
CU02366,Male,26-35,Regular,Gold,2024-03-12,Bengaluru,V02366
CU02367,Male,18-25,Regular,None,2024-11-01,Ahmedabad,V02367
CU02368,Female,36-45,Regular,Silver,2022-07-11,Jaipur,V02368
CU02369,Female,46-60,New,Gold,2024-08-01,Lucknow,V02369
CU02370,Male,36-45,Regular,Silver,2025-03-03,Mumbai,V02370
CU02371,Female,36-45,New,Gold,2025-07-12,Pune,V02371
CU02372,Male,26-35,New,Gold,2023-01-01,Kolkata,V02372
CU02373,Female,46-60,Regular,Platinum,2025-12-08,Ahmedabad,V02373
CU02374,Female,36-45,Regular,Silver,2023-07-13,Jaipur,V02374
CU02375,Male,18-25,Regular,Gold,2025-07-23,Lucknow,V02375
CU02376,Female,36-45,New,None,2025-10-07,Kolkata,V02376
CU02377,Male,18-25,New,None,2024-11-01,Delhi,V02377
CU02378,Male,46-60,New,None,2024-10-27,Kolkata,V02378
CU02379,Male,26-35,New,Gold,2025-08-20,Mumbai,V02379
CU02380,Male,46-60,New,None,2023-04-09,Kolkata,V02380
CU02381,Female,18-25,New,Gold,2023-08-08,Hyderabad,V02381
CU02382,Female,36-45,New,Platinum,2022-03-17,Ahmedabad,V02382
CU02383,Female,18-25,Regular,Gold,2025-06-03,Delhi,V02383
CU02384,Male,36-45,Regular,Silver,2022-03-11,Pune,V02384
CU02385,Male,46-60,Regular,None,2023-03-22,Bengaluru,V02385
CU02386,Male,26-35,New,Platinum,2023-06-26,Ahmedabad,V02386
CU02387,Female,26-35,New,Silver,2023-03-01,Chennai,V02387
CU02388,Male,26-35,Regular,Gold,2023-04-28,Lucknow,V02388
CU02389,Male,36-45,Regular,None,2024-01-07,Mumbai,V02389
CU02390,Male,46-60,New,Gold,2022-07-11,Chennai,V02390
CU02391,Male,46-60,Regular,Platinum,2022-01-22,Chennai,V02391
CU02392,Female,26-35,Regular,Gold,2023-09-05,Mumbai,V02392
CU02393,Male,18-25,New,Platinum,2025-01-08,Lucknow,V02393
CU02394,Female,18-25,New,Platinum,2024-04-21,Pune,V02394
CU02395,Female,18-25,Regular,None,2023-08-17,Pune,V02395
CU02396,Female,26-35,Regular,Silver,2023-04-10,Hyderabad,V02396
CU02397,Female,26-35,New,Silver,2025-05-03,Mumbai,V02397
CU02398,Female,26-35,New,None,2025-11-15,Ahmedabad,V02398
CU02399,Female,46-60,Regular,Silver,2022-01-21,Jaipur,V02399
CU02400,Female,46-60,Regular,Gold,2025-10-22,Jaipur,V02400
CU02401,Female,46-60,New,Gold,2025-01-03,Jaipur,V02401
CU02402,Male,46-60,New,Silver,2024-11-25,Lucknow,V02402
CU02403,Female,18-25,Regular,Platinum,2024-09-17,Ahmedabad,V02403
CU02404,Female,46-60,New,Platinum,2023-07-10,Ahmedabad,V02404
CU02405,Male,36-45,Regular,None,2023-07-28,Hyderabad,V02405
CU02406,Male,26-35,New,Gold,2024-11-06,Kolkata,V02406
CU02407,Female,26-35,Regular,None,2022-08-27,Kolkata,V02407
CU02408,Male,36-45,Regular,Platinum,2025-07-21,Kolkata,V02408
CU02409,Male,46-60,New,Platinum,2025-05-05,Ahmedabad,V02409
CU02410,Female,18-25,Regular,Gold,2022-04-07,Chennai,V02410
CU02411,Male,46-60,New,Platinum,2023-04-03,Jaipur,V02411
CU02412,Female,46-60,Regular,None,2025-11-22,Mumbai,V02412
CU02413,Female,36-45,Regular,Silver,2022-08-06,Kolkata,V02413
CU02414,Female,36-45,Regular,Platinum,2024-01-03,Jaipur,V02414
CU02415,Male,18-25,New,None,2022-06-05,Delhi,V02415
CU02416,Female,36-45,New,None,2024-02-03,Chennai,V02416
CU02417,Male,18-25,Regular,Silver,2024-05-05,Delhi,V02417
CU02418,Female,46-60,New,Platinum,2022-11-04,Kolkata,V02418
CU02419,Male,36-45,Regular,Platinum,2023-01-11,Kolkata,V02419
CU02420,Male,46-60,New,Platinum,2025-08-15,Hyderabad,V02420
CU02421,Male,46-60,Regular,Gold,2023-01-27,Delhi,V02421
CU02422,Female,36-45,New,None,2024-12-05,Kolkata,V02422
CU02423,Female,18-25,Regular,None,2024-04-25,Chennai,V02423
CU02424,Male,36-45,New,Silver,2023-01-20,Lucknow,V02424
CU02425,Male,46-60,New,Gold,2024-05-20,Mumbai,V02425
CU02426,Male,46-60,New,Silver,2022-07-08,Chennai,V02426
CU02427,Male,36-45,Regular,None,2025-12-03,Mumbai,V02427
CU02428,Male,26-35,New,Platinum,2024-09-27,Bengaluru,V02428
CU02429,Female,36-45,New,Silver,2025-09-11,Hyderabad,V02429
CU02430,Male,26-35,Regular,Gold,2025-02-16,Delhi,V02430
CU02431,Male,18-25,Regular,Silver,2024-11-20,Delhi,V02431
CU02432,Male,36-45,Regular,Platinum,2022-04-28,Hyderabad,V02432
CU02433,Male,36-45,Regular,None,2023-08-10,Hyderabad,V02433
CU02434,Male,46-60,New,Gold,2023-03-11,Mumbai,V02434
CU02435,Female,46-60,New,None,2022-03-07,Kolkata,V02435
CU02436,Female,46-60,Regular,Platinum,2023-03-13,Mumbai,V02436
CU02437,Female,36-45,Regular,Platinum,2024-11-16,Hyderabad,V02437
CU02438,Female,18-25,Regular,None,2022-10-25,Ahmedabad,V02438
CU02439,Female,18-25,Regular,Silver,2022-04-25,Chennai,V02439
CU02440,Female,36-45,New,Platinum,2023-01-10,Lucknow,V02440
CU02441,Female,26-35,Regular,Gold,2023-07-25,Jaipur,V02441
CU02442,Female,46-60,Regular,Platinum,2025-06-07,Hyderabad,V02442
CU02443,Female,36-45,New,Gold,2022-06-25,Ahmedabad,V02443
CU02444,Female,18-25,Regular,None,2022-05-11,Pune,V02444
CU02445,Female,18-25,Regular,Silver,2023-01-09,Mumbai,V02445
CU02446,Female,46-60,Regular,None,2023-08-10,Kolkata,V02446
CU02447,Male,36-45,Regular,None,2025-05-01,Pune,V02447
CU02448,Female,46-60,New,Gold,2022-02-06,Lucknow,V02448
CU02449,Female,18-25,Regular,Platinum,2024-02-23,Ahmedabad,V02449
CU02450,Female,36-45,New,None,2022-12-02,Hyderabad,V02450
CU02451,Female,26-35,Regular,Platinum,2024-03-05,Delhi,V02451
CU02452,Female,18-25,Regular,Silver,2023-10-24,Chennai,V02452
CU02453,Female,18-25,New,None,2025-11-28,Ahmedabad,V02453
CU02454,Female,46-60,New,Silver,2022-04-18,Jaipur,V02454
CU02455,Male,18-25,New,Gold,2023-09-11,Delhi,V02455
CU02456,Male,18-25,New,None,2025-05-19,Chennai,V02456
CU02457,Male,26-35,New,None,2025-03-13,Mumbai,V02457
CU02458,Female,46-60,New,None,2022-06-01,Delhi,V02458
CU02459,Male,46-60,New,Silver,2024-03-10,Mumbai,V02459
CU02460,Male,46-60,Regular,None,2023-06-28,Pune,V02460
CU02461,Female,36-45,Regular,None,2024-08-09,Delhi,V02461
CU02462,Male,26-35,Regular,Gold,2022-03-15,Chennai,V02462
CU02463,Male,26-35,New,Gold,2024-08-13,Mumbai,V02463
CU02464,Female,18-25,New,Silver,2024-05-23,Bengaluru,V02464
CU02465,Female,36-45,New,Gold,2023-11-28,Kolkata,V02465
CU02466,Male,26-35,Regular,Gold,2022-03-03,Jaipur,V02466
CU02467,Female,46-60,New,Platinum,2024-02-02,Bengaluru,V02467
CU02468,Female,36-45,New,Gold,2025-10-08,Kolkata,V02468
CU02469,Female,36-45,Regular,None,2023-10-01,Delhi,V02469
CU02470,Female,46-60,Regular,Platinum,2023-01-23,Ahmedabad,V02470
CU02471,Female,36-45,Regular,Gold,2022-04-09,Hyderabad,V02471
CU02472,Female,26-35,New,None,2025-06-23,Lucknow,V02472
CU02473,Female,46-60,New,Platinum,2024-04-17,Mumbai,V02473
CU02474,Male,36-45,New,Silver,2024-07-13,Hyderabad,V02474
CU02475,Male,46-60,New,Gold,2024-02-11,Ahmedabad,V02475
CU02476,Male,46-60,Regular,None,2025-04-12,Delhi,V02476
CU02477,Female,46-60,Regular,None,2022-10-12,Bengaluru,V02477
CU02478,Male,46-60,New,Silver,2022-09-17,Kolkata,V02478
CU02479,Female,36-45,Regular,Platinum,2025-11-15,Delhi,V02479
CU02480,Female,36-45,Regular,Silver,2023-05-09,Kolkata,V02480
CU02481,Male,18-25,Regular,None,2024-10-05,Bengaluru,V02481
CU02482,Female,18-25,Regular,None,2023-01-06,Lucknow,V02482
CU02483,Female,26-35,New,Silver,2023-03-05,Delhi,V02483
CU02484,Female,18-25,New,Silver,2023-06-06,Chennai,V02484
CU02485,Male,36-45,Regular,Silver,2024-09-18,Lucknow,V02485
CU02486,Male,18-25,Regular,None,2024-11-22,Mumbai,V02486
CU02487,Female,18-25,New,Gold,2025-11-23,Bengaluru,V02487
CU02488,Female,36-45,Regular,Silver,2025-10-28,Bengaluru,V02488
CU02489,Female,36-45,Regular,Gold,2022-08-25,Delhi,V02489
CU02490,Male,18-25,New,None,2025-11-20,Mumbai,V02490
CU02491,Female,36-45,New,Platinum,2025-10-06,Mumbai,V02491
CU02492,Female,26-35,Regular,Gold,2023-01-17,Bengaluru,V02492
CU02493,Male,46-60,New,Gold,2025-09-27,Bengaluru,V02493
CU02494,Male,46-60,Regular,None,2025-02-24,Mumbai,V02494
CU02495,Female,36-45,New,Platinum,2025-07-25,Delhi,V02495
CU02496,Male,36-45,New,Silver,2022-05-20,Chennai,V02496
CU02497,Female,18-25,New,Silver,2024-06-08,Bengaluru,V02497
CU02498,Male,26-35,New,Platinum,2023-10-02,Hyderabad,V02498
CU02499,Male,26-35,New,None,2022-01-12,Delhi,V02499
CU02500,Male,26-35,New,Platinum,2023-06-22,Kolkata,V02500
CU02501,Female,18-25,Regular,None,2023-03-18,Lucknow,V02501
CU02502,Male,26-35,New,Gold,2024-09-13,Delhi,V02502
CU02503,Female,26-35,Regular,None,2022-12-28,Lucknow,V02503
CU02504,Female,26-35,Regular,Gold,2024-09-27,Lucknow,V02504
CU02505,Male,26-35,Regular,None,2023-01-16,Mumbai,V02505
CU02506,Female,36-45,New,Gold,2024-12-01,Pune,V02506
CU02507,Female,26-35,Regular,Silver,2023-01-10,Pune,V02507
CU02508,Male,26-35,New,Gold,2025-11-03,Delhi,V02508
CU02509,Male,18-25,New,Platinum,2023-04-11,Bengaluru,V02509
CU02510,Female,18-25,Regular,None,2024-09-12,Hyderabad,V02510
CU02511,Male,18-25,Regular,Gold,2025-04-05,Pune,V02511
CU02512,Female,46-60,Regular,Platinum,2022-07-08,Bengaluru,V02512
CU02513,Male,18-25,New,Silver,2022-04-11,Delhi,V02513
CU02514,Male,46-60,New,Gold,2025-09-12,Mumbai,V02514
CU02515,Female,36-45,New,None,2022-11-17,Pune,V02515
CU02516,Male,46-60,Regular,None,2025-11-24,Mumbai,V02516
CU02517,Female,46-60,Regular,Gold,2022-11-27,Pune,V02517
CU02518,Male,18-25,Regular,Gold,2025-08-09,Kolkata,V02518
CU02519,Female,36-45,Regular,None,2022-03-09,Bengaluru,V02519
CU02520,Male,18-25,New,None,2023-12-14,Lucknow,V02520
CU02521,Male,36-45,Regular,Gold,2022-04-06,Bengaluru,V02521
CU02522,Female,36-45,Regular,Gold,2023-01-25,Pune,V02522
CU02523,Female,26-35,Regular,Gold,2023-08-17,Chennai,V02523
CU02524,Female,18-25,New,Platinum,2024-11-12,Pune,V02524
CU02525,Female,36-45,New,Platinum,2022-09-24,Ahmedabad,V02525
CU02526,Female,36-45,New,Silver,2022-11-19,Kolkata,V02526
CU02527,Female,18-25,Regular,Silver,2025-03-08,Kolkata,V02527
CU02528,Male,18-25,New,None,2022-02-16,Ahmedabad,V02528
CU02529,Female,18-25,New,None,2025-05-06,Delhi,V02529
CU02530,Female,18-25,Regular,Gold,2025-11-21,Pune,V02530
CU02531,Male,46-60,Regular,Silver,2023-12-02,Hyderabad,V02531
CU02532,Female,46-60,New,Platinum,2024-09-12,Pune,V02532
CU02533,Male,46-60,Regular,Platinum,2025-06-09,Pune,V02533
CU02534,Male,26-35,Regular,Platinum,2024-03-12,Mumbai,V02534
CU02535,Male,26-35,Regular,Silver,2022-10-13,Delhi,V02535
CU02536,Female,18-25,New,None,2025-01-18,Pune,V02536
CU02537,Male,26-35,Regular,None,2024-03-12,Mumbai,V02537
CU02538,Female,18-25,Regular,Platinum,2023-08-06,Pune,V02538
CU02539,Male,26-35,New,Silver,2025-04-06,Ahmedabad,V02539
CU02540,Male,46-60,Regular,Platinum,2024-02-04,Jaipur,V02540
CU02541,Female,26-35,New,Silver,2024-12-03,Delhi,V02541
CU02542,Male,46-60,New,None,2022-09-22,Pune,V02542
CU02543,Female,36-45,Regular,Platinum,2023-07-22,Pune,V02543
CU02544,Female,18-25,Regular,None,2025-05-28,Chennai,V02544
CU02545,Female,26-35,Regular,None,2025-11-10,Jaipur,V02545
CU02546,Male,46-60,New,Silver,2022-02-05,Chennai,V02546
CU02547,Male,26-35,New,Silver,2022-12-21,Pune,V02547
CU02548,Male,46-60,Regular,Platinum,2025-05-03,Ahmedabad,V02548
CU02549,Female,18-25,New,None,2025-05-07,Hyderabad,V02549
CU02550,Male,46-60,Regular,Platinum,2025-01-01,Ahmedabad,V02550
CU02551,Female,26-35,Regular,Silver,2024-10-22,Kolkata,V02551
CU02552,Female,18-25,Regular,None,2022-03-17,Chennai,V02552
CU02553,Female,36-45,Regular,None,2025-12-15,Lucknow,V02553
CU02554,Female,46-60,New,Platinum,2022-03-01,Bengaluru,V02554
CU02555,Female,18-25,Regular,Gold,2024-06-11,Chennai,V02555
CU02556,Female,36-45,New,Gold,2024-08-14,Bengaluru,V02556
CU02557,Male,26-35,New,None,2022-01-18,Pune,V02557
CU02558,Female,18-25,New,Silver,2023-06-25,Mumbai,V02558
CU02559,Female,36-45,New,Gold,2023-01-07,Ahmedabad,V02559
CU02560,Female,46-60,New,Platinum,2025-04-06,Lucknow,V02560
CU02561,Male,46-60,Regular,None,2022-09-08,Delhi,V02561
CU02562,Female,18-25,Regular,Gold,2024-11-20,Jaipur,V02562
CU02563,Male,36-45,Regular,Silver,2023-06-07,Hyderabad,V02563
CU02564,Male,46-60,Regular,None,2024-02-04,Mumbai,V02564
CU02565,Female,46-60,New,Platinum,2024-03-23,Kolkata,V02565
CU02566,Female,36-45,New,Silver,2025-10-26,Pune,V02566
CU02567,Male,46-60,Regular,Gold,2025-11-04,Hyderabad,V02567
CU02568,Male,46-60,Regular,Silver,2022-10-09,Jaipur,V02568
CU02569,Male,36-45,New,Silver,2022-06-03,Pune,V02569
CU02570,Female,46-60,New,Platinum,2024-06-05,Jaipur,V02570
CU02571,Female,46-60,Regular,Platinum,2024-02-09,Chennai,V02571
CU02572,Female,36-45,New,Platinum,2024-07-14,Hyderabad,V02572
CU02573,Female,26-35,Regular,Gold,2023-01-15,Kolkata,V02573
CU02574,Male,18-25,New,Gold,2025-06-15,Mumbai,V02574
CU02575,Female,46-60,New,Silver,2024-01-17,Ahmedabad,V02575
CU02576,Female,46-60,New,None,2025-07-12,Bengaluru,V02576
CU02577,Male,26-35,Regular,Silver,2024-02-21,Ahmedabad,V02577
CU02578,Male,18-25,Regular,Gold,2023-07-12,Hyderabad,V02578
CU02579,Female,36-45,New,Gold,2023-04-01,Ahmedabad,V02579
CU02580,Male,18-25,New,Platinum,2023-04-12,Ahmedabad,V02580
CU02581,Male,18-25,Regular,Platinum,2023-08-02,Bengaluru,V02581
CU02582,Male,46-60,Regular,Platinum,2024-03-10,Kolkata,V02582
CU02583,Male,18-25,Regular,None,2023-09-03,Jaipur,V02583
CU02584,Male,18-25,Regular,Silver,2024-02-15,Mumbai,V02584
CU02585,Female,26-35,New,Platinum,2023-04-27,Chennai,V02585
CU02586,Male,26-35,Regular,Platinum,2024-09-07,Lucknow,V02586
CU02587,Male,18-25,New,None,2024-12-16,Mumbai,V02587
CU02588,Female,36-45,Regular,Gold,2025-08-06,Ahmedabad,V02588
CU02589,Male,36-45,New,Silver,2025-02-15,Delhi,V02589
CU02590,Male,36-45,New,None,2022-06-02,Pune,V02590
CU02591,Female,26-35,New,None,2025-10-18,Mumbai,V02591
CU02592,Female,36-45,New,Gold,2023-08-24,Chennai,V02592
CU02593,Female,26-35,Regular,Platinum,2025-03-28,Jaipur,V02593
CU02594,Female,46-60,New,None,2023-09-02,Mumbai,V02594
CU02595,Female,46-60,New,None,2023-12-03,Kolkata,V02595
CU02596,Male,26-35,New,Silver,2023-04-08,Ahmedabad,V02596
CU02597,Male,36-45,New,Gold,2022-03-16,Mumbai,V02597
CU02598,Male,18-25,New,Silver,2024-02-02,Hyderabad,V02598
CU02599,Male,36-45,Regular,None,2025-08-11,Jaipur,V02599
CU02600,Male,46-60,New,Platinum,2023-09-19,Jaipur,V02600
CU02601,Male,36-45,Regular,Platinum,2023-05-14,Mumbai,V02601
CU02602,Female,46-60,New,Gold,2023-02-24,Kolkata,V02602
CU02603,Female,26-35,New,Silver,2025-02-13,Bengaluru,V02603
CU02604,Male,26-35,New,None,2025-06-24,Pune,V02604
CU02605,Male,26-35,New,Silver,2024-03-05,Jaipur,V02605
CU02606,Female,26-35,New,Silver,2025-05-04,Hyderabad,V02606
CU02607,Female,26-35,New,Platinum,2023-08-13,Kolkata,V02607
CU02608,Female,26-35,Regular,Gold,2024-11-17,Ahmedabad,V02608
CU02609,Male,46-60,New,Platinum,2022-10-24,Lucknow,V02609
CU02610,Female,26-35,New,None,2023-08-14,Bengaluru,V02610
CU02611,Female,46-60,Regular,Gold,2023-04-17,Pune,V02611
CU02612,Male,46-60,Regular,Platinum,2024-10-23,Kolkata,V02612
CU02613,Male,46-60,New,Silver,2025-09-25,Kolkata,V02613
CU02614,Female,36-45,New,None,2022-06-04,Jaipur,V02614
CU02615,Female,36-45,Regular,None,2023-09-07,Lucknow,V02615
CU02616,Female,46-60,New,Platinum,2023-11-09,Kolkata,V02616
CU02617,Male,46-60,Regular,Silver,2024-03-13,Hyderabad,V02617
CU02618,Male,26-35,New,None,2023-08-09,Delhi,V02618
CU02619,Male,18-25,Regular,None,2023-12-14,Hyderabad,V02619
CU02620,Female,26-35,Regular,Gold,2025-04-10,Chennai,V02620
CU02621,Female,26-35,New,Platinum,2024-09-06,Mumbai,V02621
CU02622,Female,36-45,New,None,2022-09-04,Chennai,V02622
CU02623,Female,46-60,Regular,Platinum,2022-01-23,Kolkata,V02623
CU02624,Female,18-25,New,Silver,2022-07-20,Pune,V02624
CU02625,Female,46-60,New,Silver,2022-06-08,Bengaluru,V02625
CU02626,Male,18-25,Regular,Silver,2023-09-20,Hyderabad,V02626
CU02627,Female,18-25,New,None,2023-04-18,Pune,V02627
CU02628,Female,26-35,Regular,Silver,2023-03-28,Jaipur,V02628
CU02629,Female,46-60,New,Platinum,2025-02-07,Chennai,V02629
CU02630,Male,46-60,Regular,Platinum,2023-03-03,Pune,V02630
CU02631,Male,26-35,New,None,2025-10-10,Bengaluru,V02631
CU02632,Male,36-45,Regular,None,2023-07-22,Jaipur,V02632
CU02633,Female,36-45,New,Platinum,2025-05-20,Jaipur,V02633
CU02634,Female,26-35,New,Gold,2024-09-20,Jaipur,V02634
CU02635,Male,36-45,New,None,2022-07-15,Bengaluru,V02635
CU02636,Female,18-25,New,Silver,2022-10-11,Lucknow,V02636
CU02637,Male,46-60,New,Platinum,2023-12-23,Mumbai,V02637
CU02638,Female,36-45,New,Platinum,2024-04-12,Bengaluru,V02638
CU02639,Male,36-45,Regular,None,2024-08-05,Jaipur,V02639
CU02640,Female,18-25,New,None,2022-09-21,Lucknow,V02640
CU02641,Female,46-60,Regular,Silver,2024-08-18,Lucknow,V02641
CU02642,Male,36-45,Regular,Platinum,2022-10-05,Pune,V02642
CU02643,Male,46-60,New,Silver,2024-06-16,Bengaluru,V02643
CU02644,Male,18-25,New,None,2023-10-01,Jaipur,V02644
CU02645,Female,46-60,New,Gold,2025-07-21,Ahmedabad,V02645
CU02646,Female,18-25,New,Silver,2022-06-21,Ahmedabad,V02646
CU02647,Male,18-25,Regular,None,2022-05-12,Ahmedabad,V02647
CU02648,Female,36-45,New,Platinum,2022-05-23,Ahmedabad,V02648
CU02649,Female,36-45,Regular,None,2022-09-26,Delhi,V02649
CU02650,Male,18-25,Regular,Gold,2023-11-27,Kolkata,V02650
CU02651,Male,46-60,New,Platinum,2024-05-12,Kolkata,V02651
CU02652,Male,46-60,New,Silver,2023-09-12,Hyderabad,V02652
CU02653,Male,18-25,Regular,None,2022-08-15,Mumbai,V02653
CU02654,Female,18-25,New,Silver,2025-07-20,Ahmedabad,V02654
CU02655,Male,36-45,New,Platinum,2025-06-21,Bengaluru,V02655
CU02656,Male,26-35,New,None,2024-02-04,Pune,V02656
CU02657,Male,26-35,Regular,Platinum,2025-06-17,Jaipur,V02657
CU02658,Male,18-25,New,Gold,2025-06-24,Ahmedabad,V02658
CU02659,Male,36-45,Regular,None,2022-05-18,Hyderabad,V02659
CU02660,Male,46-60,Regular,Platinum,2023-12-28,Lucknow,V02660
CU02661,Male,36-45,New,None,2025-12-11,Hyderabad,V02661
CU02662,Female,26-35,New,Platinum,2024-07-27,Jaipur,V02662
CU02663,Female,46-60,Regular,Silver,2025-07-16,Ahmedabad,V02663
CU02664,Female,46-60,Regular,Gold,2024-09-15,Ahmedabad,V02664
CU02665,Male,36-45,Regular,Silver,2025-10-26,Mumbai,V02665
CU02666,Male,46-60,Regular,Silver,2025-06-15,Lucknow,V02666
CU02667,Male,46-60,New,Gold,2022-01-14,Kolkata,V02667
CU02668,Male,18-25,Regular,Silver,2022-02-16,Delhi,V02668
CU02669,Male,26-35,New,Silver,2022-07-15,Ahmedabad,V02669
CU02670,Male,36-45,Regular,Platinum,2022-12-05,Kolkata,V02670
CU02671,Female,46-60,Regular,None,2023-07-21,Hyderabad,V02671
CU02672,Male,46-60,New,Gold,2025-05-14,Kolkata,V02672
CU02673,Male,36-45,New,None,2025-02-07,Delhi,V02673
CU02674,Female,36-45,Regular,Silver,2023-03-14,Ahmedabad,V02674
CU02675,Male,46-60,Regular,Silver,2023-07-18,Hyderabad,V02675
CU02676,Female,18-25,New,Platinum,2022-07-14,Pune,V02676
CU02677,Female,46-60,New,Platinum,2025-05-11,Lucknow,V02677
CU02678,Female,18-25,New,None,2023-03-14,Bengaluru,V02678
CU02679,Female,46-60,New,None,2023-10-04,Lucknow,V02679
CU02680,Female,26-35,Regular,Silver,2022-07-03,Hyderabad,V02680
CU02681,Female,26-35,Regular,None,2022-10-06,Kolkata,V02681
CU02682,Male,36-45,New,None,2023-05-21,Chennai,V02682
CU02683,Male,26-35,New,None,2025-08-16,Jaipur,V02683
CU02684,Female,18-25,Regular,Platinum,2023-08-21,Ahmedabad,V02684
CU02685,Male,36-45,New,None,2024-06-18,Mumbai,V02685
CU02686,Female,18-25,Regular,Gold,2025-03-13,Chennai,V02686
CU02687,Male,18-25,New,Gold,2024-07-03,Lucknow,V02687
CU02688,Female,26-35,Regular,Platinum,2025-12-07,Ahmedabad,V02688
CU02689,Female,18-25,New,Gold,2025-04-14,Bengaluru,V02689
CU02690,Male,46-60,Regular,Silver,2025-12-26,Jaipur,V02690
CU02691,Male,36-45,New,Gold,2023-07-23,Hyderabad,V02691
CU02692,Male,36-45,Regular,Gold,2022-04-25,Ahmedabad,V02692
CU02693,Male,26-35,Regular,None,2022-02-13,Chennai,V02693
CU02694,Female,46-60,New,Silver,2024-08-21,Pune,V02694
CU02695,Female,36-45,New,Silver,2023-09-20,Chennai,V02695
CU02696,Female,46-60,New,Platinum,2024-05-01,Bengaluru,V02696
CU02697,Female,18-25,New,Platinum,2025-10-26,Mumbai,V02697
CU02698,Female,46-60,New,Platinum,2022-05-12,Kolkata,V02698
CU02699,Male,18-25,Regular,Silver,2025-03-15,Hyderabad,V02699
CU02700,Male,26-35,New,Platinum,2024-06-11,Pune,V02700
CU02701,Male,18-25,New,Gold,2024-05-21,Pune,V02701
CU02702,Male,36-45,New,None,2022-09-16,Jaipur,V02702
CU02703,Female,26-35,New,Platinum,2025-11-01,Delhi,V02703
CU02704,Female,26-35,Regular,Silver,2022-07-04,Kolkata,V02704
CU02705,Male,36-45,Regular,Gold,2023-04-16,Chennai,V02705
CU02706,Female,26-35,New,Gold,2024-04-14,Lucknow,V02706
CU02707,Female,18-25,New,Gold,2025-09-24,Pune,V02707
CU02708,Female,46-60,Regular,Platinum,2025-04-16,Mumbai,V02708
CU02709,Female,26-35,Regular,None,2025-10-25,Mumbai,V02709
CU02710,Male,26-35,Regular,Silver,2023-01-12,Mumbai,V02710
CU02711,Female,36-45,Regular,Silver,2024-06-03,Delhi,V02711
CU02712,Male,26-35,New,Platinum,2023-03-20,Pune,V02712
CU02713,Female,18-25,New,Platinum,2024-09-02,Chennai,V02713
CU02714,Male,26-35,Regular,Gold,2023-06-19,Ahmedabad,V02714
CU02715,Male,18-25,Regular,None,2022-09-11,Delhi,V02715
CU02716,Male,36-45,Regular,Silver,2025-12-05,Ahmedabad,V02716
CU02717,Male,46-60,New,None,2022-10-25,Delhi,V02717
CU02718,Male,46-60,Regular,None,2024-09-12,Hyderabad,V02718
CU02719,Male,46-60,New,Gold,2024-02-06,Ahmedabad,V02719
CU02720,Female,26-35,New,Platinum,2023-03-18,Chennai,V02720
CU02721,Female,18-25,New,None,2025-07-25,Jaipur,V02721
CU02722,Female,46-60,Regular,Platinum,2022-05-22,Chennai,V02722
CU02723,Male,46-60,Regular,Gold,2023-11-15,Jaipur,V02723
CU02724,Male,26-35,Regular,Silver,2025-05-04,Pune,V02724
CU02725,Female,26-35,Regular,None,2025-11-13,Bengaluru,V02725
CU02726,Female,36-45,Regular,Platinum,2022-09-23,Delhi,V02726
CU02727,Male,46-60,New,None,2022-07-07,Delhi,V02727
CU02728,Male,46-60,New,Gold,2025-01-08,Chennai,V02728
CU02729,Male,26-35,New,Gold,2022-10-10,Pune,V02729
CU02730,Male,26-35,New,Gold,2023-11-12,Chennai,V02730
CU02731,Male,18-25,New,Platinum,2022-10-24,Chennai,V02731
CU02732,Male,46-60,Regular,Silver,2024-12-02,Bengaluru,V02732
CU02733,Female,36-45,New,None,2023-01-11,Delhi,V02733
CU02734,Female,18-25,New,Platinum,2023-12-25,Jaipur,V02734
CU02735,Male,46-60,Regular,Platinum,2022-08-15,Hyderabad,V02735
CU02736,Female,46-60,Regular,Platinum,2025-01-27,Mumbai,V02736
CU02737,Female,36-45,New,None,2022-08-22,Pune,V02737
CU02738,Male,18-25,New,Platinum,2022-11-15,Delhi,V02738
CU02739,Female,18-25,Regular,None,2023-07-19,Lucknow,V02739
CU02740,Female,26-35,New,None,2022-01-27,Hyderabad,V02740
CU02741,Male,26-35,New,Silver,2022-08-27,Jaipur,V02741
CU02742,Male,36-45,Regular,None,2024-03-05,Kolkata,V02742
CU02743,Female,46-60,Regular,Platinum,2022-09-04,Mumbai,V02743
CU02744,Male,46-60,Regular,None,2022-12-27,Bengaluru,V02744
CU02745,Male,46-60,New,Silver,2023-11-05,Lucknow,V02745
CU02746,Female,36-45,Regular,None,2024-04-18,Jaipur,V02746
CU02747,Female,46-60,New,Gold,2023-05-18,Bengaluru,V02747
CU02748,Female,36-45,Regular,Platinum,2022-06-09,Kolkata,V02748
CU02749,Female,36-45,Regular,Silver,2025-06-02,Jaipur,V02749
CU02750,Male,46-60,New,Silver,2023-09-24,Bengaluru,V02750
CU02751,Male,46-60,Regular,Platinum,2024-02-22,Pune,V02751
CU02752,Female,26-35,Regular,Gold,2023-07-24,Pune,V02752
CU02753,Male,46-60,Regular,None,2025-03-17,Lucknow,V02753
CU02754,Male,46-60,New,Platinum,2024-01-18,Hyderabad,V02754
CU02755,Male,18-25,New,Silver,2025-01-23,Delhi,V02755
CU02756,Male,26-35,New,Silver,2024-03-11,Kolkata,V02756
CU02757,Male,26-35,New,Platinum,2023-06-09,Mumbai,V02757
CU02758,Female,36-45,Regular,Silver,2022-07-15,Chennai,V02758
CU02759,Male,36-45,Regular,Platinum,2025-09-06,Delhi,V02759
CU02760,Female,36-45,Regular,Silver,2023-03-08,Bengaluru,V02760
CU02761,Male,36-45,Regular,Silver,2022-02-05,Jaipur,V02761
CU02762,Male,46-60,Regular,Silver,2024-01-15,Lucknow,V02762
CU02763,Female,26-35,New,Silver,2025-06-21,Jaipur,V02763
CU02764,Male,18-25,Regular,Platinum,2024-09-27,Pune,V02764
CU02765,Female,46-60,New,Platinum,2024-01-24,Jaipur,V02765
CU02766,Female,18-25,Regular,Silver,2024-11-04,Ahmedabad,V02766
CU02767,Female,46-60,New,Silver,2025-07-17,Bengaluru,V02767
CU02768,Female,46-60,Regular,Silver,2025-06-18,Bengaluru,V02768
CU02769,Male,26-35,New,Gold,2023-09-10,Ahmedabad,V02769
CU02770,Female,36-45,New,Platinum,2024-11-14,Lucknow,V02770
CU02771,Female,36-45,Regular,Platinum,2024-07-10,Chennai,V02771
CU02772,Male,18-25,New,Platinum,2023-12-03,Chennai,V02772
CU02773,Male,46-60,New,Platinum,2024-06-22,Kolkata,V02773
CU02774,Female,18-25,New,Platinum,2024-08-02,Hyderabad,V02774
CU02775,Female,36-45,New,Silver,2024-12-03,Jaipur,V02775
CU02776,Female,36-45,New,None,2022-12-10,Kolkata,V02776
CU02777,Male,18-25,Regular,None,2022-01-06,Jaipur,V02777
CU02778,Female,18-25,New,None,2025-11-21,Bengaluru,V02778
CU02779,Male,46-60,Regular,None,2022-05-24,Lucknow,V02779
CU02780,Male,26-35,Regular,None,2025-06-03,Bengaluru,V02780
CU02781,Male,46-60,Regular,None,2023-12-25,Ahmedabad,V02781
CU02782,Male,18-25,New,None,2023-07-19,Bengaluru,V02782
CU02783,Female,18-25,Regular,Platinum,2024-01-07,Kolkata,V02783
CU02784,Male,18-25,Regular,Silver,2023-11-20,Chennai,V02784
CU02785,Female,36-45,Regular,None,2023-07-11,Chennai,V02785
CU02786,Female,46-60,New,None,2023-03-08,Ahmedabad,V02786
CU02787,Male,46-60,Regular,None,2025-03-24,Chennai,V02787
CU02788,Female,18-25,New,None,2024-07-17,Mumbai,V02788
CU02789,Female,18-25,New,Silver,2022-07-12,Lucknow,V02789
CU02790,Female,36-45,Regular,Silver,2024-08-04,Bengaluru,V02790
CU02791,Female,26-35,Regular,Silver,2025-03-17,Pune,V02791
CU02792,Male,36-45,New,None,2024-05-15,Pune,V02792
CU02793,Male,46-60,Regular,Silver,2025-02-26,Lucknow,V02793
CU02794,Male,36-45,New,Gold,2024-04-04,Pune,V02794
CU02795,Male,46-60,New,Gold,2022-03-17,Hyderabad,V02795
CU02796,Female,36-45,Regular,None,2024-04-24,Chennai,V02796
CU02797,Female,36-45,Regular,None,2025-08-12,Chennai,V02797
CU02798,Female,36-45,Regular,Platinum,2023-09-04,Ahmedabad,V02798
CU02799,Male,18-25,Regular,Gold,2023-09-12,Pune,V02799
CU02800,Female,46-60,Regular,Gold,2023-12-26,Chennai,V02800
CU02801,Male,18-25,Regular,None,2023-09-19,Chennai,V02801
CU02802,Female,46-60,New,Silver,2025-02-11,Ahmedabad,V02802
CU02803,Male,18-25,Regular,Platinum,2024-05-03,Pune,V02803
CU02804,Female,18-25,Regular,Platinum,2024-12-09,Lucknow,V02804
CU02805,Male,18-25,New,None,2023-11-06,Jaipur,V02805
CU02806,Female,36-45,New,Platinum,2023-09-21,Pune,V02806
CU02807,Female,36-45,Regular,Platinum,2024-09-18,Chennai,V02807
CU02808,Female,36-45,New,None,2022-02-05,Hyderabad,V02808
CU02809,Male,36-45,Regular,Silver,2025-01-10,Lucknow,V02809
CU02810,Male,26-35,Regular,None,2023-12-05,Bengaluru,V02810
CU02811,Male,36-45,Regular,Gold,2023-12-26,Chennai,V02811
CU02812,Female,18-25,New,Platinum,2023-09-26,Lucknow,V02812
CU02813,Male,46-60,Regular,None,2025-08-25,Mumbai,V02813
CU02814,Female,36-45,Regular,Silver,2024-05-17,Mumbai,V02814
CU02815,Male,46-60,New,None,2025-07-16,Lucknow,V02815
CU02816,Male,26-35,New,None,2023-08-14,Bengaluru,V02816
CU02817,Female,46-60,Regular,Silver,2023-11-03,Lucknow,V02817
CU02818,Female,26-35,Regular,Gold,2023-06-24,Jaipur,V02818
CU02819,Male,36-45,New,Silver,2024-03-05,Hyderabad,V02819
CU02820,Male,36-45,Regular,None,2025-01-24,Delhi,V02820
CU02821,Male,26-35,New,Platinum,2025-10-20,Lucknow,V02821
CU02822,Female,18-25,New,Gold,2025-03-04,Jaipur,V02822
CU02823,Female,46-60,New,Gold,2025-12-16,Chennai,V02823
CU02824,Male,46-60,New,Platinum,2024-08-20,Kolkata,V02824
CU02825,Female,18-25,New,Gold,2025-11-25,Bengaluru,V02825
CU02826,Female,26-35,Regular,None,2024-10-24,Hyderabad,V02826
CU02827,Male,36-45,Regular,Silver,2025-02-20,Chennai,V02827
CU02828,Female,36-45,Regular,None,2023-07-02,Chennai,V02828
CU02829,Male,26-35,New,Platinum,2024-03-24,Lucknow,V02829
CU02830,Male,18-25,New,Silver,2024-08-20,Hyderabad,V02830
CU02831,Male,46-60,Regular,Platinum,2022-11-25,Lucknow,V02831
CU02832,Male,46-60,New,Silver,2025-10-13,Chennai,V02832
CU02833,Female,46-60,Regular,Gold,2023-04-22,Lucknow,V02833
CU02834,Female,46-60,Regular,Platinum,2023-06-11,Lucknow,V02834
CU02835,Male,36-45,Regular,None,2024-07-04,Bengaluru,V02835
CU02836,Male,36-45,New,Gold,2022-06-20,Lucknow,V02836
CU02837,Female,36-45,New,Platinum,2022-11-25,Mumbai,V02837
CU02838,Male,18-25,Regular,None,2025-03-26,Lucknow,V02838
CU02839,Female,46-60,New,Gold,2022-08-25,Bengaluru,V02839
CU02840,Female,36-45,New,Platinum,2025-09-20,Chennai,V02840
CU02841,Male,26-35,Regular,Platinum,2022-07-04,Lucknow,V02841
CU02842,Male,46-60,New,None,2022-06-12,Hyderabad,V02842
CU02843,Male,26-35,Regular,Gold,2025-09-10,Bengaluru,V02843
CU02844,Male,36-45,New,Gold,2025-06-24,Pune,V02844
CU02845,Female,26-35,Regular,None,2025-05-07,Kolkata,V02845
CU02846,Male,18-25,Regular,Platinum,2023-04-16,Hyderabad,V02846
CU02847,Female,18-25,Regular,Gold,2025-05-28,Delhi,V02847
CU02848,Male,36-45,Regular,Gold,2023-10-04,Chennai,V02848
CU02849,Female,26-35,Regular,Platinum,2025-03-15,Chennai,V02849
CU02850,Male,26-35,New,None,2022-07-23,Mumbai,V02850
CU02851,Female,18-25,New,None,2023-08-06,Delhi,V02851
CU02852,Female,36-45,Regular,Gold,2024-04-16,Pune,V02852
CU02853,Male,26-35,New,Platinum,2024-07-22,Jaipur,V02853
CU02854,Female,18-25,Regular,Silver,2023-01-05,Delhi,V02854
CU02855,Female,36-45,Regular,Platinum,2023-06-03,Jaipur,V02855
CU02856,Female,36-45,Regular,Silver,2023-09-21,Lucknow,V02856
CU02857,Female,26-35,New,Silver,2025-04-01,Pune,V02857
CU02858,Female,46-60,Regular,Gold,2022-05-17,Jaipur,V02858
CU02859,Male,46-60,Regular,Gold,2025-03-13,Hyderabad,V02859
CU02860,Male,36-45,New,Silver,2024-10-27,Hyderabad,V02860
CU02861,Male,18-25,Regular,None,2023-12-14,Hyderabad,V02861
CU02862,Female,26-35,New,None,2025-02-03,Delhi,V02862
CU02863,Female,26-35,Regular,Silver,2025-02-27,Chennai,V02863
CU02864,Female,46-60,Regular,None,2022-04-10,Chennai,V02864
CU02865,Male,36-45,New,Platinum,2023-08-15,Mumbai,V02865
CU02866,Female,36-45,New,Platinum,2022-10-14,Ahmedabad,V02866
CU02867,Male,36-45,Regular,Gold,2022-08-08,Mumbai,V02867
CU02868,Female,26-35,New,Silver,2025-01-17,Lucknow,V02868
CU02869,Male,18-25,Regular,Silver,2024-07-13,Bengaluru,V02869
CU02870,Female,46-60,Regular,Gold,2022-12-19,Delhi,V02870
CU02871,Female,46-60,New,Gold,2022-07-13,Delhi,V02871
CU02872,Female,46-60,Regular,None,2025-03-01,Jaipur,V02872
CU02873,Female,26-35,Regular,Gold,2022-09-15,Ahmedabad,V02873
CU02874,Female,18-25,New,None,2022-07-05,Ahmedabad,V02874
CU02875,Male,18-25,New,Platinum,2023-09-16,Delhi,V02875
CU02876,Female,46-60,New,None,2024-11-15,Mumbai,V02876
CU02877,Female,36-45,Regular,Platinum,2024-09-18,Hyderabad,V02877
CU02878,Female,46-60,Regular,Silver,2023-01-03,Delhi,V02878
CU02879,Female,26-35,Regular,Silver,2022-10-01,Pune,V02879
CU02880,Male,18-25,Regular,Platinum,2022-04-13,Pune,V02880
CU02881,Male,18-25,New,Platinum,2024-05-24,Chennai,V02881
CU02882,Male,18-25,New,None,2025-01-02,Mumbai,V02882
CU02883,Female,36-45,Regular,None,2023-12-19,Kolkata,V02883
CU02884,Female,18-25,New,Platinum,2025-02-11,Pune,V02884
CU02885,Male,46-60,Regular,Gold,2022-06-14,Pune,V02885
CU02886,Female,46-60,New,Gold,2022-11-04,Hyderabad,V02886
CU02887,Female,36-45,Regular,Gold,2022-05-27,Kolkata,V02887
CU02888,Male,46-60,New,Silver,2022-02-18,Delhi,V02888
CU02889,Male,36-45,Regular,None,2025-02-10,Hyderabad,V02889
CU02890,Female,26-35,New,Silver,2022-06-10,Bengaluru,V02890
CU02891,Female,18-25,New,Gold,2024-09-18,Ahmedabad,V02891
CU02892,Female,18-25,New,Gold,2024-07-07,Ahmedabad,V02892
CU02893,Male,26-35,Regular,Platinum,2022-07-21,Delhi,V02893
CU02894,Female,18-25,New,Gold,2022-04-27,Delhi,V02894
CU02895,Male,18-25,Regular,Gold,2025-10-01,Lucknow,V02895
CU02896,Female,18-25,New,None,2024-08-11,Jaipur,V02896
CU02897,Female,26-35,New,Gold,2025-10-25,Kolkata,V02897
CU02898,Female,18-25,New,Silver,2022-06-24,Mumbai,V02898
CU02899,Male,26-35,New,Silver,2025-09-27,Pune,V02899
CU02900,Female,46-60,Regular,Platinum,2022-11-16,Lucknow,V02900
CU02901,Female,46-60,Regular,Platinum,2022-07-22,Hyderabad,V02901
CU02902,Male,36-45,New,None,2023-04-05,Jaipur,V02902
CU02903,Male,46-60,New,None,2024-08-23,Pune,V02903
CU02904,Male,36-45,New,Silver,2022-04-28,Jaipur,V02904
CU02905,Female,26-35,New,Platinum,2022-01-21,Delhi,V02905
CU02906,Female,18-25,New,Silver,2023-03-09,Chennai,V02906
CU02907,Male,46-60,New,Gold,2023-04-06,Pune,V02907
CU02908,Female,18-25,Regular,None,2022-04-04,Delhi,V02908
CU02909,Male,46-60,Regular,None,2024-01-23,Delhi,V02909
CU02910,Female,46-60,Regular,Silver,2025-01-28,Ahmedabad,V02910
CU02911,Female,18-25,New,Platinum,2024-02-23,Pune,V02911
CU02912,Female,36-45,Regular,Gold,2022-01-13,Kolkata,V02912
CU02913,Male,26-35,New,None,2023-08-09,Lucknow,V02913
CU02914,Male,26-35,New,Platinum,2025-12-08,Chennai,V02914
CU02915,Male,18-25,New,None,2025-02-09,Jaipur,V02915
CU02916,Male,26-35,New,Gold,2023-07-18,Kolkata,V02916
CU02917,Female,36-45,Regular,Platinum,2025-04-24,Kolkata,V02917
CU02918,Male,46-60,Regular,Platinum,2023-01-24,Chennai,V02918
CU02919,Male,36-45,New,Gold,2023-04-11,Ahmedabad,V02919
CU02920,Female,36-45,Regular,None,2022-11-24,Jaipur,V02920
CU02921,Female,36-45,Regular,Gold,2023-08-03,Bengaluru,V02921
CU02922,Male,26-35,New,Platinum,2025-01-13,Ahmedabad,V02922
CU02923,Male,18-25,New,Gold,2022-05-22,Pune,V02923
CU02924,Male,46-60,New,Gold,2023-01-23,Jaipur,V02924
CU02925,Female,46-60,Regular,Gold,2022-08-17,Delhi,V02925
CU02926,Female,46-60,Regular,Gold,2024-08-07,Delhi,V02926
CU02927,Female,46-60,New,Platinum,2022-07-06,Bengaluru,V02927
CU02928,Male,46-60,Regular,Silver,2024-08-28,Pune,V02928
CU02929,Female,36-45,New,None,2025-11-13,Hyderabad,V02929
CU02930,Male,26-35,New,None,2023-06-21,Mumbai,V02930
CU02931,Male,26-35,Regular,None,2022-10-16,Kolkata,V02931
CU02932,Male,26-35,New,None,2022-12-20,Chennai,V02932
CU02933,Male,46-60,Regular,Platinum,2025-05-22,Hyderabad,V02933
CU02934,Male,18-25,New,Platinum,2023-07-01,Jaipur,V02934
CU02935,Female,18-25,New,Platinum,2022-01-13,Delhi,V02935
CU02936,Female,36-45,Regular,Platinum,2025-10-06,Ahmedabad,V02936
CU02937,Female,26-35,Regular,Gold,2025-01-28,Ahmedabad,V02937
CU02938,Female,36-45,Regular,Platinum,2025-09-08,Lucknow,V02938
CU02939,Female,26-35,New,Platinum,2024-07-08,Delhi,V02939
CU02940,Male,26-35,New,Silver,2022-04-25,Bengaluru,V02940
CU02941,Female,46-60,Regular,Gold,2023-03-24,Ahmedabad,V02941
CU02942,Female,46-60,Regular,Platinum,2024-06-17,Lucknow,V02942
CU02943,Female,36-45,New,Silver,2024-03-16,Hyderabad,V02943
CU02944,Female,46-60,New,Gold,2023-11-21,Kolkata,V02944
CU02945,Male,36-45,Regular,Silver,2023-06-03,Mumbai,V02945
CU02946,Male,18-25,Regular,None,2022-07-15,Hyderabad,V02946
CU02947,Female,36-45,Regular,Gold,2023-11-07,Chennai,V02947
CU02948,Male,46-60,New,Silver,2022-11-15,Chennai,V02948
CU02949,Female,46-60,New,Silver,2023-07-05,Bengaluru,V02949
CU02950,Female,26-35,Regular,Gold,2025-06-19,Bengaluru,V02950
CU02951,Male,36-45,New,Platinum,2023-11-23,Hyderabad,V02951
CU02952,Female,36-45,Regular,Platinum,2022-08-26,Lucknow,V02952
CU02953,Male,46-60,Regular,Gold,2024-08-26,Jaipur,V02953
CU02954,Male,18-25,Regular,Platinum,2022-01-15,Ahmedabad,V02954
CU02955,Female,36-45,New,Silver,2023-12-22,Mumbai,V02955
CU02956,Male,46-60,Regular,Platinum,2022-07-02,Mumbai,V02956
CU02957,Female,36-45,Regular,Platinum,2023-12-05,Delhi,V02957
CU02958,Female,26-35,New,Gold,2024-06-12,Bengaluru,V02958
CU02959,Male,18-25,New,Silver,2022-11-12,Jaipur,V02959
CU02960,Female,18-25,Regular,Platinum,2024-07-26,Lucknow,V02960
CU02961,Male,46-60,New,Silver,2024-10-17,Bengaluru,V02961
CU02962,Female,46-60,Regular,Silver,2023-09-09,Delhi,V02962
CU02963,Female,46-60,New,Platinum,2024-10-22,Lucknow,V02963
CU02964,Male,46-60,Regular,None,2025-05-09,Hyderabad,V02964
CU02965,Female,46-60,Regular,Platinum,2023-08-26,Hyderabad,V02965
CU02966,Male,36-45,New,Gold,2022-01-02,Kolkata,V02966
CU02967,Female,18-25,Regular,Silver,2022-07-24,Mumbai,V02967
CU02968,Female,36-45,New,Gold,2023-07-06,Mumbai,V02968
CU02969,Female,26-35,Regular,None,2025-11-06,Bengaluru,V02969
CU02970,Female,36-45,New,Silver,2025-07-13,Kolkata,V02970
CU02971,Male,18-25,Regular,Platinum,2025-06-14,Lucknow,V02971
CU02972,Male,26-35,Regular,Platinum,2025-04-23,Pune,V02972
CU02973,Female,36-45,New,Silver,2025-04-22,Bengaluru,V02973
CU02974,Male,26-35,Regular,Silver,2024-11-22,Ahmedabad,V02974
CU02975,Female,46-60,New,Platinum,2024-01-25,Jaipur,V02975
CU02976,Male,46-60,Regular,Silver,2024-06-17,Chennai,V02976
CU02977,Male,36-45,Regular,Gold,2025-03-07,Mumbai,V02977
CU02978,Male,46-60,Regular,Platinum,2023-09-27,Jaipur,V02978
CU02979,Male,26-35,Regular,None,2025-11-16,Hyderabad,V02979
CU02980,Female,36-45,New,None,2024-08-09,Ahmedabad,V02980
CU02981,Male,26-35,Regular,Gold,2024-08-23,Chennai,V02981
CU02982,Female,46-60,Regular,Gold,2025-11-23,Kolkata,V02982
CU02983,Male,26-35,New,Gold,2025-05-06,Pune,V02983
CU02984,Male,36-45,New,Silver,2024-02-05,Bengaluru,V02984
CU02985,Male,26-35,Regular,Silver,2023-04-11,Bengaluru,V02985
CU02986,Female,46-60,New,None,2022-03-01,Jaipur,V02986
CU02987,Female,18-25,Regular,Silver,2022-03-02,Jaipur,V02987
CU02988,Male,26-35,New,Platinum,2025-01-18,Ahmedabad,V02988
CU02989,Male,46-60,New,Silver,2022-08-21,Kolkata,V02989
CU02990,Male,46-60,New,Gold,2022-01-22,Delhi,V02990
CU02991,Female,36-45,New,Gold,2025-06-24,Pune,V02991
CU02992,Female,36-45,Regular,None,2025-10-04,Kolkata,V02992
CU02993,Male,26-35,New,Platinum,2025-12-19,Bengaluru,V02993
CU02994,Male,26-35,New,Platinum,2022-12-17,Ahmedabad,V02994
CU02995,Female,36-45,Regular,Silver,2022-06-15,Bengaluru,V02995
CU02996,Female,26-35,Regular,Platinum,2025-08-16,Bengaluru,V02996
CU02997,Male,18-25,Regular,Gold,2024-07-08,Hyderabad,V02997
CU02998,Female,26-35,New,Platinum,2024-02-02,Chennai,V02998
CU02999,Female,26-35,Regular,Silver,2023-12-09,Hyderabad,V02999
CU03000,Male,36-45,Regular,Silver,2023-01-04,Hyderabad,V03000
