Vehicle_ID,EV_Brand,Model,Vehicle_Type,Battery_Capacity_kWh,Manufacturing_Year,Customer_ID
V00001,Hyundai,Ioniq 5,SUV,72.0,2025,CU00001
V00002,JBM,ECOLIFE Bus,Bus,300.0,2022,CU00002
V00003,Mahindra,XUV400,SUV,39.0,2022,CU00003
V00004,Hyundai,Ioniq 5,SUV,72.0,2022,CU00004
V00005,Ola Electric,S1 Air,Scooter,3.0,2022,CU00005
V00006,BYD,eMAX 7,MPV,71.0,2023,CU00006
V00007,MG,ZS EV,SUV,50.0,2022,CU00007
V00008,Kia,EV9,SUV,99.0,2022,CU00008
V00009,Ather,Rizta,Scooter,3.7,2025,CU00009
V00010,Tata,Curvv EV,SUV,55.0,2024,CU00010
V00011,PMI Electro,12m Electric Bus,Bus,250.0,2022,CU00011
V00012,Bajaj,Chetak,Scooter,3.2,2025,CU00012
V00013,PMI Electro,12m Electric Bus,Bus,250.0,2022,CU00013
V00014,Tata,Curvv EV,SUV,55.0,2023,CU00014
V00015,JBM,ECOLIFE Bus,Bus,300.0,2025,CU00015
V00016,Hero MotoCorp,Vida V1,Scooter,3.9,2025,CU00016
V00017,Ather,450X,Scooter,4.0,2024,CU00017
V00018,Ola Electric,S1 Pro,Scooter,4.0,2022,CU00018
V00019,Hero MotoCorp,Vida V1,Scooter,3.9,2025,CU00019
V00020,Olectra,City Bus,Bus,300.0,2024,CU00020
V00021,MG,ZS EV,SUV,50.0,2024,CU00021
V00022,PMI Electro,12m Electric Bus,Bus,250.0,2022,CU00022
V00023,Olectra,City Bus,Bus,300.0,2023,CU00023
V00024,Hyundai,Ioniq 5,SUV,72.0,2022,CU00024
V00025,TVS,iQube,Scooter,3.4,2025,CU00025
V00026,MG,Windsor EV,Car,38.0,2022,CU00026
V00027,TVS,iQube,Scooter,3.4,2024,CU00027
V00028,Mahindra,XUV400,SUV,39.0,2023,CU00028
V00029,Kia,EV9,SUV,99.0,2025,CU00029
V00030,Hyundai,Kona Electric,SUV,39.0,2023,CU00030
V00031,Ola Electric,S1 Pro,Scooter,4.0,2024,CU00031
V00032,Bajaj,Chetak,Scooter,3.2,2024,CU00032
V00033,Tata,Curvv EV,SUV,55.0,2024,CU00033
V00034,Bajaj,Chetak,Scooter,3.2,2022,CU00034
V00035,Hyundai,Kona Electric,SUV,39.0,2024,CU00035
V00036,Mahindra,XUV400,SUV,39.0,2022,CU00036
V00037,BYD,eMAX 7,MPV,71.0,2022,CU00037
V00038,Olectra,City Bus,Bus,300.0,2023,CU00038
V00039,PMI Electro,12m Electric Bus,Bus,250.0,2023,CU00039
V00040,Hero MotoCorp,Vida V1,Scooter,3.9,2025,CU00040
V00041,PMI Electro,12m Electric Bus,Bus,250.0,2022,CU00041
V00042,BYD,Atto 3,SUV,60.0,2022,CU00042
V00043,BYD,eMAX 7,MPV,71.0,2024,CU00043
V00044,Ola Electric,S1 Air,Scooter,3.0,2022,CU00044
V00045,Bajaj,Chetak,Scooter,3.2,2025,CU00045
V00046,Bajaj,Chetak,Scooter,3.2,2024,CU00046
V00047,Hyundai,Kona Electric,SUV,39.0,2024,CU00047
V00048,Ola Electric,S1 Air,Scooter,3.0,2024,CU00048
V00049,Ola Electric,S1 Air,Scooter,3.0,2023,CU00049
V00050,Kia,EV9,SUV,99.0,2025,CU00050
V00051,Ather,450X,Scooter,4.0,2025,CU00051
V00052,Bajaj,Chetak,Scooter,3.2,2023,CU00052
V00053,Ather,Rizta,Scooter,3.7,2025,CU00053
V00054,Tata,Curvv EV,SUV,55.0,2022,CU00054
V00055,Hero MotoCorp,Vida V1,Scooter,3.9,2022,CU00055
V00056,Hero MotoCorp,Vida V1,Scooter,3.9,2024,CU00056
V00057,Ola Electric,S1 Air,Scooter,3.0,2024,CU00057
V00058,Ather,Rizta,Scooter,3.7,2022,CU00058
V00059,PMI Electro,12m Electric Bus,Bus,250.0,2025,CU00059
V00060,MG,ZS EV,SUV,50.0,2023,CU00060
V00061,Ather,Rizta,Scooter,3.7,2024,CU00061
V00062,TVS,iQube,Scooter,3.4,2025,CU00062
V00063,Hero MotoCorp,Vida V1,Scooter,3.9,2025,CU00063
V00064,Mahindra,XUV400,SUV,39.0,2024,CU00064
V00065,MG,Comet EV,Car,17.0,2023,CU00065
V00066,PMI Electro,12m Electric Bus,Bus,250.0,2023,CU00066
V00067,Mahindra,XUV400,SUV,39.0,2024,CU00067
V00068,Olectra,City Bus,Bus,300.0,2025,CU00068
V00069,BYD,eMAX 7,MPV,71.0,2023,CU00069
V00070,MG,Comet EV,Car,17.0,2025,CU00070
V00071,Hyundai,Kona Electric,SUV,39.0,2025,CU00071
V00072,BYD,eMAX 7,MPV,71.0,2023,CU00072
V00073,JBM,ECOLIFE Bus,Bus,300.0,2023,CU00073
V00074,Kia,EV6,SUV,77.0,2022,CU00074
V00075,Ather,Rizta,Scooter,3.7,2022,CU00075
V00076,JBM,ECOLIFE Bus,Bus,300.0,2022,CU00076
V00077,TVS,iQube,Scooter,3.4,2022,CU00077
V00078,Ola Electric,S1 Pro,Scooter,4.0,2023,CU00078
V00079,MG,Windsor EV,Car,38.0,2023,CU00079
V00080,Tata,Nexon EV,Car,40.0,2024,CU00080
V00081,PMI Electro,12m Electric Bus,Bus,250.0,2022,CU00081
V00082,Hyundai,Kona Electric,SUV,39.0,2023,CU00082
V00083,Hyundai,Kona Electric,SUV,39.0,2025,CU00083
V00084,MG,Windsor EV,Car,38.0,2023,CU00084
V00085,JBM,ECOLIFE Bus,Bus,300.0,2023,CU00085
V00086,Tata,Tiago EV,Car,24.0,2023,CU00086
V00087,Hero MotoCorp,Vida V1,Scooter,3.9,2022,CU00087
V00088,Ola Electric,S1 Pro,Scooter,4.0,2022,CU00088
V00089,Mahindra,XEV 9e,SUV,79.0,2022,CU00089
V00090,Ather,450X,Scooter,4.0,2023,CU00090
V00091,MG,Windsor EV,Car,38.0,2023,CU00091
V00092,JBM,ECOLIFE Bus,Bus,300.0,2023,CU00092
V00093,Tata,Nexon EV,Car,40.0,2025,CU00093
V00094,JBM,ECOLIFE Bus,Bus,300.0,2025,CU00094
V00095,JBM,ECOLIFE Bus,Bus,300.0,2023,CU00095
V00096,Bajaj,Chetak,Scooter,3.2,2024,CU00096
V00097,Kia,EV6,SUV,77.0,2022,CU00097
V00098,Bajaj,Chetak,Scooter,3.2,2022,CU00098
V00099,Ather,Rizta,Scooter,3.7,2023,CU00099
V00100,MG,Comet EV,Car,17.0,2025,CU00100
V00101,BYD,eMAX 7,MPV,71.0,2022,CU00101
V00102,TVS,iQube,Scooter,3.4,2023,CU00102
V00103,Tata,Punch EV,Car,35.0,2024,CU00103
V00104,Hyundai,Kona Electric,SUV,39.0,2025,CU00104
V00105,Mahindra,BE 6,SUV,59.0,2024,CU00105
V00106,Olectra,City Bus,Bus,300.0,2022,CU00106
V00107,Ather,450X,Scooter,4.0,2024,CU00107
V00108,Hero MotoCorp,Vida V1,Scooter,3.9,2024,CU00108
V00109,Mahindra,BE 6,SUV,59.0,2022,CU00109
V00110,Ather,450X,Scooter,4.0,2024,CU00110
V00111,Mahindra,XUV400,SUV,39.0,2024,CU00111
V00112,Kia,EV9,SUV,99.0,2025,CU00112
V00113,Tata,Curvv EV,SUV,55.0,2024,CU00113
V00114,Hyundai,Kona Electric,SUV,39.0,2025,CU00114
V00115,Ola Electric,S1 Air,Scooter,3.0,2025,CU00115
V00116,PMI Electro,12m Electric Bus,Bus,250.0,2025,CU00116
V00117,Hyundai,Kona Electric,SUV,39.0,2023,CU00117
V00118,Kia,EV9,SUV,99.0,2024,CU00118
V00119,MG,ZS EV,SUV,50.0,2025,CU00119
V00120,Mahindra,BE 6,SUV,59.0,2025,CU00120
V00121,BYD,eMAX 7,MPV,71.0,2024,CU00121
V00122,Ola Electric,S1 Air,Scooter,3.0,2022,CU00122
V00123,Ather,450X,Scooter,4.0,2024,CU00123
V00124,MG,Comet EV,Car,17.0,2022,CU00124
V00125,Ola Electric,S1 Pro,Scooter,4.0,2025,CU00125
V00126,Hyundai,Ioniq 5,SUV,72.0,2023,CU00126
V00127,Ather,450X,Scooter,4.0,2022,CU00127
V00128,Ola Electric,S1 Pro,Scooter,4.0,2022,CU00128
V00129,Olectra,City Bus,Bus,300.0,2023,CU00129
V00130,TVS,iQube,Scooter,3.4,2024,CU00130
V00131,JBM,ECOLIFE Bus,Bus,300.0,2024,CU00131
V00132,Bajaj,Chetak,Scooter,3.2,2025,CU00132
V00133,JBM,ECOLIFE Bus,Bus,300.0,2023,CU00133
V00134,TVS,iQube,Scooter,3.4,2023,CU00134
V00135,Mahindra,XEV 9e,SUV,79.0,2023,CU00135
V00136,Mahindra,XEV 9e,SUV,79.0,2022,CU00136
V00137,Bajaj,Chetak,Scooter,3.2,2022,CU00137
V00138,Bajaj,Chetak,Scooter,3.2,2023,CU00138
V00139,Hero MotoCorp,Vida V1,Scooter,3.9,2022,CU00139
V00140,Tata,Tiago EV,Car,24.0,2024,CU00140
V00141,Hero MotoCorp,Vida V1,Scooter,3.9,2023,CU00141
V00142,Kia,EV6,SUV,77.0,2025,CU00142
V00143,MG,Comet EV,Car,17.0,2022,CU00143
V00144,BYD,Atto 3,SUV,60.0,2023,CU00144
V00145,Tata,Punch EV,Car,35.0,2023,CU00145
V00146,Hero MotoCorp,Vida V1,Scooter,3.9,2023,CU00146
V00147,MG,ZS EV,SUV,50.0,2023,CU00147
V00148,TVS,iQube,Scooter,3.4,2022,CU00148
V00149,Hyundai,Kona Electric,SUV,39.0,2023,CU00149
V00150,Hero MotoCorp,Vida V1,Scooter,3.9,2024,CU00150
V00151,Hyundai,Ioniq 5,SUV,72.0,2024,CU00151
V00152,JBM,ECOLIFE Bus,Bus,300.0,2025,CU00152
V00153,MG,Windsor EV,Car,38.0,2022,CU00153
V00154,Mahindra,XEV 9e,SUV,79.0,2024,CU00154
V00155,JBM,ECOLIFE Bus,Bus,300.0,2025,CU00155
V00156,Ather,Rizta,Scooter,3.7,2022,CU00156
V00157,JBM,ECOLIFE Bus,Bus,300.0,2023,CU00157
V00158,Olectra,City Bus,Bus,300.0,2024,CU00158
V00159,Bajaj,Chetak,Scooter,3.2,2022,CU00159
V00160,Ola Electric,S1 Pro,Scooter,4.0,2024,CU00160
V00161,Kia,EV6,SUV,77.0,2025,CU00161
V00162,JBM,ECOLIFE Bus,Bus,300.0,2025,CU00162
V00163,Tata,Punch EV,Car,35.0,2022,CU00163
V00164,Hero MotoCorp,Vida V1,Scooter,3.9,2025,CU00164
V00165,Hero MotoCorp,Vida V1,Scooter,3.9,2024,CU00165
V00166,JBM,ECOLIFE Bus,Bus,300.0,2024,CU00166
V00167,Ola Electric,S1 Air,Scooter,3.0,2025,CU00167
V00168,TVS,iQube,Scooter,3.4,2023,CU00168
V00169,Ola Electric,S1 Air,Scooter,3.0,2024,CU00169
V00170,Olectra,City Bus,Bus,300.0,2024,CU00170
V00171,MG,Comet EV,Car,17.0,2023,CU00171
V00172,Kia,EV9,SUV,99.0,2025,CU00172
V00173,JBM,ECOLIFE Bus,Bus,300.0,2025,CU00173
V00174,Mahindra,BE 6,SUV,59.0,2024,CU00174
V00175,Mahindra,XEV 9e,SUV,79.0,2022,CU00175
V00176,BYD,eMAX 7,MPV,71.0,2023,CU00176
V00177,JBM,ECOLIFE Bus,Bus,300.0,2024,CU00177
V00178,TVS,iQube,Scooter,3.4,2023,CU00178
V00179,Ather,Rizta,Scooter,3.7,2023,CU00179
V00180,Ola Electric,S1 Pro,Scooter,4.0,2023,CU00180
V00181,Tata,Nexon EV,Car,40.0,2024,CU00181
V00182,JBM,ECOLIFE Bus,Bus,300.0,2023,CU00182
V00183,Hero MotoCorp,Vida V1,Scooter,3.9,2024,CU00183
V00184,Mahindra,BE 6,SUV,59.0,2025,CU00184
V00185,Mahindra,XEV 9e,SUV,79.0,2025,CU00185
V00186,Tata,Curvv EV,SUV,55.0,2023,CU00186
V00187,Hero MotoCorp,Vida V1,Scooter,3.9,2023,CU00187
V00188,Kia,EV9,SUV,99.0,2025,CU00188
V00189,TVS,iQube,Scooter,3.4,2023,CU00189
V00190,Tata,Tiago EV,Car,24.0,2023,CU00190
V00191,BYD,Seal,Sedan,82.0,2023,CU00191
V00192,Kia,EV9,SUV,99.0,2025,CU00192
V00193,Ather,450X,Scooter,4.0,2025,CU00193
V00194,TVS,iQube,Scooter,3.4,2022,CU00194
V00195,Kia,EV6,SUV,77.0,2023,CU00195
V00196,TVS,iQube,Scooter,3.4,2022,CU00196
V00197,MG,Comet EV,Car,17.0,2023,CU00197
V00198,BYD,Seal,Sedan,82.0,2024,CU00198
V00199,PMI Electro,12m Electric Bus,Bus,250.0,2022,CU00199
V00200,Kia,EV6,SUV,77.0,2025,CU00200
V00201,MG,Windsor EV,Car,38.0,2024,CU00201
V00202,Tata,Curvv EV,SUV,55.0,2025,CU00202
V00203,Ather,450X,Scooter,4.0,2024,CU00203
V00204,Hero MotoCorp,Vida V1,Scooter,3.9,2024,CU00204
V00205,Hero MotoCorp,Vida V1,Scooter,3.9,2023,CU00205
V00206,Ather,Rizta,Scooter,3.7,2022,CU00206
V00207,Ather,Rizta,Scooter,3.7,2024,CU00207
V00208,Ola Electric,S1 Air,Scooter,3.0,2023,CU00208
V00209,TVS,iQube,Scooter,3.4,2022,CU00209
V00210,MG,ZS EV,SUV,50.0,2024,CU00210
V00211,JBM,ECOLIFE Bus,Bus,300.0,2023,CU00211
V00212,Mahindra,BE 6,SUV,59.0,2023,CU00212
V00213,Bajaj,Chetak,Scooter,3.2,2022,CU00213
V00214,BYD,Atto 3,SUV,60.0,2024,CU00214
V00215,Ather,450X,Scooter,4.0,2024,CU00215
V00216,Hero MotoCorp,Vida V1,Scooter,3.9,2023,CU00216
V00217,Mahindra,BE 6,SUV,59.0,2022,CU00217
V00218,JBM,ECOLIFE Bus,Bus,300.0,2024,CU00218
V00219,Bajaj,Chetak,Scooter,3.2,2022,CU00219
V00220,Hero MotoCorp,Vida V1,Scooter,3.9,2025,CU00220
V00221,PMI Electro,12m Electric Bus,Bus,250.0,2022,CU00221
V00222,Ola Electric,S1 Air,Scooter,3.0,2023,CU00222
V00223,Mahindra,BE 6,SUV,59.0,2022,CU00223
V00224,Hero MotoCorp,Vida V1,Scooter,3.9,2024,CU00224
V00225,TVS,iQube,Scooter,3.4,2024,CU00225
V00226,Bajaj,Chetak,Scooter,3.2,2022,CU00226
V00227,Bajaj,Chetak,Scooter,3.2,2025,CU00227
V00228,Ola Electric,S1 Pro,Scooter,4.0,2024,CU00228
V00229,Ola Electric,S1 Pro,Scooter,4.0,2024,CU00229
V00230,Ather,Rizta,Scooter,3.7,2024,CU00230
V00231,Hyundai,Ioniq 5,SUV,72.0,2025,CU00231
V00232,Mahindra,BE 6,SUV,59.0,2022,CU00232
V00233,MG,Comet EV,Car,17.0,2024,CU00233
V00234,Kia,EV6,SUV,77.0,2022,CU00234
V00235,Olectra,City Bus,Bus,300.0,2025,CU00235
V00236,JBM,ECOLIFE Bus,Bus,300.0,2025,CU00236
V00237,Ather,Rizta,Scooter,3.7,2024,CU00237
V00238,Mahindra,BE 6,SUV,59.0,2025,CU00238
V00239,Olectra,City Bus,Bus,300.0,2022,CU00239
V00240,Ather,Rizta,Scooter,3.7,2024,CU00240
V00241,Kia,EV6,SUV,77.0,2023,CU00241
V00242,Hyundai,Ioniq 5,SUV,72.0,2023,CU00242
V00243,Hero MotoCorp,Vida V1,Scooter,3.9,2024,CU00243
V00244,Mahindra,XEV 9e,SUV,79.0,2022,CU00244
V00245,Ather,Rizta,Scooter,3.7,2023,CU00245
V00246,PMI Electro,12m Electric Bus,Bus,250.0,2025,CU00246
V00247,Ola Electric,S1 Air,Scooter,3.0,2024,CU00247
V00248,Hyundai,Kona Electric,SUV,39.0,2024,CU00248
V00249,BYD,Atto 3,SUV,60.0,2023,CU00249
V00250,Tata,Curvv EV,SUV,55.0,2024,CU00250
V00251,Bajaj,Chetak,Scooter,3.2,2023,CU00251
V00252,Hero MotoCorp,Vida V1,Scooter,3.9,2024,CU00252
V00253,Mahindra,XEV 9e,SUV,79.0,2022,CU00253
V00254,Ather,Rizta,Scooter,3.7,2023,CU00254
V00255,Hyundai,Ioniq 5,SUV,72.0,2025,CU00255
V00256,Ather,Rizta,Scooter,3.7,2024,CU00256
V00257,Hero MotoCorp,Vida V1,Scooter,3.9,2023,CU00257
V00258,Hyundai,Kona Electric,SUV,39.0,2024,CU00258
V00259,Ather,450X,Scooter,4.0,2022,CU00259
V00260,Tata,Tiago EV,Car,24.0,2024,CU00260
V00261,TVS,iQube,Scooter,3.4,2022,CU00261
V00262,TVS,iQube,Scooter,3.4,2022,CU00262
V00263,Tata,Nexon EV,Car,40.0,2024,CU00263
V00264,TVS,iQube,Scooter,3.4,2023,CU00264
V00265,JBM,ECOLIFE Bus,Bus,300.0,2024,CU00265
V00266,MG,Comet EV,Car,17.0,2023,CU00266
V00267,Olectra,City Bus,Bus,300.0,2025,CU00267
V00268,PMI Electro,12m Electric Bus,Bus,250.0,2025,CU00268
V00269,Tata,Tiago EV,Car,24.0,2023,CU00269
V00270,TVS,iQube,Scooter,3.4,2023,CU00270
V00271,JBM,ECOLIFE Bus,Bus,300.0,2023,CU00271
V00272,PMI Electro,12m Electric Bus,Bus,250.0,2022,CU00272
V00273,Mahindra,XEV 9e,SUV,79.0,2022,CU00273
V00274,Hyundai,Kona Electric,SUV,39.0,2025,CU00274
V00275,Hyundai,Kona Electric,SUV,39.0,2023,CU00275
V00276,Olectra,City Bus,Bus,300.0,2023,CU00276
V00277,Tata,Curvv EV,SUV,55.0,2022,CU00277
V00278,Hyundai,Kona Electric,SUV,39.0,2023,CU00278
V00279,Olectra,City Bus,Bus,300.0,2023,CU00279
V00280,BYD,Atto 3,SUV,60.0,2022,CU00280
V00281,Bajaj,Chetak,Scooter,3.2,2024,CU00281
V00282,Kia,EV9,SUV,99.0,2024,CU00282
V00283,Mahindra,XUV400,SUV,39.0,2024,CU00283
V00284,Tata,Punch EV,Car,35.0,2023,CU00284
V00285,Hero MotoCorp,Vida V1,Scooter,3.9,2025,CU00285
V00286,Olectra,City Bus,Bus,300.0,2025,CU00286
V00287,Hero MotoCorp,Vida V1,Scooter,3.9,2023,CU00287
V00288,TVS,iQube,Scooter,3.4,2023,CU00288
V00289,Hero MotoCorp,Vida V1,Scooter,3.9,2022,CU00289
V00290,TVS,iQube,Scooter,3.4,2024,CU00290
V00291,Ola Electric,S1 Air,Scooter,3.0,2024,CU00291
V00292,Bajaj,Chetak,Scooter,3.2,2024,CU00292
V00293,Bajaj,Chetak,Scooter,3.2,2022,CU00293
V00294,JBM,ECOLIFE Bus,Bus,300.0,2022,CU00294
V00295,Ola Electric,S1 Air,Scooter,3.0,2022,CU00295
V00296,TVS,iQube,Scooter,3.4,2024,CU00296
V00297,JBM,ECOLIFE Bus,Bus,300.0,2022,CU00297
V00298,Bajaj,Chetak,Scooter,3.2,2023,CU00298
V00299,MG,Windsor EV,Car,38.0,2025,CU00299
V00300,Mahindra,XUV400,SUV,39.0,2023,CU00300
V00301,Hyundai,Ioniq 5,SUV,72.0,2025,CU00301
V00302,Olectra,City Bus,Bus,300.0,2022,CU00302
V00303,BYD,eMAX 7,MPV,71.0,2022,CU00303
V00304,Olectra,City Bus,Bus,300.0,2024,CU00304
V00305,Ola Electric,S1 Air,Scooter,3.0,2023,CU00305
V00306,Hyundai,Ioniq 5,SUV,72.0,2024,CU00306
V00307,JBM,ECOLIFE Bus,Bus,300.0,2025,CU00307
V00308,Kia,EV9,SUV,99.0,2022,CU00308
V00309,Hyundai,Ioniq 5,SUV,72.0,2024,CU00309
V00310,Ather,450X,Scooter,4.0,2023,CU00310
V00311,Tata,Nexon EV,Car,40.0,2024,CU00311
V00312,Kia,EV6,SUV,77.0,2023,CU00312
V00313,Bajaj,Chetak,Scooter,3.2,2024,CU00313
V00314,JBM,ECOLIFE Bus,Bus,300.0,2025,CU00314
V00315,BYD,Seal,Sedan,82.0,2024,CU00315
V00316,Bajaj,Chetak,Scooter,3.2,2022,CU00316
V00317,BYD,Seal,Sedan,82.0,2025,CU00317
V00318,MG,ZS EV,SUV,50.0,2024,CU00318
V00319,Hyundai,Kona Electric,SUV,39.0,2022,CU00319
V00320,Tata,Curvv EV,SUV,55.0,2025,CU00320
V00321,PMI Electro,12m Electric Bus,Bus,250.0,2025,CU00321
V00322,Ather,Rizta,Scooter,3.7,2025,CU00322
V00323,Tata,Curvv EV,SUV,55.0,2023,CU00323
V00324,Hero MotoCorp,Vida V1,Scooter,3.9,2024,CU00324
V00325,Kia,EV6,SUV,77.0,2024,CU00325
V00326,Ather,450X,Scooter,4.0,2022,CU00326
V00327,Kia,EV6,SUV,77.0,2022,CU00327
V00328,MG,ZS EV,SUV,50.0,2023,CU00328
V00329,MG,Comet EV,Car,17.0,2022,CU00329
V00330,Kia,EV6,SUV,77.0,2025,CU00330
V00331,Tata,Tiago EV,Car,24.0,2023,CU00331
V00332,Hero MotoCorp,Vida V1,Scooter,3.9,2022,CU00332
V00333,Ola Electric,S1 Air,Scooter,3.0,2022,CU00333
V00334,Olectra,City Bus,Bus,300.0,2024,CU00334
V00335,Hyundai,Ioniq 5,SUV,72.0,2024,CU00335
V00336,Kia,EV9,SUV,99.0,2022,CU00336
V00337,Kia,EV6,SUV,77.0,2024,CU00337
V00338,MG,ZS EV,SUV,50.0,2022,CU00338
V00339,Ola Electric,S1 Air,Scooter,3.0,2025,CU00339
V00340,Kia,EV9,SUV,99.0,2024,CU00340
V00341,Bajaj,Chetak,Scooter,3.2,2023,CU00341
V00342,Kia,EV6,SUV,77.0,2022,CU00342
V00343,Hyundai,Ioniq 5,SUV,72.0,2024,CU00343
V00344,Olectra,City Bus,Bus,300.0,2023,CU00344
V00345,PMI Electro,12m Electric Bus,Bus,250.0,2025,CU00345
V00346,Ola Electric,S1 Air,Scooter,3.0,2023,CU00346
V00347,Bajaj,Chetak,Scooter,3.2,2024,CU00347
V00348,PMI Electro,12m Electric Bus,Bus,250.0,2023,CU00348
V00349,TVS,iQube,Scooter,3.4,2022,CU00349
V00350,Ather,Rizta,Scooter,3.7,2024,CU00350
V00351,MG,ZS EV,SUV,50.0,2023,CU00351
V00352,Kia,EV6,SUV,77.0,2025,CU00352
V00353,Mahindra,XEV 9e,SUV,79.0,2025,CU00353
V00354,Ather,Rizta,Scooter,3.7,2023,CU00354
V00355,Ola Electric,S1 Air,Scooter,3.0,2022,CU00355
V00356,Hyundai,Kona Electric,SUV,39.0,2025,CU00356
V00357,Bajaj,Chetak,Scooter,3.2,2023,CU00357
V00358,PMI Electro,12m Electric Bus,Bus,250.0,2022,CU00358
V00359,Olectra,City Bus,Bus,300.0,2024,CU00359
V00360,MG,ZS EV,SUV,50.0,2022,CU00360
V00361,Olectra,City Bus,Bus,300.0,2024,CU00361
V00362,PMI Electro,12m Electric Bus,Bus,250.0,2022,CU00362
V00363,TVS,iQube,Scooter,3.4,2025,CU00363
V00364,Hero MotoCorp,Vida V1,Scooter,3.9,2024,CU00364
V00365,MG,Windsor EV,Car,38.0,2024,CU00365
V00366,Ola Electric,S1 Pro,Scooter,4.0,2025,CU00366
V00367,MG,ZS EV,SUV,50.0,2023,CU00367
V00368,PMI Electro,12m Electric Bus,Bus,250.0,2023,CU00368
V00369,MG,Windsor EV,Car,38.0,2022,CU00369
V00370,BYD,eMAX 7,MPV,71.0,2025,CU00370
V00371,Hyundai,Ioniq 5,SUV,72.0,2024,CU00371
V00372,JBM,ECOLIFE Bus,Bus,300.0,2023,CU00372
V00373,Hyundai,Kona Electric,SUV,39.0,2024,CU00373
V00374,Hero MotoCorp,Vida V1,Scooter,3.9,2025,CU00374
V00375,BYD,Seal,Sedan,82.0,2025,CU00375
V00376,MG,Comet EV,Car,17.0,2024,CU00376
V00377,TVS,iQube,Scooter,3.4,2023,CU00377
V00378,Kia,EV6,SUV,77.0,2023,CU00378
V00379,Ola Electric,S1 Pro,Scooter,4.0,2025,CU00379
V00380,Tata,Curvv EV,SUV,55.0,2025,CU00380
V00381,PMI Electro,12m Electric Bus,Bus,250.0,2023,CU00381
V00382,BYD,eMAX 7,MPV,71.0,2022,CU00382
V00383,BYD,Seal,Sedan,82.0,2025,CU00383
V00384,Tata,Punch EV,Car,35.0,2023,CU00384
V00385,Hyundai,Kona Electric,SUV,39.0,2022,CU00385
V00386,Ather,Rizta,Scooter,3.7,2022,CU00386
V00387,BYD,Atto 3,SUV,60.0,2025,CU00387
V00388,Bajaj,Chetak,Scooter,3.2,2025,CU00388
V00389,Kia,EV6,SUV,77.0,2024,CU00389
V00390,Olectra,City Bus,Bus,300.0,2023,CU00390
V00391,TVS,iQube,Scooter,3.4,2025,CU00391
V00392,BYD,eMAX 7,MPV,71.0,2024,CU00392
V00393,Olectra,City Bus,Bus,300.0,2022,CU00393
V00394,TVS,iQube,Scooter,3.4,2023,CU00394
V00395,PMI Electro,12m Electric Bus,Bus,250.0,2022,CU00395
V00396,MG,Windsor EV,Car,38.0,2025,CU00396
V00397,Tata,Nexon EV,Car,40.0,2024,CU00397
V00398,JBM,ECOLIFE Bus,Bus,300.0,2025,CU00398
V00399,PMI Electro,12m Electric Bus,Bus,250.0,2023,CU00399
V00400,Olectra,City Bus,Bus,300.0,2025,CU00400
V00401,Ola Electric,S1 Pro,Scooter,4.0,2023,CU00401
V00402,MG,Windsor EV,Car,38.0,2023,CU00402
V00403,Mahindra,XEV 9e,SUV,79.0,2022,CU00403
V00404,Bajaj,Chetak,Scooter,3.2,2022,CU00404
V00405,Bajaj,Chetak,Scooter,3.2,2022,CU00405
V00406,Bajaj,Chetak,Scooter,3.2,2023,CU00406
V00407,Hyundai,Kona Electric,SUV,39.0,2025,CU00407
V00408,Tata,Tiago EV,Car,24.0,2024,CU00408
V00409,Olectra,City Bus,Bus,300.0,2025,CU00409
V00410,Olectra,City Bus,Bus,300.0,2022,CU00410
V00411,BYD,Seal,Sedan,82.0,2022,CU00411
V00412,Hyundai,Kona Electric,SUV,39.0,2024,CU00412
V00413,Olectra,City Bus,Bus,300.0,2024,CU00413
V00414,Tata,Nexon EV,Car,40.0,2025,CU00414
V00415,Bajaj,Chetak,Scooter,3.2,2023,CU00415
V00416,Bajaj,Chetak,Scooter,3.2,2024,CU00416
V00417,Tata,Nexon EV,Car,40.0,2024,CU00417
V00418,JBM,ECOLIFE Bus,Bus,300.0,2022,CU00418
V00419,Ola Electric,S1 Pro,Scooter,4.0,2023,CU00419
V00420,TVS,iQube,Scooter,3.4,2025,CU00420
V00421,TVS,iQube,Scooter,3.4,2022,CU00421
V00422,PMI Electro,12m Electric Bus,Bus,250.0,2024,CU00422
V00423,TVS,iQube,Scooter,3.4,2022,CU00423
V00424,Hyundai,Kona Electric,SUV,39.0,2025,CU00424
V00425,Tata,Curvv EV,SUV,55.0,2024,CU00425
V00426,Hyundai,Kona Electric,SUV,39.0,2023,CU00426
V00427,Hero MotoCorp,Vida V1,Scooter,3.9,2024,CU00427
V00428,Ola Electric,S1 Pro,Scooter,4.0,2023,CU00428
V00429,Bajaj,Chetak,Scooter,3.2,2022,CU00429
V00430,Hero MotoCorp,Vida V1,Scooter,3.9,2025,CU00430
V00431,MG,ZS EV,SUV,50.0,2023,CU00431
V00432,Ola Electric,S1 Air,Scooter,3.0,2022,CU00432
V00433,MG,Comet EV,Car,17.0,2022,CU00433
V00434,Bajaj,Chetak,Scooter,3.2,2025,CU00434
V00435,BYD,Seal,Sedan,82.0,2024,CU00435
V00436,Ather,450X,Scooter,4.0,2023,CU00436
V00437,BYD,Seal,Sedan,82.0,2025,CU00437
V00438,TVS,iQube,Scooter,3.4,2024,CU00438
V00439,TVS,iQube,Scooter,3.4,2022,CU00439
V00440,BYD,Atto 3,SUV,60.0,2022,CU00440
V00441,Kia,EV6,SUV,77.0,2023,CU00441
V00442,Tata,Curvv EV,SUV,55.0,2024,CU00442
V00443,Tata,Punch EV,Car,35.0,2022,CU00443
V00444,Tata,Tiago EV,Car,24.0,2025,CU00444
V00445,Kia,EV6,SUV,77.0,2023,CU00445
V00446,Ola Electric,S1 Pro,Scooter,4.0,2024,CU00446
V00447,Ola Electric,S1 Pro,Scooter,4.0,2023,CU00447
V00448,Olectra,City Bus,Bus,300.0,2022,CU00448
V00449,Ather,Rizta,Scooter,3.7,2024,CU00449
V00450,Ola Electric,S1 Air,Scooter,3.0,2025,CU00450
V00451,Hyundai,Ioniq 5,SUV,72.0,2024,CU00451
V00452,Ather,450X,Scooter,4.0,2023,CU00452
V00453,Bajaj,Chetak,Scooter,3.2,2024,CU00453
V00454,JBM,ECOLIFE Bus,Bus,300.0,2022,CU00454
V00455,PMI Electro,12m Electric Bus,Bus,250.0,2025,CU00455
V00456,TVS,iQube,Scooter,3.4,2022,CU00456
V00457,Ather,Rizta,Scooter,3.7,2024,CU00457
V00458,PMI Electro,12m Electric Bus,Bus,250.0,2025,CU00458
V00459,BYD,Seal,Sedan,82.0,2023,CU00459
V00460,MG,Comet EV,Car,17.0,2023,CU00460
V00461,Ather,Rizta,Scooter,3.7,2022,CU00461
V00462,BYD,Seal,Sedan,82.0,2024,CU00462
V00463,TVS,iQube,Scooter,3.4,2024,CU00463
V00464,BYD,Seal,Sedan,82.0,2023,CU00464
V00465,MG,ZS EV,SUV,50.0,2023,CU00465
V00466,MG,Comet EV,Car,17.0,2025,CU00466
V00467,Olectra,City Bus,Bus,300.0,2022,CU00467
V00468,Ola Electric,S1 Pro,Scooter,4.0,2022,CU00468
V00469,Bajaj,Chetak,Scooter,3.2,2023,CU00469
V00470,MG,Comet EV,Car,17.0,2025,CU00470
V00471,TVS,iQube,Scooter,3.4,2025,CU00471
V00472,Hero MotoCorp,Vida V1,Scooter,3.9,2022,CU00472
V00473,MG,Comet EV,Car,17.0,2022,CU00473
V00474,Hero MotoCorp,Vida V1,Scooter,3.9,2023,CU00474
V00475,Ather,Rizta,Scooter,3.7,2024,CU00475
V00476,Kia,EV9,SUV,99.0,2022,CU00476
V00477,Hyundai,Kona Electric,SUV,39.0,2024,CU00477
V00478,Mahindra,BE 6,SUV,59.0,2023,CU00478
V00479,Ola Electric,S1 Pro,Scooter,4.0,2024,CU00479
V00480,BYD,Atto 3,SUV,60.0,2023,CU00480
V00481,Hero MotoCorp,Vida V1,Scooter,3.9,2024,CU00481
V00482,BYD,eMAX 7,MPV,71.0,2022,CU00482
V00483,Kia,EV9,SUV,99.0,2024,CU00483
V00484,MG,Comet EV,Car,17.0,2025,CU00484
V00485,PMI Electro,12m Electric Bus,Bus,250.0,2025,CU00485
V00486,Olectra,City Bus,Bus,300.0,2022,CU00486
V00487,Kia,EV9,SUV,99.0,2024,CU00487
V00488,MG,ZS EV,SUV,50.0,2022,CU00488
V00489,TVS,iQube,Scooter,3.4,2025,CU00489
V00490,TVS,iQube,Scooter,3.4,2024,CU00490
V00491,Mahindra,XEV 9e,SUV,79.0,2025,CU00491
V00492,Hyundai,Ioniq 5,SUV,72.0,2024,CU00492
V00493,JBM,ECOLIFE Bus,Bus,300.0,2022,CU00493
V00494,Mahindra,BE 6,SUV,59.0,2024,CU00494
V00495,Ola Electric,S1 Air,Scooter,3.0,2022,CU00495
V00496,Ather,Rizta,Scooter,3.7,2022,CU00496
V00497,Tata,Punch EV,Car,35.0,2022,CU00497
V00498,JBM,ECOLIFE Bus,Bus,300.0,2024,CU00498
V00499,JBM,ECOLIFE Bus,Bus,300.0,2022,CU00499
V00500,PMI Electro,12m Electric Bus,Bus,250.0,2025,CU00500
V00501,BYD,Atto 3,SUV,60.0,2025,CU00501
V00502,Olectra,City Bus,Bus,300.0,2025,CU00502
V00503,TVS,iQube,Scooter,3.4,2025,CU00503
V00504,Mahindra,XEV 9e,SUV,79.0,2022,CU00504
V00505,Hyundai,Ioniq 5,SUV,72.0,2022,CU00505
V00506,PMI Electro,12m Electric Bus,Bus,250.0,2024,CU00506
V00507,Hyundai,Ioniq 5,SUV,72.0,2024,CU00507
V00508,Ola Electric,S1 Pro,Scooter,4.0,2025,CU00508
V00509,TVS,iQube,Scooter,3.4,2023,CU00509
V00510,Bajaj,Chetak,Scooter,3.2,2024,CU00510
V00511,Tata,Curvv EV,SUV,55.0,2022,CU00511
V00512,Ola Electric,S1 Pro,Scooter,4.0,2024,CU00512
V00513,Ather,Rizta,Scooter,3.7,2022,CU00513
V00514,Hero MotoCorp,Vida V1,Scooter,3.9,2025,CU00514
V00515,Ola Electric,S1 Pro,Scooter,4.0,2022,CU00515
V00516,Bajaj,Chetak,Scooter,3.2,2025,CU00516
V00517,Bajaj,Chetak,Scooter,3.2,2022,CU00517
V00518,BYD,Atto 3,SUV,60.0,2025,CU00518
V00519,Hyundai,Ioniq 5,SUV,72.0,2023,CU00519
V00520,Tata,Nexon EV,Car,40.0,2022,CU00520
V00521,Olectra,City Bus,Bus,300.0,2025,CU00521
V00522,BYD,Seal,Sedan,82.0,2024,CU00522
V00523,Olectra,City Bus,Bus,300.0,2022,CU00523
V00524,Hero MotoCorp,Vida V1,Scooter,3.9,2023,CU00524
V00525,BYD,Seal,Sedan,82.0,2024,CU00525
V00526,PMI Electro,12m Electric Bus,Bus,250.0,2025,CU00526
V00527,Ather,450X,Scooter,4.0,2025,CU00527
V00528,TVS,iQube,Scooter,3.4,2022,CU00528
V00529,Olectra,City Bus,Bus,300.0,2022,CU00529
V00530,Hero MotoCorp,Vida V1,Scooter,3.9,2025,CU00530
V00531,Bajaj,Chetak,Scooter,3.2,2025,CU00531
V00532,Ola Electric,S1 Air,Scooter,3.0,2023,CU00532
V00533,Ather,Rizta,Scooter,3.7,2025,CU00533
V00534,Ola Electric,S1 Air,Scooter,3.0,2023,CU00534
V00535,BYD,Seal,Sedan,82.0,2025,CU00535
V00536,MG,Windsor EV,Car,38.0,2022,CU00536
V00537,Mahindra,XEV 9e,SUV,79.0,2022,CU00537
V00538,Tata,Nexon EV,Car,40.0,2025,CU00538
V00539,Olectra,City Bus,Bus,300.0,2022,CU00539
V00540,JBM,ECOLIFE Bus,Bus,300.0,2022,CU00540
V00541,PMI Electro,12m Electric Bus,Bus,250.0,2022,CU00541
V00542,TVS,iQube,Scooter,3.4,2024,CU00542
V00543,BYD,eMAX 7,MPV,71.0,2022,CU00543
V00544,BYD,Seal,Sedan,82.0,2025,CU00544
V00545,Tata,Curvv EV,SUV,55.0,2023,CU00545
V00546,TVS,iQube,Scooter,3.4,2022,CU00546
V00547,MG,ZS EV,SUV,50.0,2025,CU00547
V00548,PMI Electro,12m Electric Bus,Bus,250.0,2025,CU00548
V00549,Olectra,City Bus,Bus,300.0,2022,CU00549
V00550,Tata,Nexon EV,Car,40.0,2022,CU00550
V00551,Mahindra,XUV400,SUV,39.0,2023,CU00551
V00552,Kia,EV6,SUV,77.0,2023,CU00552
V00553,Olectra,City Bus,Bus,300.0,2025,CU00553
V00554,PMI Electro,12m Electric Bus,Bus,250.0,2025,CU00554
V00555,Ola Electric,S1 Pro,Scooter,4.0,2023,CU00555
V00556,Bajaj,Chetak,Scooter,3.2,2022,CU00556
V00557,Hyundai,Ioniq 5,SUV,72.0,2025,CU00557
V00558,Kia,EV6,SUV,77.0,2024,CU00558
V00559,Kia,EV9,SUV,99.0,2022,CU00559
V00560,MG,Windsor EV,Car,38.0,2024,CU00560
V00561,Tata,Tiago EV,Car,24.0,2023,CU00561
V00562,Ola Electric,S1 Air,Scooter,3.0,2024,CU00562
V00563,Hero MotoCorp,Vida V1,Scooter,3.9,2025,CU00563
V00564,Hero MotoCorp,Vida V1,Scooter,3.9,2024,CU00564
V00565,BYD,Atto 3,SUV,60.0,2023,CU00565
V00566,MG,Comet EV,Car,17.0,2022,CU00566
V00567,Kia,EV9,SUV,99.0,2023,CU00567
V00568,Ather,Rizta,Scooter,3.7,2024,CU00568
V00569,Hero MotoCorp,Vida V1,Scooter,3.9,2024,CU00569
V00570,Hyundai,Kona Electric,SUV,39.0,2023,CU00570
V00571,Kia,EV6,SUV,77.0,2024,CU00571
V00572,Tata,Punch EV,Car,35.0,2025,CU00572
V00573,Bajaj,Chetak,Scooter,3.2,2022,CU00573
V00574,Tata,Nexon EV,Car,40.0,2022,CU00574
V00575,Hero MotoCorp,Vida V1,Scooter,3.9,2022,CU00575
V00576,Ather,450X,Scooter,4.0,2025,CU00576
V00577,JBM,ECOLIFE Bus,Bus,300.0,2022,CU00577
V00578,Hyundai,Ioniq 5,SUV,72.0,2025,CU00578
V00579,Olectra,City Bus,Bus,300.0,2022,CU00579
V00580,JBM,ECOLIFE Bus,Bus,300.0,2025,CU00580
V00581,Ola Electric,S1 Pro,Scooter,4.0,2022,CU00581
V00582,Ola Electric,S1 Air,Scooter,3.0,2024,CU00582
V00583,MG,Comet EV,Car,17.0,2023,CU00583
V00584,Bajaj,Chetak,Scooter,3.2,2022,CU00584
V00585,JBM,ECOLIFE Bus,Bus,300.0,2023,CU00585
V00586,MG,ZS EV,SUV,50.0,2025,CU00586
V00587,Hyundai,Kona Electric,SUV,39.0,2022,CU00587
V00588,PMI Electro,12m Electric Bus,Bus,250.0,2023,CU00588
V00589,JBM,ECOLIFE Bus,Bus,300.0,2022,CU00589
V00590,Ola Electric,S1 Air,Scooter,3.0,2022,CU00590
V00591,PMI Electro,12m Electric Bus,Bus,250.0,2025,CU00591
V00592,Hero MotoCorp,Vida V1,Scooter,3.9,2022,CU00592
V00593,Mahindra,XEV 9e,SUV,79.0,2025,CU00593
V00594,MG,Comet EV,Car,17.0,2022,CU00594
V00595,Mahindra,XUV400,SUV,39.0,2023,CU00595
V00596,Ather,450X,Scooter,4.0,2022,CU00596
V00597,Ola Electric,S1 Pro,Scooter,4.0,2024,CU00597
V00598,Kia,EV6,SUV,77.0,2023,CU00598
V00599,Mahindra,XUV400,SUV,39.0,2025,CU00599
V00600,Mahindra,XUV400,SUV,39.0,2025,CU00600
V00601,TVS,iQube,Scooter,3.4,2025,CU00601
V00602,Tata,Curvv EV,SUV,55.0,2025,CU00602
V00603,BYD,Seal,Sedan,82.0,2023,CU00603
V00604,TVS,iQube,Scooter,3.4,2022,CU00604
V00605,Mahindra,BE 6,SUV,59.0,2025,CU00605
V00606,Hero MotoCorp,Vida V1,Scooter,3.9,2022,CU00606
V00607,Kia,EV9,SUV,99.0,2023,CU00607
V00608,Ather,Rizta,Scooter,3.7,2025,CU00608
V00609,Ather,450X,Scooter,4.0,2025,CU00609
V00610,Kia,EV6,SUV,77.0,2025,CU00610
V00611,Ather,Rizta,Scooter,3.7,2024,CU00611
V00612,MG,Windsor EV,Car,38.0,2023,CU00612
V00613,Hero MotoCorp,Vida V1,Scooter,3.9,2023,CU00613
V00614,Hero MotoCorp,Vida V1,Scooter,3.9,2023,CU00614
V00615,TVS,iQube,Scooter,3.4,2022,CU00615
V00616,JBM,ECOLIFE Bus,Bus,300.0,2023,CU00616
V00617,Mahindra,XEV 9e,SUV,79.0,2025,CU00617
V00618,Hyundai,Ioniq 5,SUV,72.0,2025,CU00618
V00619,Hyundai,Ioniq 5,SUV,72.0,2024,CU00619
V00620,TVS,iQube,Scooter,3.4,2025,CU00620
V00621,PMI Electro,12m Electric Bus,Bus,250.0,2024,CU00621
V00622,Ather,450X,Scooter,4.0,2025,CU00622
V00623,Bajaj,Chetak,Scooter,3.2,2025,CU00623
V00624,PMI Electro,12m Electric Bus,Bus,250.0,2023,CU00624
V00625,Kia,EV9,SUV,99.0,2022,CU00625
V00626,Olectra,City Bus,Bus,300.0,2025,CU00626
V00627,Tata,Nexon EV,Car,40.0,2025,CU00627
V00628,Ola Electric,S1 Air,Scooter,3.0,2022,CU00628
V00629,Bajaj,Chetak,Scooter,3.2,2022,CU00629
V00630,Tata,Tiago EV,Car,24.0,2022,CU00630
V00631,BYD,Atto 3,SUV,60.0,2025,CU00631
V00632,Olectra,City Bus,Bus,300.0,2023,CU00632
V00633,BYD,eMAX 7,MPV,71.0,2022,CU00633
V00634,TVS,iQube,Scooter,3.4,2024,CU00634
V00635,Olectra,City Bus,Bus,300.0,2025,CU00635
V00636,Bajaj,Chetak,Scooter,3.2,2024,CU00636
V00637,Hero MotoCorp,Vida V1,Scooter,3.9,2022,CU00637
V00638,Bajaj,Chetak,Scooter,3.2,2022,CU00638
V00639,Kia,EV6,SUV,77.0,2024,CU00639
V00640,BYD,Atto 3,SUV,60.0,2025,CU00640
V00641,Hero MotoCorp,Vida V1,Scooter,3.9,2025,CU00641
V00642,Hero MotoCorp,Vida V1,Scooter,3.9,2025,CU00642
V00643,Ola Electric,S1 Pro,Scooter,4.0,2023,CU00643
V00644,Bajaj,Chetak,Scooter,3.2,2024,CU00644
V00645,BYD,eMAX 7,MPV,71.0,2025,CU00645
V00646,BYD,Seal,Sedan,82.0,2022,CU00646
V00647,Olectra,City Bus,Bus,300.0,2022,CU00647
V00648,Ather,Rizta,Scooter,3.7,2024,CU00648
V00649,TVS,iQube,Scooter,3.4,2025,CU00649
V00650,Hero MotoCorp,Vida V1,Scooter,3.9,2023,CU00650
V00651,Hyundai,Ioniq 5,SUV,72.0,2023,CU00651
V00652,Olectra,City Bus,Bus,300.0,2023,CU00652
V00653,Mahindra,BE 6,SUV,59.0,2022,CU00653
V00654,Hero MotoCorp,Vida V1,Scooter,3.9,2023,CU00654
V00655,Hyundai,Ioniq 5,SUV,72.0,2022,CU00655
V00656,PMI Electro,12m Electric Bus,Bus,250.0,2024,CU00656
V00657,Kia,EV9,SUV,99.0,2023,CU00657
V00658,Olectra,City Bus,Bus,300.0,2022,CU00658
V00659,Olectra,City Bus,Bus,300.0,2023,CU00659
V00660,Hero MotoCorp,Vida V1,Scooter,3.9,2022,CU00660
V00661,Ola Electric,S1 Pro,Scooter,4.0,2025,CU00661
V00662,Hero MotoCorp,Vida V1,Scooter,3.9,2023,CU00662
V00663,Tata,Punch EV,Car,35.0,2022,CU00663
V00664,Kia,EV6,SUV,77.0,2022,CU00664
V00665,BYD,eMAX 7,MPV,71.0,2025,CU00665
V00666,Hero MotoCorp,Vida V1,Scooter,3.9,2022,CU00666
V00667,PMI Electro,12m Electric Bus,Bus,250.0,2023,CU00667
V00668,Ola Electric,S1 Pro,Scooter,4.0,2023,CU00668
V00669,JBM,ECOLIFE Bus,Bus,300.0,2023,CU00669
V00670,Bajaj,Chetak,Scooter,3.2,2023,CU00670
V00671,BYD,eMAX 7,MPV,71.0,2023,CU00671
V00672,TVS,iQube,Scooter,3.4,2022,CU00672
V00673,Ola Electric,S1 Air,Scooter,3.0,2022,CU00673
V00674,BYD,Atto 3,SUV,60.0,2024,CU00674
V00675,PMI Electro,12m Electric Bus,Bus,250.0,2022,CU00675
V00676,Tata,Nexon EV,Car,40.0,2024,CU00676
V00677,Kia,EV6,SUV,77.0,2022,CU00677
V00678,JBM,ECOLIFE Bus,Bus,300.0,2023,CU00678
V00679,Olectra,City Bus,Bus,300.0,2022,CU00679
V00680,Tata,Punch EV,Car,35.0,2024,CU00680
V00681,PMI Electro,12m Electric Bus,Bus,250.0,2022,CU00681
V00682,Bajaj,Chetak,Scooter,3.2,2022,CU00682
V00683,Kia,EV6,SUV,77.0,2025,CU00683
V00684,Hero MotoCorp,Vida V1,Scooter,3.9,2024,CU00684
V00685,Ather,Rizta,Scooter,3.7,2024,CU00685
V00686,JBM,ECOLIFE Bus,Bus,300.0,2023,CU00686
V00687,JBM,ECOLIFE Bus,Bus,300.0,2025,CU00687
V00688,Hyundai,Kona Electric,SUV,39.0,2025,CU00688
V00689,Ola Electric,S1 Air,Scooter,3.0,2023,CU00689
V00690,Kia,EV6,SUV,77.0,2024,CU00690
V00691,Mahindra,BE 6,SUV,59.0,2024,CU00691
V00692,Hyundai,Ioniq 5,SUV,72.0,2025,CU00692
V00693,Bajaj,Chetak,Scooter,3.2,2023,CU00693
V00694,PMI Electro,12m Electric Bus,Bus,250.0,2022,CU00694
V00695,JBM,ECOLIFE Bus,Bus,300.0,2025,CU00695
V00696,MG,Windsor EV,Car,38.0,2023,CU00696
V00697,PMI Electro,12m Electric Bus,Bus,250.0,2022,CU00697
V00698,Hero MotoCorp,Vida V1,Scooter,3.9,2023,CU00698
V00699,TVS,iQube,Scooter,3.4,2025,CU00699
V00700,Hyundai,Ioniq 5,SUV,72.0,2023,CU00700
V00701,Hero MotoCorp,Vida V1,Scooter,3.9,2025,CU00701
V00702,Ather,450X,Scooter,4.0,2025,CU00702
V00703,Hero MotoCorp,Vida V1,Scooter,3.9,2022,CU00703
V00704,Tata,Curvv EV,SUV,55.0,2023,CU00704
V00705,PMI Electro,12m Electric Bus,Bus,250.0,2022,CU00705
V00706,Hero MotoCorp,Vida V1,Scooter,3.9,2022,CU00706
V00707,Olectra,City Bus,Bus,300.0,2025,CU00707
V00708,MG,Windsor EV,Car,38.0,2022,CU00708
V00709,BYD,Seal,Sedan,82.0,2022,CU00709
V00710,Ather,Rizta,Scooter,3.7,2024,CU00710
V00711,Olectra,City Bus,Bus,300.0,2025,CU00711
V00712,TVS,iQube,Scooter,3.4,2024,CU00712
V00713,Hyundai,Ioniq 5,SUV,72.0,2023,CU00713
V00714,JBM,ECOLIFE Bus,Bus,300.0,2022,CU00714
V00715,Ather,450X,Scooter,4.0,2022,CU00715
V00716,JBM,ECOLIFE Bus,Bus,300.0,2022,CU00716
V00717,Hyundai,Kona Electric,SUV,39.0,2024,CU00717
V00718,Hero MotoCorp,Vida V1,Scooter,3.9,2025,CU00718
V00719,Hero MotoCorp,Vida V1,Scooter,3.9,2023,CU00719
V00720,Mahindra,BE 6,SUV,59.0,2024,CU00720
V00721,Ather,450X,Scooter,4.0,2022,CU00721
V00722,Ola Electric,S1 Pro,Scooter,4.0,2022,CU00722
V00723,MG,ZS EV,SUV,50.0,2023,CU00723
V00724,JBM,ECOLIFE Bus,Bus,300.0,2025,CU00724
V00725,Kia,EV9,SUV,99.0,2022,CU00725
V00726,PMI Electro,12m Electric Bus,Bus,250.0,2024,CU00726
V00727,Olectra,City Bus,Bus,300.0,2025,CU00727
V00728,Ather,450X,Scooter,4.0,2022,CU00728
V00729,Hyundai,Kona Electric,SUV,39.0,2022,CU00729
V00730,Kia,EV6,SUV,77.0,2025,CU00730
V00731,JBM,ECOLIFE Bus,Bus,300.0,2025,CU00731
V00732,Ola Electric,S1 Pro,Scooter,4.0,2023,CU00732
V00733,TVS,iQube,Scooter,3.4,2022,CU00733
V00734,PMI Electro,12m Electric Bus,Bus,250.0,2024,CU00734
V00735,Kia,EV9,SUV,99.0,2024,CU00735
V00736,JBM,ECOLIFE Bus,Bus,300.0,2024,CU00736
V00737,Hyundai,Kona Electric,SUV,39.0,2023,CU00737
V00738,MG,Windsor EV,Car,38.0,2025,CU00738
V00739,Hero MotoCorp,Vida V1,Scooter,3.9,2022,CU00739
V00740,MG,Windsor EV,Car,38.0,2022,CU00740
V00741,JBM,ECOLIFE Bus,Bus,300.0,2022,CU00741
V00742,Hyundai,Ioniq 5,SUV,72.0,2023,CU00742
V00743,Ola Electric,S1 Pro,Scooter,4.0,2022,CU00743
V00744,Ather,Rizta,Scooter,3.7,2025,CU00744
V00745,Bajaj,Chetak,Scooter,3.2,2022,CU00745
V00746,JBM,ECOLIFE Bus,Bus,300.0,2023,CU00746
V00747,Kia,EV9,SUV,99.0,2022,CU00747
V00748,Ather,Rizta,Scooter,3.7,2022,CU00748
V00749,TVS,iQube,Scooter,3.4,2025,CU00749
V00750,PMI Electro,12m Electric Bus,Bus,250.0,2025,CU00750
V00751,Ather,450X,Scooter,4.0,2023,CU00751
V00752,Hyundai,Ioniq 5,SUV,72.0,2024,CU00752
V00753,TVS,iQube,Scooter,3.4,2023,CU00753
V00754,TVS,iQube,Scooter,3.4,2023,CU00754
V00755,TVS,iQube,Scooter,3.4,2022,CU00755
V00756,Ola Electric,S1 Pro,Scooter,4.0,2025,CU00756
V00757,TVS,iQube,Scooter,3.4,2022,CU00757
V00758,Olectra,City Bus,Bus,300.0,2025,CU00758
V00759,Mahindra,BE 6,SUV,59.0,2025,CU00759
V00760,BYD,Seal,Sedan,82.0,2023,CU00760
V00761,Olectra,City Bus,Bus,300.0,2023,CU00761
V00762,Ola Electric,S1 Air,Scooter,3.0,2025,CU00762
V00763,Hyundai,Ioniq 5,SUV,72.0,2025,CU00763
V00764,MG,Comet EV,Car,17.0,2022,CU00764
V00765,Ola Electric,S1 Pro,Scooter,4.0,2022,CU00765
V00766,Mahindra,BE 6,SUV,59.0,2025,CU00766
V00767,Hero MotoCorp,Vida V1,Scooter,3.9,2025,CU00767
V00768,TVS,iQube,Scooter,3.4,2022,CU00768
V00769,Mahindra,XUV400,SUV,39.0,2023,CU00769
V00770,PMI Electro,12m Electric Bus,Bus,250.0,2022,CU00770
V00771,Tata,Curvv EV,SUV,55.0,2022,CU00771
V00772,Kia,EV6,SUV,77.0,2023,CU00772
V00773,Tata,Nexon EV,Car,40.0,2024,CU00773
V00774,TVS,iQube,Scooter,3.4,2022,CU00774
V00775,Kia,EV6,SUV,77.0,2024,CU00775
V00776,Mahindra,XEV 9e,SUV,79.0,2022,CU00776
V00777,Ather,450X,Scooter,4.0,2025,CU00777
V00778,PMI Electro,12m Electric Bus,Bus,250.0,2023,CU00778
V00779,Mahindra,XEV 9e,SUV,79.0,2023,CU00779
V00780,BYD,eMAX 7,MPV,71.0,2023,CU00780
V00781,Bajaj,Chetak,Scooter,3.2,2022,CU00781
V00782,Tata,Punch EV,Car,35.0,2025,CU00782
V00783,TVS,iQube,Scooter,3.4,2025,CU00783
V00784,JBM,ECOLIFE Bus,Bus,300.0,2022,CU00784
V00785,Hero MotoCorp,Vida V1,Scooter,3.9,2022,CU00785
V00786,Tata,Curvv EV,SUV,55.0,2023,CU00786
V00787,Olectra,City Bus,Bus,300.0,2024,CU00787
V00788,PMI Electro,12m Electric Bus,Bus,250.0,2022,CU00788
V00789,PMI Electro,12m Electric Bus,Bus,250.0,2024,CU00789
V00790,Hyundai,Ioniq 5,SUV,72.0,2023,CU00790
V00791,Kia,EV9,SUV,99.0,2025,CU00791
V00792,JBM,ECOLIFE Bus,Bus,300.0,2024,CU00792
V00793,Hero MotoCorp,Vida V1,Scooter,3.9,2022,CU00793
V00794,JBM,ECOLIFE Bus,Bus,300.0,2023,CU00794
V00795,Olectra,City Bus,Bus,300.0,2025,CU00795
V00796,BYD,Atto 3,SUV,60.0,2023,CU00796
V00797,Mahindra,XUV400,SUV,39.0,2024,CU00797
V00798,Hyundai,Kona Electric,SUV,39.0,2022,CU00798
V00799,Hero MotoCorp,Vida V1,Scooter,3.9,2022,CU00799
V00800,Hyundai,Kona Electric,SUV,39.0,2022,CU00800
V00801,Kia,EV6,SUV,77.0,2022,CU00801
V00802,Hyundai,Kona Electric,SUV,39.0,2023,CU00802
V00803,Ola Electric,S1 Air,Scooter,3.0,2023,CU00803
V00804,Ola Electric,S1 Pro,Scooter,4.0,2023,CU00804
V00805,Kia,EV9,SUV,99.0,2023,CU00805
V00806,JBM,ECOLIFE Bus,Bus,300.0,2025,CU00806
V00807,Ather,Rizta,Scooter,3.7,2024,CU00807
V00808,MG,ZS EV,SUV,50.0,2022,CU00808
V00809,Hero MotoCorp,Vida V1,Scooter,3.9,2023,CU00809
V00810,Hero MotoCorp,Vida V1,Scooter,3.9,2023,CU00810
V00811,Bajaj,Chetak,Scooter,3.2,2022,CU00811
V00812,Ola Electric,S1 Pro,Scooter,4.0,2025,CU00812
V00813,MG,Comet EV,Car,17.0,2024,CU00813
V00814,JBM,ECOLIFE Bus,Bus,300.0,2024,CU00814
V00815,Bajaj,Chetak,Scooter,3.2,2022,CU00815
V00816,MG,Windsor EV,Car,38.0,2024,CU00816
V00817,Hero MotoCorp,Vida V1,Scooter,3.9,2023,CU00817
V00818,Mahindra,BE 6,SUV,59.0,2023,CU00818
V00819,Hyundai,Ioniq 5,SUV,72.0,2024,CU00819
V00820,Mahindra,BE 6,SUV,59.0,2024,CU00820
V00821,Hero MotoCorp,Vida V1,Scooter,3.9,2025,CU00821
V00822,Ather,450X,Scooter,4.0,2022,CU00822
V00823,Hyundai,Ioniq 5,SUV,72.0,2023,CU00823
V00824,Bajaj,Chetak,Scooter,3.2,2025,CU00824
V00825,Mahindra,XEV 9e,SUV,79.0,2025,CU00825
V00826,Kia,EV9,SUV,99.0,2023,CU00826
V00827,Mahindra,XEV 9e,SUV,79.0,2023,CU00827
V00828,Bajaj,Chetak,Scooter,3.2,2025,CU00828
V00829,Mahindra,BE 6,SUV,59.0,2022,CU00829
V00830,Ather,Rizta,Scooter,3.7,2024,CU00830
V00831,Ola Electric,S1 Pro,Scooter,4.0,2024,CU00831
V00832,JBM,ECOLIFE Bus,Bus,300.0,2022,CU00832
V00833,Ola Electric,S1 Pro,Scooter,4.0,2023,CU00833
V00834,Hero MotoCorp,Vida V1,Scooter,3.9,2024,CU00834
V00835,Hyundai,Kona Electric,SUV,39.0,2023,CU00835
V00836,Mahindra,XUV400,SUV,39.0,2022,CU00836
V00837,Bajaj,Chetak,Scooter,3.2,2022,CU00837
V00838,Hyundai,Ioniq 5,SUV,72.0,2022,CU00838
V00839,Tata,Punch EV,Car,35.0,2024,CU00839
V00840,PMI Electro,12m Electric Bus,Bus,250.0,2025,CU00840
V00841,MG,Comet EV,Car,17.0,2022,CU00841
V00842,Mahindra,BE 6,SUV,59.0,2022,CU00842
V00843,MG,ZS EV,SUV,50.0,2023,CU00843
V00844,Tata,Punch EV,Car,35.0,2023,CU00844
V00845,Mahindra,XUV400,SUV,39.0,2025,CU00845
V00846,Bajaj,Chetak,Scooter,3.2,2025,CU00846
V00847,Kia,EV9,SUV,99.0,2022,CU00847
V00848,BYD,Atto 3,SUV,60.0,2024,CU00848
V00849,Olectra,City Bus,Bus,300.0,2022,CU00849
V00850,Hero MotoCorp,Vida V1,Scooter,3.9,2025,CU00850
V00851,BYD,eMAX 7,MPV,71.0,2023,CU00851
V00852,Mahindra,XUV400,SUV,39.0,2023,CU00852
V00853,Bajaj,Chetak,Scooter,3.2,2025,CU00853
V00854,Hero MotoCorp,Vida V1,Scooter,3.9,2025,CU00854
V00855,JBM,ECOLIFE Bus,Bus,300.0,2023,CU00855
V00856,Ola Electric,S1 Pro,Scooter,4.0,2022,CU00856
V00857,Bajaj,Chetak,Scooter,3.2,2023,CU00857
V00858,Hyundai,Kona Electric,SUV,39.0,2023,CU00858
V00859,Bajaj,Chetak,Scooter,3.2,2023,CU00859
V00860,Mahindra,XEV 9e,SUV,79.0,2024,CU00860
V00861,Ola Electric,S1 Pro,Scooter,4.0,2022,CU00861
V00862,Ola Electric,S1 Air,Scooter,3.0,2023,CU00862
V00863,Hero MotoCorp,Vida V1,Scooter,3.9,2022,CU00863
V00864,MG,ZS EV,SUV,50.0,2023,CU00864
V00865,JBM,ECOLIFE Bus,Bus,300.0,2022,CU00865
V00866,Mahindra,BE 6,SUV,59.0,2025,CU00866
V00867,Mahindra,BE 6,SUV,59.0,2023,CU00867
V00868,TVS,iQube,Scooter,3.4,2022,CU00868
V00869,Tata,Tiago EV,Car,24.0,2022,CU00869
V00870,BYD,Atto 3,SUV,60.0,2025,CU00870
V00871,Kia,EV6,SUV,77.0,2025,CU00871
V00872,Hero MotoCorp,Vida V1,Scooter,3.9,2022,CU00872
V00873,Mahindra,XUV400,SUV,39.0,2025,CU00873
V00874,Tata,Tiago EV,Car,24.0,2023,CU00874
V00875,Hyundai,Kona Electric,SUV,39.0,2023,CU00875
V00876,MG,Comet EV,Car,17.0,2022,CU00876
V00877,TVS,iQube,Scooter,3.4,2025,CU00877
V00878,Ola Electric,S1 Pro,Scooter,4.0,2024,CU00878
V00879,Ola Electric,S1 Pro,Scooter,4.0,2024,CU00879
V00880,Hero MotoCorp,Vida V1,Scooter,3.9,2025,CU00880
V00881,Tata,Tiago EV,Car,24.0,2022,CU00881
V00882,Hyundai,Ioniq 5,SUV,72.0,2024,CU00882
V00883,Ola Electric,S1 Pro,Scooter,4.0,2024,CU00883
V00884,Hyundai,Kona Electric,SUV,39.0,2023,CU00884
V00885,PMI Electro,12m Electric Bus,Bus,250.0,2022,CU00885
V00886,JBM,ECOLIFE Bus,Bus,300.0,2024,CU00886
V00887,MG,Windsor EV,Car,38.0,2022,CU00887
V00888,TVS,iQube,Scooter,3.4,2025,CU00888
V00889,Ather,Rizta,Scooter,3.7,2025,CU00889
V00890,TVS,iQube,Scooter,3.4,2022,CU00890
V00891,Tata,Nexon EV,Car,40.0,2025,CU00891
V00892,PMI Electro,12m Electric Bus,Bus,250.0,2024,CU00892
V00893,Tata,Curvv EV,SUV,55.0,2023,CU00893
V00894,MG,Comet EV,Car,17.0,2025,CU00894
V00895,Bajaj,Chetak,Scooter,3.2,2023,CU00895
V00896,Hyundai,Kona Electric,SUV,39.0,2024,CU00896
V00897,Olectra,City Bus,Bus,300.0,2022,CU00897
V00898,Hyundai,Kona Electric,SUV,39.0,2024,CU00898
V00899,Olectra,City Bus,Bus,300.0,2023,CU00899
V00900,MG,ZS EV,SUV,50.0,2022,CU00900
V00901,Kia,EV9,SUV,99.0,2024,CU00901
V00902,TVS,iQube,Scooter,3.4,2023,CU00902
V00903,Olectra,City Bus,Bus,300.0,2023,CU00903
V00904,Tata,Tiago EV,Car,24.0,2025,CU00904
V00905,Bajaj,Chetak,Scooter,3.2,2025,CU00905
V00906,JBM,ECOLIFE Bus,Bus,300.0,2025,CU00906
V00907,MG,Comet EV,Car,17.0,2023,CU00907
V00908,JBM,ECOLIFE Bus,Bus,300.0,2025,CU00908
V00909,Tata,Punch EV,Car,35.0,2025,CU00909
V00910,Mahindra,BE 6,SUV,59.0,2023,CU00910
V00911,Tata,Nexon EV,Car,40.0,2024,CU00911
V00912,Tata,Punch EV,Car,35.0,2022,CU00912
V00913,Mahindra,BE 6,SUV,59.0,2023,CU00913
V00914,TVS,iQube,Scooter,3.4,2024,CU00914
V00915,Kia,EV6,SUV,77.0,2025,CU00915
V00916,Hero MotoCorp,Vida V1,Scooter,3.9,2022,CU00916
V00917,Hero MotoCorp,Vida V1,Scooter,3.9,2025,CU00917
V00918,Hyundai,Kona Electric,SUV,39.0,2023,CU00918
V00919,MG,ZS EV,SUV,50.0,2023,CU00919
V00920,TVS,iQube,Scooter,3.4,2024,CU00920
V00921,Ather,Rizta,Scooter,3.7,2025,CU00921
V00922,Hero MotoCorp,Vida V1,Scooter,3.9,2024,CU00922
V00923,Ather,Rizta,Scooter,3.7,2025,CU00923
V00924,TVS,iQube,Scooter,3.4,2025,CU00924
V00925,BYD,Atto 3,SUV,60.0,2025,CU00925
V00926,Hero MotoCorp,Vida V1,Scooter,3.9,2022,CU00926
V00927,MG,Comet EV,Car,17.0,2024,CU00927
V00928,JBM,ECOLIFE Bus,Bus,300.0,2022,CU00928
V00929,Bajaj,Chetak,Scooter,3.2,2024,CU00929
V00930,TVS,iQube,Scooter,3.4,2024,CU00930
V00931,Hyundai,Kona Electric,SUV,39.0,2024,CU00931
V00932,JBM,ECOLIFE Bus,Bus,300.0,2022,CU00932
V00933,Ather,Rizta,Scooter,3.7,2022,CU00933
V00934,TVS,iQube,Scooter,3.4,2022,CU00934
V00935,PMI Electro,12m Electric Bus,Bus,250.0,2022,CU00935
V00936,Kia,EV9,SUV,99.0,2024,CU00936
V00937,PMI Electro,12m Electric Bus,Bus,250.0,2025,CU00937
V00938,PMI Electro,12m Electric Bus,Bus,250.0,2025,CU00938
V00939,TVS,iQube,Scooter,3.4,2024,CU00939
V00940,Hero MotoCorp,Vida V1,Scooter,3.9,2024,CU00940
V00941,TVS,iQube,Scooter,3.4,2024,CU00941
V00942,Tata,Curvv EV,SUV,55.0,2025,CU00942
V00943,Hero MotoCorp,Vida V1,Scooter,3.9,2023,CU00943
V00944,Bajaj,Chetak,Scooter,3.2,2022,CU00944
V00945,Kia,EV6,SUV,77.0,2022,CU00945
V00946,MG,ZS EV,SUV,50.0,2025,CU00946
V00947,Olectra,City Bus,Bus,300.0,2024,CU00947
V00948,Bajaj,Chetak,Scooter,3.2,2025,CU00948
V00949,MG,Comet EV,Car,17.0,2022,CU00949
V00950,MG,Comet EV,Car,17.0,2025,CU00950
V00951,Kia,EV9,SUV,99.0,2025,CU00951
V00952,MG,Windsor EV,Car,38.0,2022,CU00952
V00953,Olectra,City Bus,Bus,300.0,2023,CU00953
V00954,Hero MotoCorp,Vida V1,Scooter,3.9,2024,CU00954
V00955,Ather,Rizta,Scooter,3.7,2023,CU00955
V00956,Hero MotoCorp,Vida V1,Scooter,3.9,2025,CU00956
V00957,Kia,EV9,SUV,99.0,2024,CU00957
V00958,Olectra,City Bus,Bus,300.0,2022,CU00958
V00959,Hyundai,Ioniq 5,SUV,72.0,2023,CU00959
V00960,Kia,EV9,SUV,99.0,2024,CU00960
V00961,MG,Comet EV,Car,17.0,2025,CU00961
V00962,Hyundai,Ioniq 5,SUV,72.0,2024,CU00962
V00963,BYD,Seal,Sedan,82.0,2022,CU00963
V00964,Tata,Punch EV,Car,35.0,2022,CU00964
V00965,Hyundai,Kona Electric,SUV,39.0,2023,CU00965
V00966,Tata,Nexon EV,Car,40.0,2025,CU00966
V00967,Bajaj,Chetak,Scooter,3.2,2025,CU00967
V00968,Hero MotoCorp,Vida V1,Scooter,3.9,2023,CU00968
V00969,Mahindra,XUV400,SUV,39.0,2023,CU00969
V00970,Hyundai,Kona Electric,SUV,39.0,2024,CU00970
V00971,Ola Electric,S1 Air,Scooter,3.0,2024,CU00971
V00972,Ola Electric,S1 Air,Scooter,3.0,2022,CU00972
V00973,Mahindra,XUV400,SUV,39.0,2025,CU00973
V00974,BYD,eMAX 7,MPV,71.0,2024,CU00974
V00975,Hyundai,Ioniq 5,SUV,72.0,2022,CU00975
V00976,Mahindra,XEV 9e,SUV,79.0,2024,CU00976
V00977,Mahindra,XEV 9e,SUV,79.0,2022,CU00977
V00978,Olectra,City Bus,Bus,300.0,2022,CU00978
V00979,MG,Windsor EV,Car,38.0,2022,CU00979
V00980,MG,Windsor EV,Car,38.0,2025,CU00980
V00981,Bajaj,Chetak,Scooter,3.2,2025,CU00981
V00982,Olectra,City Bus,Bus,300.0,2023,CU00982
V00983,PMI Electro,12m Electric Bus,Bus,250.0,2025,CU00983
V00984,Bajaj,Chetak,Scooter,3.2,2025,CU00984
V00985,JBM,ECOLIFE Bus,Bus,300.0,2023,CU00985
V00986,MG,Comet EV,Car,17.0,2022,CU00986
V00987,Hyundai,Ioniq 5,SUV,72.0,2022,CU00987
V00988,Hyundai,Ioniq 5,SUV,72.0,2022,CU00988
V00989,Olectra,City Bus,Bus,300.0,2025,CU00989
V00990,TVS,iQube,Scooter,3.4,2023,CU00990
V00991,Mahindra,XEV 9e,SUV,79.0,2025,CU00991
V00992,Mahindra,XUV400,SUV,39.0,2023,CU00992
V00993,Ather,450X,Scooter,4.0,2024,CU00993
V00994,Ather,Rizta,Scooter,3.7,2025,CU00994
V00995,PMI Electro,12m Electric Bus,Bus,250.0,2023,CU00995
V00996,Tata,Punch EV,Car,35.0,2023,CU00996
V00997,BYD,eMAX 7,MPV,71.0,2024,CU00997
V00998,Hero MotoCorp,Vida V1,Scooter,3.9,2024,CU00998
V00999,Mahindra,BE 6,SUV,59.0,2022,CU00999
V01000,TVS,iQube,Scooter,3.4,2022,CU01000
V01001,Bajaj,Chetak,Scooter,3.2,2023,CU01001
V01002,BYD,Atto 3,SUV,60.0,2023,CU01002
V01003,Hero MotoCorp,Vida V1,Scooter,3.9,2022,CU01003
V01004,Hyundai,Ioniq 5,SUV,72.0,2022,CU01004
V01005,Hyundai,Kona Electric,SUV,39.0,2024,CU01005
V01006,Olectra,City Bus,Bus,300.0,2024,CU01006
V01007,JBM,ECOLIFE Bus,Bus,300.0,2024,CU01007
V01008,Ather,450X,Scooter,4.0,2022,CU01008
V01009,Mahindra,BE 6,SUV,59.0,2023,CU01009
V01010,Ola Electric,S1 Air,Scooter,3.0,2025,CU01010
V01011,Hyundai,Ioniq 5,SUV,72.0,2024,CU01011
V01012,Bajaj,Chetak,Scooter,3.2,2023,CU01012
V01013,Bajaj,Chetak,Scooter,3.2,2024,CU01013
V01014,Bajaj,Chetak,Scooter,3.2,2025,CU01014
V01015,Tata,Nexon EV,Car,40.0,2024,CU01015
V01016,Hero MotoCorp,Vida V1,Scooter,3.9,2022,CU01016
V01017,Ather,Rizta,Scooter,3.7,2025,CU01017
V01018,Hero MotoCorp,Vida V1,Scooter,3.9,2024,CU01018
V01019,PMI Electro,12m Electric Bus,Bus,250.0,2022,CU01019
V01020,Bajaj,Chetak,Scooter,3.2,2023,CU01020
V01021,Bajaj,Chetak,Scooter,3.2,2024,CU01021
V01022,Tata,Punch EV,Car,35.0,2022,CU01022
V01023,BYD,eMAX 7,MPV,71.0,2023,CU01023
V01024,TVS,iQube,Scooter,3.4,2025,CU01024
V01025,Ather,450X,Scooter,4.0,2025,CU01025
V01026,BYD,Atto 3,SUV,60.0,2025,CU01026
V01027,Kia,EV6,SUV,77.0,2025,CU01027
V01028,Olectra,City Bus,Bus,300.0,2023,CU01028
V01029,Ather,Rizta,Scooter,3.7,2022,CU01029
V01030,Ola Electric,S1 Air,Scooter,3.0,2025,CU01030
V01031,Olectra,City Bus,Bus,300.0,2024,CU01031
V01032,Hero MotoCorp,Vida V1,Scooter,3.9,2022,CU01032
V01033,Bajaj,Chetak,Scooter,3.2,2022,CU01033
V01034,Olectra,City Bus,Bus,300.0,2025,CU01034
V01035,JBM,ECOLIFE Bus,Bus,300.0,2022,CU01035
V01036,Kia,EV9,SUV,99.0,2024,CU01036
V01037,Hyundai,Ioniq 5,SUV,72.0,2022,CU01037
V01038,Ola Electric,S1 Pro,Scooter,4.0,2022,CU01038
V01039,Ola Electric,S1 Air,Scooter,3.0,2022,CU01039
V01040,Hero MotoCorp,Vida V1,Scooter,3.9,2024,CU01040
V01041,Ather,Rizta,Scooter,3.7,2022,CU01041
V01042,MG,Windsor EV,Car,38.0,2025,CU01042
V01043,TVS,iQube,Scooter,3.4,2024,CU01043
V01044,Hyundai,Kona Electric,SUV,39.0,2024,CU01044
V01045,Ola Electric,S1 Air,Scooter,3.0,2025,CU01045
V01046,Hyundai,Kona Electric,SUV,39.0,2022,CU01046
V01047,MG,ZS EV,SUV,50.0,2025,CU01047
V01048,PMI Electro,12m Electric Bus,Bus,250.0,2023,CU01048
V01049,MG,Windsor EV,Car,38.0,2022,CU01049
V01050,TVS,iQube,Scooter,3.4,2024,CU01050
V01051,MG,ZS EV,SUV,50.0,2025,CU01051
V01052,Bajaj,Chetak,Scooter,3.2,2025,CU01052
V01053,TVS,iQube,Scooter,3.4,2024,CU01053
V01054,Olectra,City Bus,Bus,300.0,2025,CU01054
V01055,JBM,ECOLIFE Bus,Bus,300.0,2023,CU01055
V01056,Ather,450X,Scooter,4.0,2023,CU01056
V01057,PMI Electro,12m Electric Bus,Bus,250.0,2025,CU01057
V01058,Kia,EV9,SUV,99.0,2022,CU01058
V01059,PMI Electro,12m Electric Bus,Bus,250.0,2022,CU01059
V01060,Kia,EV6,SUV,77.0,2022,CU01060
V01061,JBM,ECOLIFE Bus,Bus,300.0,2025,CU01061
V01062,BYD,Atto 3,SUV,60.0,2024,CU01062
V01063,Kia,EV6,SUV,77.0,2025,CU01063
V01064,Ather,450X,Scooter,4.0,2023,CU01064
V01065,Ather,Rizta,Scooter,3.7,2023,CU01065
V01066,Olectra,City Bus,Bus,300.0,2025,CU01066
V01067,TVS,iQube,Scooter,3.4,2022,CU01067
V01068,TVS,iQube,Scooter,3.4,2025,CU01068
V01069,PMI Electro,12m Electric Bus,Bus,250.0,2025,CU01069
V01070,JBM,ECOLIFE Bus,Bus,300.0,2025,CU01070
V01071,MG,Comet EV,Car,17.0,2023,CU01071
V01072,Hyundai,Ioniq 5,SUV,72.0,2025,CU01072
V01073,JBM,ECOLIFE Bus,Bus,300.0,2025,CU01073
V01074,JBM,ECOLIFE Bus,Bus,300.0,2023,CU01074
V01075,PMI Electro,12m Electric Bus,Bus,250.0,2023,CU01075
V01076,Ather,Rizta,Scooter,3.7,2023,CU01076
V01077,Mahindra,XUV400,SUV,39.0,2022,CU01077
V01078,Kia,EV6,SUV,77.0,2023,CU01078
V01079,Ather,Rizta,Scooter,3.7,2022,CU01079
V01080,Ola Electric,S1 Pro,Scooter,4.0,2023,CU01080
V01081,Mahindra,XUV400,SUV,39.0,2025,CU01081
V01082,Mahindra,XEV 9e,SUV,79.0,2024,CU01082
V01083,Bajaj,Chetak,Scooter,3.2,2024,CU01083
V01084,BYD,eMAX 7,MPV,71.0,2024,CU01084
V01085,JBM,ECOLIFE Bus,Bus,300.0,2025,CU01085
V01086,Olectra,City Bus,Bus,300.0,2024,CU01086
V01087,TVS,iQube,Scooter,3.4,2024,CU01087
V01088,TVS,iQube,Scooter,3.4,2023,CU01088
V01089,Kia,EV9,SUV,99.0,2022,CU01089
V01090,Hyundai,Kona Electric,SUV,39.0,2023,CU01090
V01091,Mahindra,XUV400,SUV,39.0,2025,CU01091
V01092,Mahindra,XUV400,SUV,39.0,2022,CU01092
V01093,MG,ZS EV,SUV,50.0,2022,CU01093
V01094,BYD,Atto 3,SUV,60.0,2023,CU01094
V01095,Hyundai,Ioniq 5,SUV,72.0,2023,CU01095
V01096,Kia,EV9,SUV,99.0,2022,CU01096
V01097,Hyundai,Kona Electric,SUV,39.0,2023,CU01097
V01098,Mahindra,XUV400,SUV,39.0,2023,CU01098
V01099,Ola Electric,S1 Air,Scooter,3.0,2024,CU01099
V01100,MG,ZS EV,SUV,50.0,2024,CU01100
V01101,MG,ZS EV,SUV,50.0,2025,CU01101
V01102,TVS,iQube,Scooter,3.4,2025,CU01102
V01103,Hero MotoCorp,Vida V1,Scooter,3.9,2024,CU01103
V01104,Ather,450X,Scooter,4.0,2023,CU01104
V01105,BYD,Atto 3,SUV,60.0,2024,CU01105
V01106,Tata,Punch EV,Car,35.0,2022,CU01106
V01107,BYD,Atto 3,SUV,60.0,2025,CU01107
V01108,Tata,Nexon EV,Car,40.0,2025,CU01108
V01109,Ather,Rizta,Scooter,3.7,2022,CU01109
V01110,PMI Electro,12m Electric Bus,Bus,250.0,2025,CU01110
V01111,Hyundai,Ioniq 5,SUV,72.0,2023,CU01111
V01112,Ola Electric,S1 Pro,Scooter,4.0,2025,CU01112
V01113,Hyundai,Ioniq 5,SUV,72.0,2022,CU01113
V01114,BYD,Seal,Sedan,82.0,2022,CU01114
V01115,Tata,Tiago EV,Car,24.0,2025,CU01115
V01116,Kia,EV9,SUV,99.0,2025,CU01116
V01117,Hyundai,Kona Electric,SUV,39.0,2024,CU01117
V01118,TVS,iQube,Scooter,3.4,2025,CU01118
V01119,Ather,Rizta,Scooter,3.7,2023,CU01119
V01120,BYD,Atto 3,SUV,60.0,2023,CU01120
V01121,Ather,450X,Scooter,4.0,2025,CU01121
V01122,Bajaj,Chetak,Scooter,3.2,2024,CU01122
V01123,Hyundai,Ioniq 5,SUV,72.0,2023,CU01123
V01124,Olectra,City Bus,Bus,300.0,2025,CU01124
V01125,Bajaj,Chetak,Scooter,3.2,2023,CU01125
V01126,PMI Electro,12m Electric Bus,Bus,250.0,2023,CU01126
V01127,MG,Comet EV,Car,17.0,2023,CU01127
V01128,Ather,450X,Scooter,4.0,2023,CU01128
V01129,MG,Windsor EV,Car,38.0,2025,CU01129
V01130,Tata,Punch EV,Car,35.0,2025,CU01130
V01131,Olectra,City Bus,Bus,300.0,2024,CU01131
V01132,JBM,ECOLIFE Bus,Bus,300.0,2022,CU01132
V01133,TVS,iQube,Scooter,3.4,2022,CU01133
V01134,MG,Windsor EV,Car,38.0,2023,CU01134
V01135,BYD,Seal,Sedan,82.0,2023,CU01135
V01136,Hero MotoCorp,Vida V1,Scooter,3.9,2023,CU01136
V01137,PMI Electro,12m Electric Bus,Bus,250.0,2023,CU01137
V01138,Ather,450X,Scooter,4.0,2022,CU01138
V01139,JBM,ECOLIFE Bus,Bus,300.0,2024,CU01139
V01140,Bajaj,Chetak,Scooter,3.2,2025,CU01140
V01141,MG,ZS EV,SUV,50.0,2025,CU01141
V01142,Bajaj,Chetak,Scooter,3.2,2022,CU01142
V01143,MG,Windsor EV,Car,38.0,2023,CU01143
V01144,Kia,EV6,SUV,77.0,2024,CU01144
V01145,PMI Electro,12m Electric Bus,Bus,250.0,2022,CU01145
V01146,Mahindra,XUV400,SUV,39.0,2022,CU01146
V01147,TVS,iQube,Scooter,3.4,2025,CU01147
V01148,Hero MotoCorp,Vida V1,Scooter,3.9,2022,CU01148
V01149,Hero MotoCorp,Vida V1,Scooter,3.9,2023,CU01149
V01150,BYD,Atto 3,SUV,60.0,2024,CU01150
V01151,Ola Electric,S1 Air,Scooter,3.0,2022,CU01151
V01152,Hyundai,Ioniq 5,SUV,72.0,2025,CU01152
V01153,Ather,Rizta,Scooter,3.7,2023,CU01153
V01154,Olectra,City Bus,Bus,300.0,2024,CU01154
V01155,MG,ZS EV,SUV,50.0,2023,CU01155
V01156,BYD,Atto 3,SUV,60.0,2023,CU01156
V01157,Ola Electric,S1 Pro,Scooter,4.0,2023,CU01157
V01158,Olectra,City Bus,Bus,300.0,2025,CU01158
V01159,Bajaj,Chetak,Scooter,3.2,2025,CU01159
V01160,TVS,iQube,Scooter,3.4,2023,CU01160
V01161,Ola Electric,S1 Pro,Scooter,4.0,2025,CU01161
V01162,Hyundai,Kona Electric,SUV,39.0,2023,CU01162
V01163,BYD,Atto 3,SUV,60.0,2022,CU01163
V01164,Mahindra,XUV400,SUV,39.0,2023,CU01164
V01165,TVS,iQube,Scooter,3.4,2023,CU01165
V01166,PMI Electro,12m Electric Bus,Bus,250.0,2025,CU01166
V01167,Hyundai,Ioniq 5,SUV,72.0,2022,CU01167
V01168,Hero MotoCorp,Vida V1,Scooter,3.9,2025,CU01168
V01169,JBM,ECOLIFE Bus,Bus,300.0,2025,CU01169
V01170,Hyundai,Ioniq 5,SUV,72.0,2022,CU01170
V01171,JBM,ECOLIFE Bus,Bus,300.0,2024,CU01171
V01172,Olectra,City Bus,Bus,300.0,2025,CU01172
V01173,Olectra,City Bus,Bus,300.0,2022,CU01173
V01174,TVS,iQube,Scooter,3.4,2023,CU01174
V01175,MG,Windsor EV,Car,38.0,2023,CU01175
V01176,Hyundai,Kona Electric,SUV,39.0,2025,CU01176
V01177,MG,Comet EV,Car,17.0,2023,CU01177
V01178,BYD,Atto 3,SUV,60.0,2025,CU01178
V01179,BYD,Atto 3,SUV,60.0,2025,CU01179
V01180,Kia,EV9,SUV,99.0,2025,CU01180
V01181,Hero MotoCorp,Vida V1,Scooter,3.9,2022,CU01181
V01182,Olectra,City Bus,Bus,300.0,2022,CU01182
V01183,Hyundai,Kona Electric,SUV,39.0,2022,CU01183
V01184,MG,ZS EV,SUV,50.0,2024,CU01184
V01185,MG,Windsor EV,Car,38.0,2022,CU01185
V01186,Ola Electric,S1 Pro,Scooter,4.0,2024,CU01186
V01187,Tata,Punch EV,Car,35.0,2022,CU01187
V01188,Ather,Rizta,Scooter,3.7,2022,CU01188
V01189,JBM,ECOLIFE Bus,Bus,300.0,2024,CU01189
V01190,JBM,ECOLIFE Bus,Bus,300.0,2024,CU01190
V01191,Hero MotoCorp,Vida V1,Scooter,3.9,2025,CU01191
V01192,Tata,Nexon EV,Car,40.0,2022,CU01192
V01193,Kia,EV6,SUV,77.0,2022,CU01193
V01194,Hyundai,Ioniq 5,SUV,72.0,2025,CU01194
V01195,Tata,Nexon EV,Car,40.0,2022,CU01195
V01196,Ather,Rizta,Scooter,3.7,2023,CU01196
V01197,Mahindra,BE 6,SUV,59.0,2024,CU01197
V01198,Kia,EV6,SUV,77.0,2024,CU01198
V01199,JBM,ECOLIFE Bus,Bus,300.0,2023,CU01199
V01200,Ola Electric,S1 Pro,Scooter,4.0,2023,CU01200
V01201,TVS,iQube,Scooter,3.4,2025,CU01201
V01202,MG,Comet EV,Car,17.0,2025,CU01202
V01203,Kia,EV9,SUV,99.0,2022,CU01203
V01204,JBM,ECOLIFE Bus,Bus,300.0,2022,CU01204
V01205,TVS,iQube,Scooter,3.4,2025,CU01205
V01206,Olectra,City Bus,Bus,300.0,2023,CU01206
V01207,Kia,EV6,SUV,77.0,2024,CU01207
V01208,Ather,450X,Scooter,4.0,2025,CU01208
V01209,MG,Windsor EV,Car,38.0,2024,CU01209
V01210,BYD,Atto 3,SUV,60.0,2025,CU01210
V01211,PMI Electro,12m Electric Bus,Bus,250.0,2023,CU01211
V01212,Ather,Rizta,Scooter,3.7,2025,CU01212
V01213,Kia,EV6,SUV,77.0,2025,CU01213
V01214,Ather,Rizta,Scooter,3.7,2025,CU01214
V01215,Mahindra,BE 6,SUV,59.0,2023,CU01215
V01216,Olectra,City Bus,Bus,300.0,2023,CU01216
V01217,PMI Electro,12m Electric Bus,Bus,250.0,2023,CU01217
V01218,Hero MotoCorp,Vida V1,Scooter,3.9,2022,CU01218
V01219,TVS,iQube,Scooter,3.4,2023,CU01219
V01220,Olectra,City Bus,Bus,300.0,2022,CU01220
V01221,TVS,iQube,Scooter,3.4,2025,CU01221
V01222,JBM,ECOLIFE Bus,Bus,300.0,2023,CU01222
V01223,Hero MotoCorp,Vida V1,Scooter,3.9,2022,CU01223
V01224,Tata,Curvv EV,SUV,55.0,2023,CU01224
V01225,Kia,EV6,SUV,77.0,2024,CU01225
V01226,BYD,Atto 3,SUV,60.0,2023,CU01226
V01227,Tata,Curvv EV,SUV,55.0,2022,CU01227
V01228,JBM,ECOLIFE Bus,Bus,300.0,2024,CU01228
V01229,Hero MotoCorp,Vida V1,Scooter,3.9,2025,CU01229
V01230,Hyundai,Kona Electric,SUV,39.0,2024,CU01230
V01231,JBM,ECOLIFE Bus,Bus,300.0,2024,CU01231
V01232,MG,ZS EV,SUV,50.0,2023,CU01232
V01233,Tata,Punch EV,Car,35.0,2024,CU01233
V01234,Tata,Punch EV,Car,35.0,2025,CU01234
V01235,Ola Electric,S1 Air,Scooter,3.0,2022,CU01235
V01236,Hyundai,Kona Electric,SUV,39.0,2023,CU01236
V01237,Tata,Punch EV,Car,35.0,2023,CU01237
V01238,Kia,EV6,SUV,77.0,2022,CU01238
V01239,Kia,EV6,SUV,77.0,2022,CU01239
V01240,Hyundai,Kona Electric,SUV,39.0,2023,CU01240
V01241,Tata,Nexon EV,Car,40.0,2025,CU01241
V01242,Bajaj,Chetak,Scooter,3.2,2022,CU01242
V01243,BYD,Seal,Sedan,82.0,2023,CU01243
V01244,Hyundai,Ioniq 5,SUV,72.0,2025,CU01244
V01245,Olectra,City Bus,Bus,300.0,2022,CU01245
V01246,Kia,EV9,SUV,99.0,2023,CU01246
V01247,Mahindra,XEV 9e,SUV,79.0,2025,CU01247
V01248,PMI Electro,12m Electric Bus,Bus,250.0,2022,CU01248
V01249,Bajaj,Chetak,Scooter,3.2,2023,CU01249
V01250,JBM,ECOLIFE Bus,Bus,300.0,2022,CU01250
V01251,Tata,Tiago EV,Car,24.0,2023,CU01251
V01252,Ola Electric,S1 Air,Scooter,3.0,2022,CU01252
V01253,Mahindra,BE 6,SUV,59.0,2022,CU01253
V01254,TVS,iQube,Scooter,3.4,2022,CU01254
V01255,Ola Electric,S1 Air,Scooter,3.0,2023,CU01255
V01256,Tata,Punch EV,Car,35.0,2022,CU01256
V01257,Ather,Rizta,Scooter,3.7,2024,CU01257
V01258,Kia,EV6,SUV,77.0,2023,CU01258
V01259,Kia,EV6,SUV,77.0,2022,CU01259
V01260,MG,Comet EV,Car,17.0,2023,CU01260
V01261,Kia,EV6,SUV,77.0,2023,CU01261
V01262,TVS,iQube,Scooter,3.4,2024,CU01262
V01263,Kia,EV9,SUV,99.0,2025,CU01263
V01264,Bajaj,Chetak,Scooter,3.2,2024,CU01264
V01265,Mahindra,XUV400,SUV,39.0,2023,CU01265
V01266,Hyundai,Ioniq 5,SUV,72.0,2024,CU01266
V01267,Bajaj,Chetak,Scooter,3.2,2024,CU01267
V01268,Mahindra,BE 6,SUV,59.0,2023,CU01268
V01269,Mahindra,XEV 9e,SUV,79.0,2023,CU01269
V01270,Ather,Rizta,Scooter,3.7,2024,CU01270
V01271,Tata,Tiago EV,Car,24.0,2023,CU01271
V01272,Hyundai,Ioniq 5,SUV,72.0,2024,CU01272
V01273,PMI Electro,12m Electric Bus,Bus,250.0,2024,CU01273
V01274,BYD,Atto 3,SUV,60.0,2025,CU01274
V01275,Kia,EV6,SUV,77.0,2022,CU01275
V01276,Tata,Curvv EV,SUV,55.0,2025,CU01276
V01277,Mahindra,XEV 9e,SUV,79.0,2023,CU01277
V01278,Tata,Curvv EV,SUV,55.0,2022,CU01278
V01279,MG,ZS EV,SUV,50.0,2025,CU01279
V01280,Tata,Curvv EV,SUV,55.0,2022,CU01280
V01281,Hero MotoCorp,Vida V1,Scooter,3.9,2022,CU01281
V01282,Mahindra,BE 6,SUV,59.0,2022,CU01282
V01283,BYD,Seal,Sedan,82.0,2024,CU01283
V01284,BYD,eMAX 7,MPV,71.0,2022,CU01284
V01285,Olectra,City Bus,Bus,300.0,2023,CU01285
V01286,Tata,Tiago EV,Car,24.0,2025,CU01286
V01287,Tata,Punch EV,Car,35.0,2022,CU01287
V01288,Tata,Curvv EV,SUV,55.0,2023,CU01288
V01289,Tata,Nexon EV,Car,40.0,2025,CU01289
V01290,Kia,EV9,SUV,99.0,2023,CU01290
V01291,PMI Electro,12m Electric Bus,Bus,250.0,2024,CU01291
V01292,Olectra,City Bus,Bus,300.0,2023,CU01292
V01293,Hero MotoCorp,Vida V1,Scooter,3.9,2023,CU01293
V01294,Hyundai,Kona Electric,SUV,39.0,2024,CU01294
V01295,Hyundai,Kona Electric,SUV,39.0,2024,CU01295
V01296,Kia,EV9,SUV,99.0,2022,CU01296
V01297,Hyundai,Kona Electric,SUV,39.0,2023,CU01297
V01298,TVS,iQube,Scooter,3.4,2022,CU01298
V01299,Olectra,City Bus,Bus,300.0,2023,CU01299
V01300,Ola Electric,S1 Pro,Scooter,4.0,2025,CU01300
V01301,Hyundai,Kona Electric,SUV,39.0,2024,CU01301
V01302,Mahindra,XEV 9e,SUV,79.0,2024,CU01302
V01303,Tata,Nexon EV,Car,40.0,2025,CU01303
V01304,BYD,Seal,Sedan,82.0,2023,CU01304
V01305,Hero MotoCorp,Vida V1,Scooter,3.9,2024,CU01305
V01306,Mahindra,XEV 9e,SUV,79.0,2024,CU01306
V01307,Bajaj,Chetak,Scooter,3.2,2023,CU01307
V01308,Mahindra,XEV 9e,SUV,79.0,2022,CU01308
V01309,MG,Comet EV,Car,17.0,2023,CU01309
V01310,Hero MotoCorp,Vida V1,Scooter,3.9,2024,CU01310
V01311,Mahindra,XUV400,SUV,39.0,2024,CU01311
V01312,Mahindra,XUV400,SUV,39.0,2025,CU01312
V01313,Mahindra,BE 6,SUV,59.0,2022,CU01313
V01314,Mahindra,XUV400,SUV,39.0,2024,CU01314
V01315,Kia,EV6,SUV,77.0,2022,CU01315
V01316,Bajaj,Chetak,Scooter,3.2,2023,CU01316
V01317,JBM,ECOLIFE Bus,Bus,300.0,2022,CU01317
V01318,Ola Electric,S1 Pro,Scooter,4.0,2025,CU01318
V01319,TVS,iQube,Scooter,3.4,2023,CU01319
V01320,Hyundai,Ioniq 5,SUV,72.0,2024,CU01320
V01321,TVS,iQube,Scooter,3.4,2022,CU01321
V01322,MG,Comet EV,Car,17.0,2023,CU01322
V01323,Bajaj,Chetak,Scooter,3.2,2022,CU01323
V01324,Bajaj,Chetak,Scooter,3.2,2023,CU01324
V01325,Kia,EV6,SUV,77.0,2022,CU01325
V01326,MG,Comet EV,Car,17.0,2022,CU01326
V01327,MG,Windsor EV,Car,38.0,2024,CU01327
V01328,Ather,Rizta,Scooter,3.7,2023,CU01328
V01329,Mahindra,XEV 9e,SUV,79.0,2023,CU01329
V01330,TVS,iQube,Scooter,3.4,2025,CU01330
V01331,Bajaj,Chetak,Scooter,3.2,2024,CU01331
V01332,Ather,Rizta,Scooter,3.7,2025,CU01332
V01333,MG,Windsor EV,Car,38.0,2023,CU01333
V01334,Hero MotoCorp,Vida V1,Scooter,3.9,2024,CU01334
V01335,Tata,Punch EV,Car,35.0,2024,CU01335
V01336,Ather,450X,Scooter,4.0,2025,CU01336
V01337,Olectra,City Bus,Bus,300.0,2023,CU01337
V01338,Bajaj,Chetak,Scooter,3.2,2024,CU01338
V01339,Mahindra,XEV 9e,SUV,79.0,2024,CU01339
V01340,PMI Electro,12m Electric Bus,Bus,250.0,2023,CU01340
V01341,BYD,eMAX 7,MPV,71.0,2025,CU01341
V01342,BYD,eMAX 7,MPV,71.0,2023,CU01342
V01343,Hero MotoCorp,Vida V1,Scooter,3.9,2023,CU01343
V01344,Hyundai,Kona Electric,SUV,39.0,2022,CU01344
V01345,Mahindra,XEV 9e,SUV,79.0,2025,CU01345
V01346,Bajaj,Chetak,Scooter,3.2,2022,CU01346
V01347,PMI Electro,12m Electric Bus,Bus,250.0,2024,CU01347
V01348,Bajaj,Chetak,Scooter,3.2,2024,CU01348
V01349,PMI Electro,12m Electric Bus,Bus,250.0,2022,CU01349
V01350,PMI Electro,12m Electric Bus,Bus,250.0,2024,CU01350
V01351,Hyundai,Ioniq 5,SUV,72.0,2024,CU01351
V01352,Olectra,City Bus,Bus,300.0,2024,CU01352
V01353,Bajaj,Chetak,Scooter,3.2,2024,CU01353
V01354,Tata,Punch EV,Car,35.0,2025,CU01354
V01355,Mahindra,BE 6,SUV,59.0,2025,CU01355
V01356,PMI Electro,12m Electric Bus,Bus,250.0,2024,CU01356
V01357,PMI Electro,12m Electric Bus,Bus,250.0,2024,CU01357
V01358,Mahindra,XEV 9e,SUV,79.0,2023,CU01358
V01359,BYD,eMAX 7,MPV,71.0,2025,CU01359
V01360,Bajaj,Chetak,Scooter,3.2,2025,CU01360
V01361,Kia,EV9,SUV,99.0,2023,CU01361
V01362,Olectra,City Bus,Bus,300.0,2025,CU01362
V01363,Hero MotoCorp,Vida V1,Scooter,3.9,2024,CU01363
V01364,Tata,Nexon EV,Car,40.0,2023,CU01364
V01365,JBM,ECOLIFE Bus,Bus,300.0,2023,CU01365
V01366,JBM,ECOLIFE Bus,Bus,300.0,2025,CU01366
V01367,Hero MotoCorp,Vida V1,Scooter,3.9,2023,CU01367
V01368,Tata,Tiago EV,Car,24.0,2023,CU01368
V01369,Ather,450X,Scooter,4.0,2023,CU01369
V01370,MG,ZS EV,SUV,50.0,2022,CU01370
V01371,PMI Electro,12m Electric Bus,Bus,250.0,2023,CU01371
V01372,JBM,ECOLIFE Bus,Bus,300.0,2023,CU01372
V01373,Ather,450X,Scooter,4.0,2022,CU01373
V01374,Mahindra,XEV 9e,SUV,79.0,2022,CU01374
V01375,Hyundai,Ioniq 5,SUV,72.0,2024,CU01375
V01376,Mahindra,XUV400,SUV,39.0,2023,CU01376
V01377,Mahindra,BE 6,SUV,59.0,2024,CU01377
V01378,Ola Electric,S1 Pro,Scooter,4.0,2024,CU01378
V01379,Bajaj,Chetak,Scooter,3.2,2025,CU01379
V01380,Bajaj,Chetak,Scooter,3.2,2023,CU01380
V01381,Mahindra,XEV 9e,SUV,79.0,2024,CU01381
V01382,Olectra,City Bus,Bus,300.0,2025,CU01382
V01383,MG,ZS EV,SUV,50.0,2023,CU01383
V01384,JBM,ECOLIFE Bus,Bus,300.0,2024,CU01384
V01385,Bajaj,Chetak,Scooter,3.2,2023,CU01385
V01386,TVS,iQube,Scooter,3.4,2024,CU01386
V01387,Hyundai,Kona Electric,SUV,39.0,2024,CU01387
V01388,PMI Electro,12m Electric Bus,Bus,250.0,2025,CU01388
V01389,JBM,ECOLIFE Bus,Bus,300.0,2022,CU01389
V01390,JBM,ECOLIFE Bus,Bus,300.0,2024,CU01390
V01391,Tata,Tiago EV,Car,24.0,2024,CU01391
V01392,BYD,Seal,Sedan,82.0,2023,CU01392
V01393,Hyundai,Ioniq 5,SUV,72.0,2024,CU01393
V01394,JBM,ECOLIFE Bus,Bus,300.0,2022,CU01394
V01395,Olectra,City Bus,Bus,300.0,2023,CU01395
V01396,Hero MotoCorp,Vida V1,Scooter,3.9,2024,CU01396
V01397,BYD,Seal,Sedan,82.0,2023,CU01397
V01398,TVS,iQube,Scooter,3.4,2025,CU01398
V01399,Hero MotoCorp,Vida V1,Scooter,3.9,2025,CU01399
V01400,Bajaj,Chetak,Scooter,3.2,2023,CU01400
V01401,Ather,Rizta,Scooter,3.7,2023,CU01401
V01402,Mahindra,BE 6,SUV,59.0,2024,CU01402
V01403,Hero MotoCorp,Vida V1,Scooter,3.9,2025,CU01403
V01404,PMI Electro,12m Electric Bus,Bus,250.0,2023,CU01404
V01405,Olectra,City Bus,Bus,300.0,2023,CU01405
V01406,JBM,ECOLIFE Bus,Bus,300.0,2022,CU01406
V01407,Mahindra,BE 6,SUV,59.0,2025,CU01407
V01408,BYD,Atto 3,SUV,60.0,2022,CU01408
V01409,Mahindra,BE 6,SUV,59.0,2025,CU01409
V01410,Tata,Tiago EV,Car,24.0,2022,CU01410
V01411,Hyundai,Ioniq 5,SUV,72.0,2025,CU01411
V01412,PMI Electro,12m Electric Bus,Bus,250.0,2023,CU01412
V01413,TVS,iQube,Scooter,3.4,2024,CU01413
V01414,Kia,EV6,SUV,77.0,2022,CU01414
V01415,Mahindra,XEV 9e,SUV,79.0,2023,CU01415
V01416,TVS,iQube,Scooter,3.4,2023,CU01416
V01417,BYD,Seal,Sedan,82.0,2023,CU01417
V01418,Mahindra,BE 6,SUV,59.0,2025,CU01418
V01419,Kia,EV6,SUV,77.0,2023,CU01419
V01420,JBM,ECOLIFE Bus,Bus,300.0,2024,CU01420
V01421,Tata,Nexon EV,Car,40.0,2023,CU01421
V01422,Hyundai,Kona Electric,SUV,39.0,2022,CU01422
V01423,PMI Electro,12m Electric Bus,Bus,250.0,2024,CU01423
V01424,Ola Electric,S1 Air,Scooter,3.0,2023,CU01424
V01425,Ather,Rizta,Scooter,3.7,2023,CU01425
V01426,Olectra,City Bus,Bus,300.0,2025,CU01426
V01427,TVS,iQube,Scooter,3.4,2022,CU01427
V01428,Hero MotoCorp,Vida V1,Scooter,3.9,2024,CU01428
V01429,Mahindra,BE 6,SUV,59.0,2023,CU01429
V01430,JBM,ECOLIFE Bus,Bus,300.0,2025,CU01430
V01431,Tata,Nexon EV,Car,40.0,2024,CU01431
V01432,PMI Electro,12m Electric Bus,Bus,250.0,2022,CU01432
V01433,Bajaj,Chetak,Scooter,3.2,2023,CU01433
V01434,Kia,EV6,SUV,77.0,2024,CU01434
V01435,Olectra,City Bus,Bus,300.0,2023,CU01435
V01436,JBM,ECOLIFE Bus,Bus,300.0,2022,CU01436
V01437,Kia,EV9,SUV,99.0,2022,CU01437
V01438,PMI Electro,12m Electric Bus,Bus,250.0,2023,CU01438
V01439,JBM,ECOLIFE Bus,Bus,300.0,2024,CU01439
V01440,Olectra,City Bus,Bus,300.0,2024,CU01440
V01441,TVS,iQube,Scooter,3.4,2022,CU01441
V01442,Olectra,City Bus,Bus,300.0,2025,CU01442
V01443,Olectra,City Bus,Bus,300.0,2025,CU01443
V01444,Kia,EV6,SUV,77.0,2022,CU01444
V01445,Tata,Curvv EV,SUV,55.0,2024,CU01445
V01446,Bajaj,Chetak,Scooter,3.2,2024,CU01446
V01447,Bajaj,Chetak,Scooter,3.2,2023,CU01447
V01448,Bajaj,Chetak,Scooter,3.2,2022,CU01448
V01449,Hero MotoCorp,Vida V1,Scooter,3.9,2025,CU01449
V01450,Tata,Curvv EV,SUV,55.0,2025,CU01450
V01451,Hero MotoCorp,Vida V1,Scooter,3.9,2023,CU01451
V01452,Hyundai,Ioniq 5,SUV,72.0,2023,CU01452
V01453,Olectra,City Bus,Bus,300.0,2023,CU01453
V01454,MG,ZS EV,SUV,50.0,2023,CU01454
V01455,JBM,ECOLIFE Bus,Bus,300.0,2025,CU01455
V01456,Ola Electric,S1 Pro,Scooter,4.0,2024,CU01456
V01457,TVS,iQube,Scooter,3.4,2023,CU01457
V01458,Kia,EV9,SUV,99.0,2025,CU01458
V01459,MG,ZS EV,SUV,50.0,2022,CU01459
V01460,Tata,Punch EV,Car,35.0,2023,CU01460
V01461,Mahindra,XUV400,SUV,39.0,2022,CU01461
V01462,Kia,EV9,SUV,99.0,2023,CU01462
V01463,Ather,450X,Scooter,4.0,2022,CU01463
V01464,Hero MotoCorp,Vida V1,Scooter,3.9,2024,CU01464
V01465,Ather,450X,Scooter,4.0,2025,CU01465
V01466,MG,Windsor EV,Car,38.0,2025,CU01466
V01467,PMI Electro,12m Electric Bus,Bus,250.0,2023,CU01467
V01468,Hyundai,Kona Electric,SUV,39.0,2025,CU01468
V01469,Tata,Tiago EV,Car,24.0,2024,CU01469
V01470,Hyundai,Ioniq 5,SUV,72.0,2025,CU01470
V01471,Hyundai,Kona Electric,SUV,39.0,2022,CU01471
V01472,Ola Electric,S1 Air,Scooter,3.0,2025,CU01472
V01473,TVS,iQube,Scooter,3.4,2024,CU01473
V01474,BYD,eMAX 7,MPV,71.0,2024,CU01474
V01475,Ather,450X,Scooter,4.0,2023,CU01475
V01476,Ather,Rizta,Scooter,3.7,2022,CU01476
V01477,BYD,Seal,Sedan,82.0,2022,CU01477
V01478,Hyundai,Kona Electric,SUV,39.0,2022,CU01478
V01479,PMI Electro,12m Electric Bus,Bus,250.0,2022,CU01479
V01480,Kia,EV6,SUV,77.0,2022,CU01480
V01481,Mahindra,XEV 9e,SUV,79.0,2025,CU01481
V01482,Ather,Rizta,Scooter,3.7,2022,CU01482
V01483,Kia,EV9,SUV,99.0,2025,CU01483
V01484,PMI Electro,12m Electric Bus,Bus,250.0,2025,CU01484
V01485,Hero MotoCorp,Vida V1,Scooter,3.9,2023,CU01485
V01486,PMI Electro,12m Electric Bus,Bus,250.0,2022,CU01486
V01487,BYD,Seal,Sedan,82.0,2023,CU01487
V01488,Ather,Rizta,Scooter,3.7,2025,CU01488
V01489,Bajaj,Chetak,Scooter,3.2,2024,CU01489
V01490,Ola Electric,S1 Air,Scooter,3.0,2024,CU01490
V01491,Hero MotoCorp,Vida V1,Scooter,3.9,2024,CU01491
V01492,Kia,EV6,SUV,77.0,2023,CU01492
V01493,Tata,Punch EV,Car,35.0,2025,CU01493
V01494,Kia,EV6,SUV,77.0,2022,CU01494
V01495,Mahindra,XUV400,SUV,39.0,2022,CU01495
V01496,BYD,Atto 3,SUV,60.0,2022,CU01496
V01497,BYD,eMAX 7,MPV,71.0,2023,CU01497
V01498,Hero MotoCorp,Vida V1,Scooter,3.9,2025,CU01498
V01499,Mahindra,XUV400,SUV,39.0,2025,CU01499
V01500,Olectra,City Bus,Bus,300.0,2024,CU01500
V01501,PMI Electro,12m Electric Bus,Bus,250.0,2024,CU01501
V01502,Olectra,City Bus,Bus,300.0,2022,CU01502
V01503,Olectra,City Bus,Bus,300.0,2025,CU01503
V01504,JBM,ECOLIFE Bus,Bus,300.0,2025,CU01504
V01505,Kia,EV9,SUV,99.0,2023,CU01505
V01506,Olectra,City Bus,Bus,300.0,2022,CU01506
V01507,Hyundai,Kona Electric,SUV,39.0,2024,CU01507
V01508,MG,Windsor EV,Car,38.0,2023,CU01508
V01509,MG,Comet EV,Car,17.0,2024,CU01509
V01510,Mahindra,XUV400,SUV,39.0,2023,CU01510
V01511,Olectra,City Bus,Bus,300.0,2022,CU01511
V01512,PMI Electro,12m Electric Bus,Bus,250.0,2025,CU01512
V01513,TVS,iQube,Scooter,3.4,2022,CU01513
V01514,BYD,Atto 3,SUV,60.0,2022,CU01514
V01515,Mahindra,XUV400,SUV,39.0,2023,CU01515
V01516,JBM,ECOLIFE Bus,Bus,300.0,2023,CU01516
V01517,Bajaj,Chetak,Scooter,3.2,2025,CU01517
V01518,Mahindra,BE 6,SUV,59.0,2022,CU01518
V01519,Bajaj,Chetak,Scooter,3.2,2022,CU01519
V01520,Mahindra,BE 6,SUV,59.0,2022,CU01520
V01521,Ather,Rizta,Scooter,3.7,2022,CU01521
V01522,JBM,ECOLIFE Bus,Bus,300.0,2024,CU01522
V01523,BYD,Atto 3,SUV,60.0,2025,CU01523
V01524,Tata,Tiago EV,Car,24.0,2024,CU01524
V01525,TVS,iQube,Scooter,3.4,2023,CU01525
V01526,PMI Electro,12m Electric Bus,Bus,250.0,2023,CU01526
V01527,Tata,Punch EV,Car,35.0,2024,CU01527
V01528,Hyundai,Kona Electric,SUV,39.0,2024,CU01528
V01529,Kia,EV6,SUV,77.0,2023,CU01529
V01530,Bajaj,Chetak,Scooter,3.2,2025,CU01530
V01531,Olectra,City Bus,Bus,300.0,2024,CU01531
V01532,Kia,EV9,SUV,99.0,2023,CU01532
V01533,Bajaj,Chetak,Scooter,3.2,2022,CU01533
V01534,Bajaj,Chetak,Scooter,3.2,2023,CU01534
V01535,Hyundai,Ioniq 5,SUV,72.0,2024,CU01535
V01536,Olectra,City Bus,Bus,300.0,2022,CU01536
V01537,Hero MotoCorp,Vida V1,Scooter,3.9,2023,CU01537
V01538,Kia,EV6,SUV,77.0,2022,CU01538
V01539,JBM,ECOLIFE Bus,Bus,300.0,2024,CU01539
V01540,Ola Electric,S1 Pro,Scooter,4.0,2025,CU01540
V01541,JBM,ECOLIFE Bus,Bus,300.0,2022,CU01541
V01542,Tata,Curvv EV,SUV,55.0,2023,CU01542
V01543,Tata,Tiago EV,Car,24.0,2025,CU01543
V01544,Mahindra,XEV 9e,SUV,79.0,2024,CU01544
V01545,Hyundai,Ioniq 5,SUV,72.0,2024,CU01545
V01546,Hero MotoCorp,Vida V1,Scooter,3.9,2023,CU01546
V01547,Bajaj,Chetak,Scooter,3.2,2024,CU01547
V01548,Bajaj,Chetak,Scooter,3.2,2023,CU01548
V01549,Hyundai,Ioniq 5,SUV,72.0,2022,CU01549
V01550,Hyundai,Kona Electric,SUV,39.0,2022,CU01550
V01551,Ola Electric,S1 Pro,Scooter,4.0,2024,CU01551
V01552,Hyundai,Ioniq 5,SUV,72.0,2023,CU01552
V01553,Tata,Tiago EV,Car,24.0,2022,CU01553
V01554,Ola Electric,S1 Pro,Scooter,4.0,2025,CU01554
V01555,Mahindra,XUV400,SUV,39.0,2025,CU01555
V01556,Mahindra,XEV 9e,SUV,79.0,2025,CU01556
V01557,PMI Electro,12m Electric Bus,Bus,250.0,2022,CU01557
V01558,Bajaj,Chetak,Scooter,3.2,2023,CU01558
V01559,JBM,ECOLIFE Bus,Bus,300.0,2023,CU01559
V01560,JBM,ECOLIFE Bus,Bus,300.0,2023,CU01560
V01561,Mahindra,BE 6,SUV,59.0,2022,CU01561
V01562,Olectra,City Bus,Bus,300.0,2025,CU01562
V01563,Kia,EV6,SUV,77.0,2025,CU01563
V01564,Olectra,City Bus,Bus,300.0,2025,CU01564
V01565,TVS,iQube,Scooter,3.4,2025,CU01565
V01566,PMI Electro,12m Electric Bus,Bus,250.0,2025,CU01566
V01567,BYD,Seal,Sedan,82.0,2025,CU01567
V01568,JBM,ECOLIFE Bus,Bus,300.0,2022,CU01568
V01569,BYD,Atto 3,SUV,60.0,2024,CU01569
V01570,JBM,ECOLIFE Bus,Bus,300.0,2025,CU01570
V01571,PMI Electro,12m Electric Bus,Bus,250.0,2023,CU01571
V01572,PMI Electro,12m Electric Bus,Bus,250.0,2023,CU01572
V01573,Hero MotoCorp,Vida V1,Scooter,3.9,2022,CU01573
V01574,Kia,EV6,SUV,77.0,2025,CU01574
V01575,BYD,Seal,Sedan,82.0,2024,CU01575
V01576,Ather,Rizta,Scooter,3.7,2023,CU01576
V01577,MG,Comet EV,Car,17.0,2023,CU01577
V01578,MG,Windsor EV,Car,38.0,2023,CU01578
V01579,Ola Electric,S1 Air,Scooter,3.0,2024,CU01579
V01580,Ather,Rizta,Scooter,3.7,2024,CU01580
V01581,Mahindra,BE 6,SUV,59.0,2025,CU01581
V01582,BYD,Seal,Sedan,82.0,2024,CU01582
V01583,JBM,ECOLIFE Bus,Bus,300.0,2022,CU01583
V01584,Mahindra,XEV 9e,SUV,79.0,2023,CU01584
V01585,MG,Comet EV,Car,17.0,2022,CU01585
V01586,MG,Windsor EV,Car,38.0,2024,CU01586
V01587,Tata,Nexon EV,Car,40.0,2022,CU01587
V01588,Bajaj,Chetak,Scooter,3.2,2025,CU01588
V01589,Ola Electric,S1 Air,Scooter,3.0,2022,CU01589
V01590,Kia,EV6,SUV,77.0,2023,CU01590
V01591,Hyundai,Ioniq 5,SUV,72.0,2025,CU01591
V01592,Mahindra,XUV400,SUV,39.0,2022,CU01592
V01593,Olectra,City Bus,Bus,300.0,2025,CU01593
V01594,Olectra,City Bus,Bus,300.0,2023,CU01594
V01595,Bajaj,Chetak,Scooter,3.2,2023,CU01595
V01596,Hero MotoCorp,Vida V1,Scooter,3.9,2025,CU01596
V01597,Bajaj,Chetak,Scooter,3.2,2024,CU01597
V01598,Tata,Curvv EV,SUV,55.0,2022,CU01598
V01599,JBM,ECOLIFE Bus,Bus,300.0,2022,CU01599
V01600,Mahindra,XUV400,SUV,39.0,2024,CU01600
V01601,JBM,ECOLIFE Bus,Bus,300.0,2024,CU01601
V01602,Tata,Curvv EV,SUV,55.0,2022,CU01602
V01603,BYD,eMAX 7,MPV,71.0,2024,CU01603
V01604,Ola Electric,S1 Air,Scooter,3.0,2025,CU01604
V01605,Hyundai,Ioniq 5,SUV,72.0,2022,CU01605
V01606,Bajaj,Chetak,Scooter,3.2,2023,CU01606
V01607,Hyundai,Kona Electric,SUV,39.0,2023,CU01607
V01608,Bajaj,Chetak,Scooter,3.2,2025,CU01608
V01609,PMI Electro,12m Electric Bus,Bus,250.0,2025,CU01609
V01610,Tata,Nexon EV,Car,40.0,2023,CU01610
V01611,Bajaj,Chetak,Scooter,3.2,2024,CU01611
V01612,MG,Windsor EV,Car,38.0,2022,CU01612
V01613,Ola Electric,S1 Air,Scooter,3.0,2024,CU01613
V01614,Hero MotoCorp,Vida V1,Scooter,3.9,2024,CU01614
V01615,Mahindra,XUV400,SUV,39.0,2024,CU01615
V01616,BYD,Atto 3,SUV,60.0,2022,CU01616
V01617,Ola Electric,S1 Air,Scooter,3.0,2025,CU01617
V01618,Tata,Curvv EV,SUV,55.0,2025,CU01618
V01619,Olectra,City Bus,Bus,300.0,2025,CU01619
V01620,Hyundai,Kona Electric,SUV,39.0,2024,CU01620
V01621,Olectra,City Bus,Bus,300.0,2024,CU01621
V01622,Bajaj,Chetak,Scooter,3.2,2023,CU01622
V01623,Ola Electric,S1 Air,Scooter,3.0,2024,CU01623
V01624,Tata,Punch EV,Car,35.0,2023,CU01624
V01625,Olectra,City Bus,Bus,300.0,2024,CU01625
V01626,Ola Electric,S1 Pro,Scooter,4.0,2023,CU01626
V01627,Hero MotoCorp,Vida V1,Scooter,3.9,2023,CU01627
V01628,Hyundai,Ioniq 5,SUV,72.0,2023,CU01628
V01629,Hero MotoCorp,Vida V1,Scooter,3.9,2024,CU01629
V01630,Olectra,City Bus,Bus,300.0,2024,CU01630
V01631,TVS,iQube,Scooter,3.4,2023,CU01631
V01632,PMI Electro,12m Electric Bus,Bus,250.0,2025,CU01632
V01633,Hero MotoCorp,Vida V1,Scooter,3.9,2025,CU01633
V01634,Ather,Rizta,Scooter,3.7,2023,CU01634
V01635,TVS,iQube,Scooter,3.4,2022,CU01635
V01636,Olectra,City Bus,Bus,300.0,2024,CU01636
V01637,Bajaj,Chetak,Scooter,3.2,2022,CU01637
V01638,PMI Electro,12m Electric Bus,Bus,250.0,2024,CU01638
V01639,TVS,iQube,Scooter,3.4,2022,CU01639
V01640,Olectra,City Bus,Bus,300.0,2023,CU01640
V01641,BYD,eMAX 7,MPV,71.0,2022,CU01641
V01642,Ather,450X,Scooter,4.0,2022,CU01642
V01643,Kia,EV6,SUV,77.0,2022,CU01643
V01644,PMI Electro,12m Electric Bus,Bus,250.0,2022,CU01644
V01645,Mahindra,XEV 9e,SUV,79.0,2025,CU01645
V01646,Kia,EV6,SUV,77.0,2025,CU01646
V01647,BYD,Atto 3,SUV,60.0,2025,CU01647
V01648,Hero MotoCorp,Vida V1,Scooter,3.9,2024,CU01648
V01649,Ola Electric,S1 Pro,Scooter,4.0,2023,CU01649
V01650,TVS,iQube,Scooter,3.4,2025,CU01650
V01651,Kia,EV6,SUV,77.0,2022,CU01651
V01652,Mahindra,BE 6,SUV,59.0,2025,CU01652
V01653,MG,Windsor EV,Car,38.0,2025,CU01653
V01654,Kia,EV9,SUV,99.0,2023,CU01654
V01655,TVS,iQube,Scooter,3.4,2025,CU01655
V01656,MG,Comet EV,Car,17.0,2024,CU01656
V01657,Kia,EV9,SUV,99.0,2025,CU01657
V01658,Ola Electric,S1 Air,Scooter,3.0,2022,CU01658
V01659,Hyundai,Ioniq 5,SUV,72.0,2022,CU01659
V01660,MG,ZS EV,SUV,50.0,2023,CU01660
V01661,Ola Electric,S1 Pro,Scooter,4.0,2022,CU01661
V01662,TVS,iQube,Scooter,3.4,2024,CU01662
V01663,TVS,iQube,Scooter,3.4,2024,CU01663
V01664,Hyundai,Kona Electric,SUV,39.0,2024,CU01664
V01665,Hyundai,Ioniq 5,SUV,72.0,2024,CU01665
V01666,BYD,eMAX 7,MPV,71.0,2022,CU01666
V01667,BYD,eMAX 7,MPV,71.0,2023,CU01667
V01668,PMI Electro,12m Electric Bus,Bus,250.0,2022,CU01668
V01669,Hero MotoCorp,Vida V1,Scooter,3.9,2024,CU01669
V01670,Ather,Rizta,Scooter,3.7,2024,CU01670
V01671,Ather,Rizta,Scooter,3.7,2025,CU01671
V01672,PMI Electro,12m Electric Bus,Bus,250.0,2022,CU01672
V01673,Hero MotoCorp,Vida V1,Scooter,3.9,2023,CU01673
V01674,Hyundai,Ioniq 5,SUV,72.0,2025,CU01674
V01675,Ola Electric,S1 Pro,Scooter,4.0,2023,CU01675
V01676,Olectra,City Bus,Bus,300.0,2022,CU01676
V01677,Ola Electric,S1 Pro,Scooter,4.0,2024,CU01677
V01678,PMI Electro,12m Electric Bus,Bus,250.0,2022,CU01678
V01679,Hyundai,Ioniq 5,SUV,72.0,2024,CU01679
V01680,Tata,Punch EV,Car,35.0,2025,CU01680
V01681,Tata,Nexon EV,Car,40.0,2023,CU01681
V01682,Kia,EV9,SUV,99.0,2023,CU01682
V01683,Bajaj,Chetak,Scooter,3.2,2025,CU01683
V01684,BYD,Atto 3,SUV,60.0,2023,CU01684
V01685,Tata,Tiago EV,Car,24.0,2022,CU01685
V01686,Kia,EV6,SUV,77.0,2023,CU01686
V01687,PMI Electro,12m Electric Bus,Bus,250.0,2023,CU01687
V01688,Tata,Tiago EV,Car,24.0,2022,CU01688
V01689,PMI Electro,12m Electric Bus,Bus,250.0,2022,CU01689
V01690,PMI Electro,12m Electric Bus,Bus,250.0,2024,CU01690
V01691,Kia,EV6,SUV,77.0,2023,CU01691
V01692,Mahindra,XUV400,SUV,39.0,2025,CU01692
V01693,Hero MotoCorp,Vida V1,Scooter,3.9,2022,CU01693
V01694,Ather,Rizta,Scooter,3.7,2023,CU01694
V01695,Hyundai,Ioniq 5,SUV,72.0,2023,CU01695
V01696,JBM,ECOLIFE Bus,Bus,300.0,2023,CU01696
V01697,Mahindra,XUV400,SUV,39.0,2023,CU01697
V01698,Bajaj,Chetak,Scooter,3.2,2025,CU01698
V01699,Hero MotoCorp,Vida V1,Scooter,3.9,2025,CU01699
V01700,JBM,ECOLIFE Bus,Bus,300.0,2024,CU01700
V01701,MG,Windsor EV,Car,38.0,2023,CU01701
V01702,PMI Electro,12m Electric Bus,Bus,250.0,2023,CU01702
V01703,Bajaj,Chetak,Scooter,3.2,2024,CU01703
V01704,Ola Electric,S1 Pro,Scooter,4.0,2022,CU01704
V01705,Ather,450X,Scooter,4.0,2025,CU01705
V01706,Hero MotoCorp,Vida V1,Scooter,3.9,2024,CU01706
V01707,Hyundai,Ioniq 5,SUV,72.0,2022,CU01707
V01708,Kia,EV9,SUV,99.0,2024,CU01708
V01709,Bajaj,Chetak,Scooter,3.2,2022,CU01709
V01710,Ather,450X,Scooter,4.0,2024,CU01710
V01711,BYD,Atto 3,SUV,60.0,2022,CU01711
V01712,Hyundai,Ioniq 5,SUV,72.0,2025,CU01712
V01713,TVS,iQube,Scooter,3.4,2023,CU01713
V01714,Mahindra,BE 6,SUV,59.0,2023,CU01714
V01715,PMI Electro,12m Electric Bus,Bus,250.0,2022,CU01715
V01716,TVS,iQube,Scooter,3.4,2023,CU01716
V01717,Olectra,City Bus,Bus,300.0,2025,CU01717
V01718,BYD,Atto 3,SUV,60.0,2024,CU01718
V01719,MG,Comet EV,Car,17.0,2022,CU01719
V01720,Ola Electric,S1 Air,Scooter,3.0,2024,CU01720
V01721,Kia,EV6,SUV,77.0,2023,CU01721
V01722,Bajaj,Chetak,Scooter,3.2,2023,CU01722
V01723,Bajaj,Chetak,Scooter,3.2,2023,CU01723
V01724,JBM,ECOLIFE Bus,Bus,300.0,2023,CU01724
V01725,TVS,iQube,Scooter,3.4,2024,CU01725
V01726,Kia,EV9,SUV,99.0,2024,CU01726
V01727,Kia,EV9,SUV,99.0,2025,CU01727
V01728,Olectra,City Bus,Bus,300.0,2024,CU01728
V01729,BYD,eMAX 7,MPV,71.0,2022,CU01729
V01730,Tata,Nexon EV,Car,40.0,2023,CU01730
V01731,BYD,Seal,Sedan,82.0,2025,CU01731
V01732,Bajaj,Chetak,Scooter,3.2,2025,CU01732
V01733,Hero MotoCorp,Vida V1,Scooter,3.9,2022,CU01733
V01734,Ola Electric,S1 Pro,Scooter,4.0,2022,CU01734
V01735,BYD,eMAX 7,MPV,71.0,2023,CU01735
V01736,BYD,eMAX 7,MPV,71.0,2023,CU01736
V01737,Ola Electric,S1 Pro,Scooter,4.0,2024,CU01737
V01738,Mahindra,XUV400,SUV,39.0,2022,CU01738
V01739,Ather,Rizta,Scooter,3.7,2024,CU01739
V01740,Olectra,City Bus,Bus,300.0,2022,CU01740
V01741,Ather,Rizta,Scooter,3.7,2024,CU01741
V01742,PMI Electro,12m Electric Bus,Bus,250.0,2023,CU01742
V01743,Hero MotoCorp,Vida V1,Scooter,3.9,2022,CU01743
V01744,PMI Electro,12m Electric Bus,Bus,250.0,2024,CU01744
V01745,Hero MotoCorp,Vida V1,Scooter,3.9,2023,CU01745
V01746,Ola Electric,S1 Pro,Scooter,4.0,2024,CU01746
V01747,Tata,Tiago EV,Car,24.0,2025,CU01747
V01748,MG,Comet EV,Car,17.0,2023,CU01748
V01749,Ather,Rizta,Scooter,3.7,2025,CU01749
V01750,Mahindra,BE 6,SUV,59.0,2025,CU01750
V01751,PMI Electro,12m Electric Bus,Bus,250.0,2022,CU01751
V01752,Mahindra,XUV400,SUV,39.0,2023,CU01752
V01753,Ather,450X,Scooter,4.0,2023,CU01753
V01754,Hyundai,Ioniq 5,SUV,72.0,2023,CU01754
V01755,Tata,Punch EV,Car,35.0,2025,CU01755
V01756,PMI Electro,12m Electric Bus,Bus,250.0,2022,CU01756
V01757,MG,Comet EV,Car,17.0,2022,CU01757
V01758,Olectra,City Bus,Bus,300.0,2024,CU01758
V01759,Ather,Rizta,Scooter,3.7,2025,CU01759
V01760,Ola Electric,S1 Pro,Scooter,4.0,2023,CU01760
V01761,Olectra,City Bus,Bus,300.0,2024,CU01761
V01762,Ola Electric,S1 Pro,Scooter,4.0,2022,CU01762
V01763,Kia,EV9,SUV,99.0,2022,CU01763
V01764,Bajaj,Chetak,Scooter,3.2,2025,CU01764
V01765,Ola Electric,S1 Pro,Scooter,4.0,2025,CU01765
V01766,Olectra,City Bus,Bus,300.0,2024,CU01766
V01767,JBM,ECOLIFE Bus,Bus,300.0,2023,CU01767
V01768,TVS,iQube,Scooter,3.4,2024,CU01768
V01769,BYD,Seal,Sedan,82.0,2022,CU01769
V01770,Hyundai,Ioniq 5,SUV,72.0,2024,CU01770
V01771,JBM,ECOLIFE Bus,Bus,300.0,2024,CU01771
V01772,Tata,Curvv EV,SUV,55.0,2023,CU01772
V01773,Ather,450X,Scooter,4.0,2024,CU01773
V01774,MG,ZS EV,SUV,50.0,2022,CU01774
V01775,Kia,EV9,SUV,99.0,2023,CU01775
V01776,Hyundai,Kona Electric,SUV,39.0,2025,CU01776
V01777,Hero MotoCorp,Vida V1,Scooter,3.9,2025,CU01777
V01778,Mahindra,BE 6,SUV,59.0,2025,CU01778
V01779,Bajaj,Chetak,Scooter,3.2,2023,CU01779
V01780,Bajaj,Chetak,Scooter,3.2,2023,CU01780
V01781,Olectra,City Bus,Bus,300.0,2025,CU01781
V01782,Mahindra,BE 6,SUV,59.0,2023,CU01782
V01783,Ola Electric,S1 Pro,Scooter,4.0,2025,CU01783
V01784,Mahindra,XUV400,SUV,39.0,2023,CU01784
V01785,Ather,Rizta,Scooter,3.7,2023,CU01785
V01786,Mahindra,BE 6,SUV,59.0,2022,CU01786
V01787,JBM,ECOLIFE Bus,Bus,300.0,2025,CU01787
V01788,Hyundai,Kona Electric,SUV,39.0,2023,CU01788
V01789,Tata,Punch EV,Car,35.0,2024,CU01789
V01790,Ola Electric,S1 Pro,Scooter,4.0,2024,CU01790
V01791,MG,ZS EV,SUV,50.0,2024,CU01791
V01792,Mahindra,BE 6,SUV,59.0,2024,CU01792
V01793,Hyundai,Ioniq 5,SUV,72.0,2023,CU01793
V01794,Hero MotoCorp,Vida V1,Scooter,3.9,2024,CU01794
V01795,Kia,EV6,SUV,77.0,2025,CU01795
V01796,TVS,iQube,Scooter,3.4,2022,CU01796
V01797,Hyundai,Ioniq 5,SUV,72.0,2023,CU01797
V01798,Mahindra,BE 6,SUV,59.0,2022,CU01798
V01799,Ather,Rizta,Scooter,3.7,2025,CU01799
V01800,TVS,iQube,Scooter,3.4,2024,CU01800
V01801,Bajaj,Chetak,Scooter,3.2,2024,CU01801
V01802,Olectra,City Bus,Bus,300.0,2022,CU01802
V01803,MG,ZS EV,SUV,50.0,2023,CU01803
V01804,Bajaj,Chetak,Scooter,3.2,2023,CU01804
V01805,JBM,ECOLIFE Bus,Bus,300.0,2022,CU01805
V01806,Hyundai,Ioniq 5,SUV,72.0,2023,CU01806
V01807,Ola Electric,S1 Pro,Scooter,4.0,2025,CU01807
V01808,Hyundai,Ioniq 5,SUV,72.0,2024,CU01808
V01809,Hero MotoCorp,Vida V1,Scooter,3.9,2025,CU01809
V01810,Bajaj,Chetak,Scooter,3.2,2024,CU01810
V01811,Bajaj,Chetak,Scooter,3.2,2025,CU01811
V01812,Ather,Rizta,Scooter,3.7,2024,CU01812
V01813,Ola Electric,S1 Air,Scooter,3.0,2022,CU01813
V01814,Hero MotoCorp,Vida V1,Scooter,3.9,2024,CU01814
V01815,Ather,450X,Scooter,4.0,2024,CU01815
V01816,Hero MotoCorp,Vida V1,Scooter,3.9,2022,CU01816
V01817,MG,Windsor EV,Car,38.0,2025,CU01817
V01818,Kia,EV6,SUV,77.0,2025,CU01818
V01819,TVS,iQube,Scooter,3.4,2022,CU01819
V01820,Kia,EV6,SUV,77.0,2023,CU01820
V01821,TVS,iQube,Scooter,3.4,2022,CU01821
V01822,Kia,EV9,SUV,99.0,2024,CU01822
V01823,JBM,ECOLIFE Bus,Bus,300.0,2025,CU01823
V01824,TVS,iQube,Scooter,3.4,2022,CU01824
V01825,Tata,Tiago EV,Car,24.0,2023,CU01825
V01826,Hero MotoCorp,Vida V1,Scooter,3.9,2025,CU01826
V01827,PMI Electro,12m Electric Bus,Bus,250.0,2023,CU01827
V01828,JBM,ECOLIFE Bus,Bus,300.0,2024,CU01828
V01829,Ola Electric,S1 Pro,Scooter,4.0,2025,CU01829
V01830,PMI Electro,12m Electric Bus,Bus,250.0,2023,CU01830
V01831,Olectra,City Bus,Bus,300.0,2024,CU01831
V01832,Tata,Tiago EV,Car,24.0,2022,CU01832
V01833,TVS,iQube,Scooter,3.4,2022,CU01833
V01834,Olectra,City Bus,Bus,300.0,2023,CU01834
V01835,Hyundai,Ioniq 5,SUV,72.0,2024,CU01835
V01836,Mahindra,XEV 9e,SUV,79.0,2024,CU01836
V01837,Bajaj,Chetak,Scooter,3.2,2022,CU01837
V01838,Bajaj,Chetak,Scooter,3.2,2024,CU01838
V01839,MG,Windsor EV,Car,38.0,2024,CU01839
V01840,TVS,iQube,Scooter,3.4,2024,CU01840
V01841,Mahindra,XUV400,SUV,39.0,2025,CU01841
V01842,Olectra,City Bus,Bus,300.0,2023,CU01842
V01843,Ola Electric,S1 Pro,Scooter,4.0,2022,CU01843
V01844,TVS,iQube,Scooter,3.4,2024,CU01844
V01845,Hyundai,Ioniq 5,SUV,72.0,2022,CU01845
V01846,Hyundai,Kona Electric,SUV,39.0,2022,CU01846
V01847,Ather,450X,Scooter,4.0,2024,CU01847
V01848,Olectra,City Bus,Bus,300.0,2024,CU01848
V01849,Hero MotoCorp,Vida V1,Scooter,3.9,2025,CU01849
V01850,Hyundai,Ioniq 5,SUV,72.0,2022,CU01850
V01851,Mahindra,BE 6,SUV,59.0,2023,CU01851
V01852,Ola Electric,S1 Air,Scooter,3.0,2025,CU01852
V01853,Tata,Nexon EV,Car,40.0,2025,CU01853
V01854,Hero MotoCorp,Vida V1,Scooter,3.9,2022,CU01854
V01855,Mahindra,XEV 9e,SUV,79.0,2022,CU01855
V01856,MG,Windsor EV,Car,38.0,2025,CU01856
V01857,Olectra,City Bus,Bus,300.0,2024,CU01857
V01858,Tata,Tiago EV,Car,24.0,2024,CU01858
V01859,Ather,Rizta,Scooter,3.7,2024,CU01859
V01860,BYD,Seal,Sedan,82.0,2025,CU01860
V01861,Hyundai,Kona Electric,SUV,39.0,2023,CU01861
V01862,BYD,Atto 3,SUV,60.0,2023,CU01862
V01863,Hyundai,Kona Electric,SUV,39.0,2023,CU01863
V01864,JBM,ECOLIFE Bus,Bus,300.0,2025,CU01864
V01865,BYD,eMAX 7,MPV,71.0,2024,CU01865
V01866,Ola Electric,S1 Air,Scooter,3.0,2024,CU01866
V01867,Bajaj,Chetak,Scooter,3.2,2024,CU01867
V01868,Hyundai,Kona Electric,SUV,39.0,2024,CU01868
V01869,TVS,iQube,Scooter,3.4,2022,CU01869
V01870,Bajaj,Chetak,Scooter,3.2,2024,CU01870
V01871,TVS,iQube,Scooter,3.4,2023,CU01871
V01872,Ola Electric,S1 Pro,Scooter,4.0,2023,CU01872
V01873,Tata,Nexon EV,Car,40.0,2023,CU01873
V01874,Tata,Punch EV,Car,35.0,2022,CU01874
V01875,TVS,iQube,Scooter,3.4,2023,CU01875
V01876,PMI Electro,12m Electric Bus,Bus,250.0,2022,CU01876
V01877,JBM,ECOLIFE Bus,Bus,300.0,2022,CU01877
V01878,Bajaj,Chetak,Scooter,3.2,2024,CU01878
V01879,Olectra,City Bus,Bus,300.0,2023,CU01879
V01880,JBM,ECOLIFE Bus,Bus,300.0,2022,CU01880
V01881,TVS,iQube,Scooter,3.4,2024,CU01881
V01882,TVS,iQube,Scooter,3.4,2022,CU01882
V01883,Bajaj,Chetak,Scooter,3.2,2024,CU01883
V01884,Hyundai,Ioniq 5,SUV,72.0,2023,CU01884
V01885,TVS,iQube,Scooter,3.4,2023,CU01885
V01886,Kia,EV6,SUV,77.0,2022,CU01886
V01887,Olectra,City Bus,Bus,300.0,2023,CU01887
V01888,TVS,iQube,Scooter,3.4,2023,CU01888
V01889,Ola Electric,S1 Air,Scooter,3.0,2023,CU01889
V01890,Mahindra,XUV400,SUV,39.0,2025,CU01890
V01891,Ola Electric,S1 Air,Scooter,3.0,2024,CU01891
V01892,Hero MotoCorp,Vida V1,Scooter,3.9,2025,CU01892
V01893,Hero MotoCorp,Vida V1,Scooter,3.9,2023,CU01893
V01894,PMI Electro,12m Electric Bus,Bus,250.0,2023,CU01894
V01895,Kia,EV9,SUV,99.0,2024,CU01895
V01896,JBM,ECOLIFE Bus,Bus,300.0,2025,CU01896
V01897,Tata,Punch EV,Car,35.0,2022,CU01897
V01898,Tata,Punch EV,Car,35.0,2025,CU01898
V01899,Hero MotoCorp,Vida V1,Scooter,3.9,2023,CU01899
V01900,Tata,Tiago EV,Car,24.0,2023,CU01900
V01901,Hero MotoCorp,Vida V1,Scooter,3.9,2022,CU01901
V01902,BYD,Atto 3,SUV,60.0,2023,CU01902
V01903,BYD,Seal,Sedan,82.0,2025,CU01903
V01904,Bajaj,Chetak,Scooter,3.2,2024,CU01904
V01905,MG,ZS EV,SUV,50.0,2023,CU01905
V01906,Mahindra,XEV 9e,SUV,79.0,2022,CU01906
V01907,TVS,iQube,Scooter,3.4,2025,CU01907
V01908,Ather,450X,Scooter,4.0,2024,CU01908
V01909,Tata,Curvv EV,SUV,55.0,2025,CU01909
V01910,Olectra,City Bus,Bus,300.0,2024,CU01910
V01911,JBM,ECOLIFE Bus,Bus,300.0,2023,CU01911
V01912,Mahindra,XUV400,SUV,39.0,2025,CU01912
V01913,Hero MotoCorp,Vida V1,Scooter,3.9,2022,CU01913
V01914,Hero MotoCorp,Vida V1,Scooter,3.9,2024,CU01914
V01915,JBM,ECOLIFE Bus,Bus,300.0,2023,CU01915
V01916,BYD,eMAX 7,MPV,71.0,2024,CU01916
V01917,Kia,EV9,SUV,99.0,2023,CU01917
V01918,Hyundai,Ioniq 5,SUV,72.0,2025,CU01918
V01919,Ola Electric,S1 Air,Scooter,3.0,2022,CU01919
V01920,Tata,Punch EV,Car,35.0,2025,CU01920
V01921,Bajaj,Chetak,Scooter,3.2,2025,CU01921
V01922,BYD,Seal,Sedan,82.0,2024,CU01922
V01923,TVS,iQube,Scooter,3.4,2025,CU01923
V01924,Olectra,City Bus,Bus,300.0,2022,CU01924
V01925,Ola Electric,S1 Pro,Scooter,4.0,2025,CU01925
V01926,Ola Electric,S1 Pro,Scooter,4.0,2025,CU01926
V01927,MG,Comet EV,Car,17.0,2022,CU01927
V01928,PMI Electro,12m Electric Bus,Bus,250.0,2023,CU01928
V01929,Olectra,City Bus,Bus,300.0,2024,CU01929
V01930,Hero MotoCorp,Vida V1,Scooter,3.9,2024,CU01930
V01931,Hyundai,Ioniq 5,SUV,72.0,2022,CU01931
V01932,Mahindra,XEV 9e,SUV,79.0,2023,CU01932
V01933,Hyundai,Kona Electric,SUV,39.0,2023,CU01933
V01934,Mahindra,XEV 9e,SUV,79.0,2022,CU01934
V01935,Kia,EV9,SUV,99.0,2023,CU01935
V01936,Bajaj,Chetak,Scooter,3.2,2023,CU01936
V01937,JBM,ECOLIFE Bus,Bus,300.0,2024,CU01937
V01938,JBM,ECOLIFE Bus,Bus,300.0,2025,CU01938
V01939,Ola Electric,S1 Pro,Scooter,4.0,2024,CU01939
V01940,Ather,Rizta,Scooter,3.7,2022,CU01940
V01941,JBM,ECOLIFE Bus,Bus,300.0,2025,CU01941
V01942,Hyundai,Kona Electric,SUV,39.0,2025,CU01942
V01943,Bajaj,Chetak,Scooter,3.2,2024,CU01943
V01944,Hyundai,Ioniq 5,SUV,72.0,2025,CU01944
V01945,BYD,Atto 3,SUV,60.0,2023,CU01945
V01946,JBM,ECOLIFE Bus,Bus,300.0,2025,CU01946
V01947,PMI Electro,12m Electric Bus,Bus,250.0,2024,CU01947
V01948,JBM,ECOLIFE Bus,Bus,300.0,2025,CU01948
V01949,Ola Electric,S1 Pro,Scooter,4.0,2022,CU01949
V01950,Hyundai,Kona Electric,SUV,39.0,2023,CU01950
V01951,Tata,Curvv EV,SUV,55.0,2022,CU01951
V01952,TVS,iQube,Scooter,3.4,2023,CU01952
V01953,JBM,ECOLIFE Bus,Bus,300.0,2023,CU01953
V01954,Kia,EV9,SUV,99.0,2024,CU01954
V01955,Hero MotoCorp,Vida V1,Scooter,3.9,2023,CU01955
V01956,Ola Electric,S1 Air,Scooter,3.0,2025,CU01956
V01957,Ather,Rizta,Scooter,3.7,2023,CU01957
V01958,Hero MotoCorp,Vida V1,Scooter,3.9,2025,CU01958
V01959,Mahindra,BE 6,SUV,59.0,2022,CU01959
V01960,Ather,450X,Scooter,4.0,2024,CU01960
V01961,Olectra,City Bus,Bus,300.0,2025,CU01961
V01962,Hero MotoCorp,Vida V1,Scooter,3.9,2023,CU01962
V01963,Ola Electric,S1 Air,Scooter,3.0,2022,CU01963
V01964,Hyundai,Ioniq 5,SUV,72.0,2023,CU01964
V01965,Mahindra,XUV400,SUV,39.0,2022,CU01965
V01966,MG,Comet EV,Car,17.0,2024,CU01966
V01967,PMI Electro,12m Electric Bus,Bus,250.0,2025,CU01967
V01968,Hero MotoCorp,Vida V1,Scooter,3.9,2024,CU01968
V01969,Olectra,City Bus,Bus,300.0,2022,CU01969
V01970,BYD,Atto 3,SUV,60.0,2024,CU01970
V01971,Ather,Rizta,Scooter,3.7,2025,CU01971
V01972,Mahindra,BE 6,SUV,59.0,2023,CU01972
V01973,Mahindra,BE 6,SUV,59.0,2022,CU01973
V01974,Hero MotoCorp,Vida V1,Scooter,3.9,2022,CU01974
V01975,Olectra,City Bus,Bus,300.0,2022,CU01975
V01976,Hyundai,Kona Electric,SUV,39.0,2025,CU01976
V01977,Ola Electric,S1 Pro,Scooter,4.0,2022,CU01977
V01978,Kia,EV6,SUV,77.0,2023,CU01978
V01979,BYD,Atto 3,SUV,60.0,2022,CU01979
V01980,Mahindra,XUV400,SUV,39.0,2025,CU01980
V01981,Ola Electric,S1 Pro,Scooter,4.0,2022,CU01981
V01982,Mahindra,XEV 9e,SUV,79.0,2024,CU01982
V01983,JBM,ECOLIFE Bus,Bus,300.0,2023,CU01983
V01984,JBM,ECOLIFE Bus,Bus,300.0,2024,CU01984
V01985,JBM,ECOLIFE Bus,Bus,300.0,2025,CU01985
V01986,BYD,Atto 3,SUV,60.0,2024,CU01986
V01987,TVS,iQube,Scooter,3.4,2023,CU01987
V01988,Ola Electric,S1 Pro,Scooter,4.0,2025,CU01988
V01989,TVS,iQube,Scooter,3.4,2023,CU01989
V01990,TVS,iQube,Scooter,3.4,2024,CU01990
V01991,PMI Electro,12m Electric Bus,Bus,250.0,2022,CU01991
V01992,Ola Electric,S1 Pro,Scooter,4.0,2022,CU01992
V01993,JBM,ECOLIFE Bus,Bus,300.0,2025,CU01993
V01994,Hero MotoCorp,Vida V1,Scooter,3.9,2023,CU01994
V01995,Bajaj,Chetak,Scooter,3.2,2023,CU01995
V01996,PMI Electro,12m Electric Bus,Bus,250.0,2025,CU01996
V01997,Olectra,City Bus,Bus,300.0,2023,CU01997
V01998,Ola Electric,S1 Air,Scooter,3.0,2023,CU01998
V01999,JBM,ECOLIFE Bus,Bus,300.0,2024,CU01999
V02000,Olectra,City Bus,Bus,300.0,2023,CU02000
V02001,BYD,Seal,Sedan,82.0,2025,CU02001
V02002,Ola Electric,S1 Air,Scooter,3.0,2025,CU02002
V02003,PMI Electro,12m Electric Bus,Bus,250.0,2022,CU02003
V02004,Kia,EV6,SUV,77.0,2025,CU02004
V02005,Bajaj,Chetak,Scooter,3.2,2022,CU02005
V02006,JBM,ECOLIFE Bus,Bus,300.0,2025,CU02006
V02007,Kia,EV6,SUV,77.0,2024,CU02007
V02008,Ather,450X,Scooter,4.0,2022,CU02008
V02009,Bajaj,Chetak,Scooter,3.2,2022,CU02009
V02010,Olectra,City Bus,Bus,300.0,2025,CU02010
V02011,Ather,Rizta,Scooter,3.7,2022,CU02011
V02012,Kia,EV6,SUV,77.0,2023,CU02012
V02013,MG,Windsor EV,Car,38.0,2024,CU02013
V02014,TVS,iQube,Scooter,3.4,2025,CU02014
V02015,Tata,Curvv EV,SUV,55.0,2024,CU02015
V02016,Ola Electric,S1 Pro,Scooter,4.0,2024,CU02016
V02017,Kia,EV6,SUV,77.0,2024,CU02017
V02018,Tata,Nexon EV,Car,40.0,2025,CU02018
V02019,MG,Comet EV,Car,17.0,2022,CU02019
V02020,Olectra,City Bus,Bus,300.0,2022,CU02020
V02021,Mahindra,XEV 9e,SUV,79.0,2023,CU02021
V02022,Tata,Punch EV,Car,35.0,2025,CU02022
V02023,Olectra,City Bus,Bus,300.0,2025,CU02023
V02024,Bajaj,Chetak,Scooter,3.2,2025,CU02024
V02025,Ather,Rizta,Scooter,3.7,2022,CU02025
V02026,Hyundai,Ioniq 5,SUV,72.0,2024,CU02026
V02027,MG,ZS EV,SUV,50.0,2025,CU02027
V02028,Kia,EV6,SUV,77.0,2025,CU02028
V02029,Kia,EV6,SUV,77.0,2024,CU02029
V02030,Bajaj,Chetak,Scooter,3.2,2024,CU02030
V02031,BYD,Seal,Sedan,82.0,2024,CU02031
V02032,Olectra,City Bus,Bus,300.0,2023,CU02032
V02033,Bajaj,Chetak,Scooter,3.2,2023,CU02033
V02034,Olectra,City Bus,Bus,300.0,2024,CU02034
V02035,MG,Comet EV,Car,17.0,2022,CU02035
V02036,BYD,Seal,Sedan,82.0,2025,CU02036
V02037,PMI Electro,12m Electric Bus,Bus,250.0,2025,CU02037
V02038,TVS,iQube,Scooter,3.4,2025,CU02038
V02039,Olectra,City Bus,Bus,300.0,2025,CU02039
V02040,Mahindra,XEV 9e,SUV,79.0,2025,CU02040
V02041,Olectra,City Bus,Bus,300.0,2023,CU02041
V02042,JBM,ECOLIFE Bus,Bus,300.0,2023,CU02042
V02043,JBM,ECOLIFE Bus,Bus,300.0,2023,CU02043
V02044,PMI Electro,12m Electric Bus,Bus,250.0,2023,CU02044
V02045,PMI Electro,12m Electric Bus,Bus,250.0,2024,CU02045
V02046,Ather,450X,Scooter,4.0,2024,CU02046
V02047,Olectra,City Bus,Bus,300.0,2025,CU02047
V02048,Ola Electric,S1 Pro,Scooter,4.0,2023,CU02048
V02049,MG,Windsor EV,Car,38.0,2022,CU02049
V02050,JBM,ECOLIFE Bus,Bus,300.0,2023,CU02050
V02051,Hero MotoCorp,Vida V1,Scooter,3.9,2023,CU02051
V02052,Olectra,City Bus,Bus,300.0,2022,CU02052
V02053,Ather,450X,Scooter,4.0,2024,CU02053
V02054,PMI Electro,12m Electric Bus,Bus,250.0,2023,CU02054
V02055,BYD,Seal,Sedan,82.0,2022,CU02055
V02056,Olectra,City Bus,Bus,300.0,2022,CU02056
V02057,JBM,ECOLIFE Bus,Bus,300.0,2024,CU02057
V02058,JBM,ECOLIFE Bus,Bus,300.0,2024,CU02058
V02059,Tata,Nexon EV,Car,40.0,2025,CU02059
V02060,Ather,450X,Scooter,4.0,2023,CU02060
V02061,Olectra,City Bus,Bus,300.0,2022,CU02061
V02062,Kia,EV6,SUV,77.0,2023,CU02062
V02063,BYD,eMAX 7,MPV,71.0,2023,CU02063
V02064,Mahindra,XEV 9e,SUV,79.0,2023,CU02064
V02065,MG,Comet EV,Car,17.0,2025,CU02065
V02066,Tata,Tiago EV,Car,24.0,2023,CU02066
V02067,BYD,eMAX 7,MPV,71.0,2025,CU02067
V02068,Hyundai,Ioniq 5,SUV,72.0,2025,CU02068
V02069,Tata,Curvv EV,SUV,55.0,2022,CU02069
V02070,TVS,iQube,Scooter,3.4,2023,CU02070
V02071,Bajaj,Chetak,Scooter,3.2,2023,CU02071
V02072,MG,Comet EV,Car,17.0,2022,CU02072
V02073,Ather,Rizta,Scooter,3.7,2023,CU02073
V02074,BYD,Seal,Sedan,82.0,2024,CU02074
V02075,Tata,Tiago EV,Car,24.0,2024,CU02075
V02076,JBM,ECOLIFE Bus,Bus,300.0,2022,CU02076
V02077,Hyundai,Kona Electric,SUV,39.0,2023,CU02077
V02078,BYD,Atto 3,SUV,60.0,2023,CU02078
V02079,Bajaj,Chetak,Scooter,3.2,2024,CU02079
V02080,JBM,ECOLIFE Bus,Bus,300.0,2022,CU02080
V02081,Mahindra,XUV400,SUV,39.0,2024,CU02081
V02082,Tata,Curvv EV,SUV,55.0,2023,CU02082
V02083,PMI Electro,12m Electric Bus,Bus,250.0,2022,CU02083
V02084,Bajaj,Chetak,Scooter,3.2,2022,CU02084
V02085,Ola Electric,S1 Air,Scooter,3.0,2023,CU02085
V02086,Ather,Rizta,Scooter,3.7,2023,CU02086
V02087,Tata,Punch EV,Car,35.0,2025,CU02087
V02088,JBM,ECOLIFE Bus,Bus,300.0,2025,CU02088
V02089,Bajaj,Chetak,Scooter,3.2,2022,CU02089
V02090,Kia,EV6,SUV,77.0,2024,CU02090
V02091,Hero MotoCorp,Vida V1,Scooter,3.9,2023,CU02091
V02092,Olectra,City Bus,Bus,300.0,2024,CU02092
V02093,Olectra,City Bus,Bus,300.0,2025,CU02093
V02094,Hyundai,Kona Electric,SUV,39.0,2024,CU02094
V02095,TVS,iQube,Scooter,3.4,2025,CU02095
V02096,Hero MotoCorp,Vida V1,Scooter,3.9,2025,CU02096
V02097,PMI Electro,12m Electric Bus,Bus,250.0,2022,CU02097
V02098,Mahindra,BE 6,SUV,59.0,2023,CU02098
V02099,JBM,ECOLIFE Bus,Bus,300.0,2023,CU02099
V02100,Hyundai,Kona Electric,SUV,39.0,2025,CU02100
V02101,Hyundai,Ioniq 5,SUV,72.0,2025,CU02101
V02102,Tata,Punch EV,Car,35.0,2023,CU02102
V02103,Olectra,City Bus,Bus,300.0,2024,CU02103
V02104,Kia,EV9,SUV,99.0,2022,CU02104
V02105,MG,Comet EV,Car,17.0,2022,CU02105
V02106,BYD,Seal,Sedan,82.0,2023,CU02106
V02107,Ola Electric,S1 Pro,Scooter,4.0,2023,CU02107
V02108,MG,ZS EV,SUV,50.0,2025,CU02108
V02109,Mahindra,BE 6,SUV,59.0,2022,CU02109
V02110,Mahindra,XUV400,SUV,39.0,2022,CU02110
V02111,MG,ZS EV,SUV,50.0,2022,CU02111
V02112,PMI Electro,12m Electric Bus,Bus,250.0,2025,CU02112
V02113,Ather,Rizta,Scooter,3.7,2025,CU02113
V02114,Mahindra,XUV400,SUV,39.0,2023,CU02114
V02115,Tata,Tiago EV,Car,24.0,2022,CU02115
V02116,Hero MotoCorp,Vida V1,Scooter,3.9,2025,CU02116
V02117,Hyundai,Ioniq 5,SUV,72.0,2023,CU02117
V02118,Ola Electric,S1 Air,Scooter,3.0,2023,CU02118
V02119,Ather,450X,Scooter,4.0,2024,CU02119
V02120,Olectra,City Bus,Bus,300.0,2023,CU02120
V02121,JBM,ECOLIFE Bus,Bus,300.0,2022,CU02121
V02122,Tata,Tiago EV,Car,24.0,2022,CU02122
V02123,Hyundai,Kona Electric,SUV,39.0,2025,CU02123
V02124,Olectra,City Bus,Bus,300.0,2023,CU02124
V02125,TVS,iQube,Scooter,3.4,2025,CU02125
V02126,JBM,ECOLIFE Bus,Bus,300.0,2025,CU02126
V02127,Tata,Tiago EV,Car,24.0,2022,CU02127
V02128,MG,Windsor EV,Car,38.0,2022,CU02128
V02129,Hero MotoCorp,Vida V1,Scooter,3.9,2025,CU02129
V02130,Kia,EV9,SUV,99.0,2024,CU02130
V02131,Bajaj,Chetak,Scooter,3.2,2023,CU02131
V02132,Hero MotoCorp,Vida V1,Scooter,3.9,2023,CU02132
V02133,Hero MotoCorp,Vida V1,Scooter,3.9,2025,CU02133
V02134,Ather,Rizta,Scooter,3.7,2025,CU02134
V02135,Mahindra,XUV400,SUV,39.0,2023,CU02135
V02136,Hyundai,Ioniq 5,SUV,72.0,2024,CU02136
V02137,PMI Electro,12m Electric Bus,Bus,250.0,2023,CU02137
V02138,Tata,Tiago EV,Car,24.0,2022,CU02138
V02139,TVS,iQube,Scooter,3.4,2024,CU02139
V02140,Olectra,City Bus,Bus,300.0,2023,CU02140
V02141,Tata,Curvv EV,SUV,55.0,2024,CU02141
V02142,Bajaj,Chetak,Scooter,3.2,2024,CU02142
V02143,BYD,Atto 3,SUV,60.0,2022,CU02143
V02144,BYD,Atto 3,SUV,60.0,2022,CU02144
V02145,Tata,Curvv EV,SUV,55.0,2024,CU02145
V02146,Tata,Curvv EV,SUV,55.0,2023,CU02146
V02147,Bajaj,Chetak,Scooter,3.2,2023,CU02147
V02148,MG,Windsor EV,Car,38.0,2023,CU02148
V02149,PMI Electro,12m Electric Bus,Bus,250.0,2024,CU02149
V02150,PMI Electro,12m Electric Bus,Bus,250.0,2023,CU02150
V02151,MG,ZS EV,SUV,50.0,2023,CU02151
V02152,Hero MotoCorp,Vida V1,Scooter,3.9,2024,CU02152
V02153,Ather,Rizta,Scooter,3.7,2023,CU02153
V02154,Kia,EV6,SUV,77.0,2024,CU02154
V02155,MG,Comet EV,Car,17.0,2023,CU02155
V02156,JBM,ECOLIFE Bus,Bus,300.0,2022,CU02156
V02157,Hero MotoCorp,Vida V1,Scooter,3.9,2025,CU02157
V02158,BYD,Atto 3,SUV,60.0,2023,CU02158
V02159,JBM,ECOLIFE Bus,Bus,300.0,2025,CU02159
V02160,Olectra,City Bus,Bus,300.0,2024,CU02160
V02161,Tata,Nexon EV,Car,40.0,2024,CU02161
V02162,Kia,EV9,SUV,99.0,2023,CU02162
V02163,TVS,iQube,Scooter,3.4,2024,CU02163
V02164,Olectra,City Bus,Bus,300.0,2022,CU02164
V02165,Kia,EV6,SUV,77.0,2024,CU02165
V02166,Bajaj,Chetak,Scooter,3.2,2025,CU02166
V02167,Hyundai,Kona Electric,SUV,39.0,2023,CU02167
V02168,JBM,ECOLIFE Bus,Bus,300.0,2022,CU02168
V02169,PMI Electro,12m Electric Bus,Bus,250.0,2022,CU02169
V02170,Ather,450X,Scooter,4.0,2023,CU02170
V02171,Ola Electric,S1 Air,Scooter,3.0,2023,CU02171
V02172,Kia,EV6,SUV,77.0,2024,CU02172
V02173,Ola Electric,S1 Air,Scooter,3.0,2025,CU02173
V02174,BYD,eMAX 7,MPV,71.0,2024,CU02174
V02175,TVS,iQube,Scooter,3.4,2024,CU02175
V02176,Kia,EV6,SUV,77.0,2025,CU02176
V02177,Hyundai,Ioniq 5,SUV,72.0,2025,CU02177
V02178,BYD,Seal,Sedan,82.0,2023,CU02178
V02179,PMI Electro,12m Electric Bus,Bus,250.0,2024,CU02179
V02180,BYD,eMAX 7,MPV,71.0,2024,CU02180
V02181,MG,Comet EV,Car,17.0,2022,CU02181
V02182,PMI Electro,12m Electric Bus,Bus,250.0,2024,CU02182
V02183,Bajaj,Chetak,Scooter,3.2,2022,CU02183
V02184,Bajaj,Chetak,Scooter,3.2,2022,CU02184
V02185,Tata,Tiago EV,Car,24.0,2022,CU02185
V02186,Ola Electric,S1 Air,Scooter,3.0,2025,CU02186
V02187,Ola Electric,S1 Pro,Scooter,4.0,2022,CU02187
V02188,Hero MotoCorp,Vida V1,Scooter,3.9,2022,CU02188
V02189,BYD,Atto 3,SUV,60.0,2025,CU02189
V02190,BYD,Seal,Sedan,82.0,2025,CU02190
V02191,JBM,ECOLIFE Bus,Bus,300.0,2024,CU02191
V02192,Hyundai,Ioniq 5,SUV,72.0,2025,CU02192
V02193,Bajaj,Chetak,Scooter,3.2,2023,CU02193
V02194,Hero MotoCorp,Vida V1,Scooter,3.9,2025,CU02194
V02195,Hyundai,Ioniq 5,SUV,72.0,2025,CU02195
V02196,Bajaj,Chetak,Scooter,3.2,2022,CU02196
V02197,Ola Electric,S1 Air,Scooter,3.0,2024,CU02197
V02198,Olectra,City Bus,Bus,300.0,2025,CU02198
V02199,Hero MotoCorp,Vida V1,Scooter,3.9,2024,CU02199
V02200,Ather,450X,Scooter,4.0,2022,CU02200
V02201,Olectra,City Bus,Bus,300.0,2024,CU02201
V02202,Kia,EV6,SUV,77.0,2025,CU02202
V02203,Bajaj,Chetak,Scooter,3.2,2023,CU02203
V02204,PMI Electro,12m Electric Bus,Bus,250.0,2023,CU02204
V02205,Ola Electric,S1 Air,Scooter,3.0,2023,CU02205
V02206,Kia,EV9,SUV,99.0,2022,CU02206
V02207,Bajaj,Chetak,Scooter,3.2,2022,CU02207
V02208,Tata,Nexon EV,Car,40.0,2022,CU02208
V02209,BYD,Seal,Sedan,82.0,2024,CU02209
V02210,Mahindra,XUV400,SUV,39.0,2024,CU02210
V02211,Kia,EV6,SUV,77.0,2025,CU02211
V02212,Olectra,City Bus,Bus,300.0,2023,CU02212
V02213,Hero MotoCorp,Vida V1,Scooter,3.9,2023,CU02213
V02214,Ather,Rizta,Scooter,3.7,2025,CU02214
V02215,Olectra,City Bus,Bus,300.0,2025,CU02215
V02216,Hero MotoCorp,Vida V1,Scooter,3.9,2022,CU02216
V02217,Tata,Nexon EV,Car,40.0,2025,CU02217
V02218,JBM,ECOLIFE Bus,Bus,300.0,2024,CU02218
V02219,Kia,EV9,SUV,99.0,2022,CU02219
V02220,MG,Comet EV,Car,17.0,2025,CU02220
V02221,Olectra,City Bus,Bus,300.0,2025,CU02221
V02222,Ola Electric,S1 Air,Scooter,3.0,2025,CU02222
V02223,Bajaj,Chetak,Scooter,3.2,2023,CU02223
V02224,JBM,ECOLIFE Bus,Bus,300.0,2022,CU02224
V02225,TVS,iQube,Scooter,3.4,2025,CU02225
V02226,Ather,450X,Scooter,4.0,2024,CU02226
V02227,Kia,EV9,SUV,99.0,2022,CU02227
V02228,MG,Comet EV,Car,17.0,2024,CU02228
V02229,JBM,ECOLIFE Bus,Bus,300.0,2024,CU02229
V02230,MG,ZS EV,SUV,50.0,2025,CU02230
V02231,Hyundai,Ioniq 5,SUV,72.0,2024,CU02231
V02232,Bajaj,Chetak,Scooter,3.2,2022,CU02232
V02233,JBM,ECOLIFE Bus,Bus,300.0,2024,CU02233
V02234,Kia,EV9,SUV,99.0,2023,CU02234
V02235,Olectra,City Bus,Bus,300.0,2024,CU02235
V02236,Kia,EV6,SUV,77.0,2022,CU02236
V02237,PMI Electro,12m Electric Bus,Bus,250.0,2025,CU02237
V02238,Hero MotoCorp,Vida V1,Scooter,3.9,2023,CU02238
V02239,Tata,Nexon EV,Car,40.0,2025,CU02239
V02240,Olectra,City Bus,Bus,300.0,2024,CU02240
V02241,Hyundai,Ioniq 5,SUV,72.0,2022,CU02241
V02242,BYD,Atto 3,SUV,60.0,2025,CU02242
V02243,Ather,450X,Scooter,4.0,2025,CU02243
V02244,BYD,eMAX 7,MPV,71.0,2022,CU02244
V02245,Ather,450X,Scooter,4.0,2023,CU02245
V02246,Ola Electric,S1 Pro,Scooter,4.0,2022,CU02246
V02247,Hyundai,Kona Electric,SUV,39.0,2024,CU02247
V02248,JBM,ECOLIFE Bus,Bus,300.0,2024,CU02248
V02249,Olectra,City Bus,Bus,300.0,2023,CU02249
V02250,BYD,Seal,Sedan,82.0,2024,CU02250
V02251,Olectra,City Bus,Bus,300.0,2024,CU02251
V02252,JBM,ECOLIFE Bus,Bus,300.0,2023,CU02252
V02253,Tata,Nexon EV,Car,40.0,2024,CU02253
V02254,Hero MotoCorp,Vida V1,Scooter,3.9,2025,CU02254
V02255,PMI Electro,12m Electric Bus,Bus,250.0,2023,CU02255
V02256,TVS,iQube,Scooter,3.4,2024,CU02256
V02257,MG,ZS EV,SUV,50.0,2025,CU02257
V02258,MG,Comet EV,Car,17.0,2025,CU02258
V02259,Tata,Punch EV,Car,35.0,2023,CU02259
V02260,TVS,iQube,Scooter,3.4,2024,CU02260
V02261,Ola Electric,S1 Pro,Scooter,4.0,2023,CU02261
V02262,TVS,iQube,Scooter,3.4,2022,CU02262
V02263,TVS,iQube,Scooter,3.4,2024,CU02263
V02264,JBM,ECOLIFE Bus,Bus,300.0,2023,CU02264
V02265,Ola Electric,S1 Air,Scooter,3.0,2024,CU02265
V02266,JBM,ECOLIFE Bus,Bus,300.0,2025,CU02266
V02267,Bajaj,Chetak,Scooter,3.2,2023,CU02267
V02268,MG,ZS EV,SUV,50.0,2024,CU02268
V02269,Ather,450X,Scooter,4.0,2023,CU02269
V02270,Mahindra,XUV400,SUV,39.0,2024,CU02270
V02271,Mahindra,BE 6,SUV,59.0,2024,CU02271
V02272,PMI Electro,12m Electric Bus,Bus,250.0,2024,CU02272
V02273,Olectra,City Bus,Bus,300.0,2022,CU02273
V02274,Hyundai,Ioniq 5,SUV,72.0,2023,CU02274
V02275,Bajaj,Chetak,Scooter,3.2,2022,CU02275
V02276,Tata,Punch EV,Car,35.0,2022,CU02276
V02277,BYD,Seal,Sedan,82.0,2023,CU02277
V02278,Bajaj,Chetak,Scooter,3.2,2023,CU02278
V02279,Ola Electric,S1 Air,Scooter,3.0,2025,CU02279
V02280,Mahindra,BE 6,SUV,59.0,2022,CU02280
V02281,Bajaj,Chetak,Scooter,3.2,2022,CU02281
V02282,Hero MotoCorp,Vida V1,Scooter,3.9,2025,CU02282
V02283,Hero MotoCorp,Vida V1,Scooter,3.9,2022,CU02283
V02284,Ather,450X,Scooter,4.0,2023,CU02284
V02285,Ather,450X,Scooter,4.0,2024,CU02285
V02286,BYD,Seal,Sedan,82.0,2023,CU02286
V02287,Mahindra,XEV 9e,SUV,79.0,2023,CU02287
V02288,Ather,Rizta,Scooter,3.7,2025,CU02288
V02289,Hero MotoCorp,Vida V1,Scooter,3.9,2024,CU02289
V02290,PMI Electro,12m Electric Bus,Bus,250.0,2023,CU02290
V02291,TVS,iQube,Scooter,3.4,2023,CU02291
V02292,JBM,ECOLIFE Bus,Bus,300.0,2025,CU02292
V02293,Mahindra,XEV 9e,SUV,79.0,2025,CU02293
V02294,Olectra,City Bus,Bus,300.0,2025,CU02294
V02295,Bajaj,Chetak,Scooter,3.2,2022,CU02295
V02296,Olectra,City Bus,Bus,300.0,2024,CU02296
V02297,Ather,Rizta,Scooter,3.7,2024,CU02297
V02298,PMI Electro,12m Electric Bus,Bus,250.0,2023,CU02298
V02299,JBM,ECOLIFE Bus,Bus,300.0,2023,CU02299
V02300,Ather,450X,Scooter,4.0,2024,CU02300
V02301,Olectra,City Bus,Bus,300.0,2023,CU02301
V02302,Olectra,City Bus,Bus,300.0,2023,CU02302
V02303,Ather,450X,Scooter,4.0,2025,CU02303
V02304,TVS,iQube,Scooter,3.4,2023,CU02304
V02305,TVS,iQube,Scooter,3.4,2022,CU02305
V02306,JBM,ECOLIFE Bus,Bus,300.0,2025,CU02306
V02307,BYD,Atto 3,SUV,60.0,2024,CU02307
V02308,Tata,Tiago EV,Car,24.0,2024,CU02308
V02309,Tata,Punch EV,Car,35.0,2024,CU02309
V02310,JBM,ECOLIFE Bus,Bus,300.0,2024,CU02310
V02311,MG,Windsor EV,Car,38.0,2023,CU02311
V02312,Hero MotoCorp,Vida V1,Scooter,3.9,2024,CU02312
V02313,Hyundai,Kona Electric,SUV,39.0,2023,CU02313
V02314,PMI Electro,12m Electric Bus,Bus,250.0,2025,CU02314
V02315,JBM,ECOLIFE Bus,Bus,300.0,2025,CU02315
V02316,Tata,Tiago EV,Car,24.0,2022,CU02316
V02317,BYD,eMAX 7,MPV,71.0,2023,CU02317
V02318,Tata,Nexon EV,Car,40.0,2022,CU02318
V02319,Mahindra,BE 6,SUV,59.0,2025,CU02319
V02320,BYD,Seal,Sedan,82.0,2024,CU02320
V02321,Mahindra,XUV400,SUV,39.0,2025,CU02321
V02322,Hero MotoCorp,Vida V1,Scooter,3.9,2025,CU02322
V02323,Hero MotoCorp,Vida V1,Scooter,3.9,2023,CU02323
V02324,Hyundai,Kona Electric,SUV,39.0,2024,CU02324
V02325,Tata,Tiago EV,Car,24.0,2023,CU02325
V02326,Kia,EV6,SUV,77.0,2025,CU02326
V02327,Ather,450X,Scooter,4.0,2025,CU02327
V02328,Hyundai,Kona Electric,SUV,39.0,2024,CU02328
V02329,Ather,450X,Scooter,4.0,2023,CU02329
V02330,Ather,450X,Scooter,4.0,2025,CU02330
V02331,Hyundai,Ioniq 5,SUV,72.0,2022,CU02331
V02332,JBM,ECOLIFE Bus,Bus,300.0,2025,CU02332
V02333,Ola Electric,S1 Air,Scooter,3.0,2023,CU02333
V02334,Ola Electric,S1 Air,Scooter,3.0,2022,CU02334
V02335,MG,Comet EV,Car,17.0,2025,CU02335
V02336,Kia,EV9,SUV,99.0,2022,CU02336
V02337,Mahindra,BE 6,SUV,59.0,2024,CU02337
V02338,Ather,Rizta,Scooter,3.7,2024,CU02338
V02339,Olectra,City Bus,Bus,300.0,2024,CU02339
V02340,Mahindra,XEV 9e,SUV,79.0,2024,CU02340
V02341,Hero MotoCorp,Vida V1,Scooter,3.9,2024,CU02341
V02342,Hyundai,Kona Electric,SUV,39.0,2025,CU02342
V02343,TVS,iQube,Scooter,3.4,2022,CU02343
V02344,Ola Electric,S1 Air,Scooter,3.0,2023,CU02344
V02345,JBM,ECOLIFE Bus,Bus,300.0,2025,CU02345
V02346,Kia,EV6,SUV,77.0,2024,CU02346
V02347,Kia,EV6,SUV,77.0,2024,CU02347
V02348,PMI Electro,12m Electric Bus,Bus,250.0,2023,CU02348
V02349,Tata,Nexon EV,Car,40.0,2024,CU02349
V02350,Olectra,City Bus,Bus,300.0,2022,CU02350
V02351,Hyundai,Ioniq 5,SUV,72.0,2022,CU02351
V02352,Tata,Punch EV,Car,35.0,2024,CU02352
V02353,TVS,iQube,Scooter,3.4,2023,CU02353
V02354,TVS,iQube,Scooter,3.4,2022,CU02354
V02355,PMI Electro,12m Electric Bus,Bus,250.0,2022,CU02355
V02356,Hero MotoCorp,Vida V1,Scooter,3.9,2022,CU02356
V02357,Hero MotoCorp,Vida V1,Scooter,3.9,2024,CU02357
V02358,Hyundai,Kona Electric,SUV,39.0,2025,CU02358
V02359,JBM,ECOLIFE Bus,Bus,300.0,2025,CU02359
V02360,JBM,ECOLIFE Bus,Bus,300.0,2024,CU02360
V02361,Bajaj,Chetak,Scooter,3.2,2023,CU02361
V02362,Mahindra,BE 6,SUV,59.0,2025,CU02362
V02363,Olectra,City Bus,Bus,300.0,2023,CU02363
V02364,TVS,iQube,Scooter,3.4,2024,CU02364
V02365,Tata,Nexon EV,Car,40.0,2024,CU02365
V02366,Ather,450X,Scooter,4.0,2022,CU02366
V02367,Kia,EV9,SUV,99.0,2022,CU02367
V02368,Olectra,City Bus,Bus,300.0,2023,CU02368
V02369,Hero MotoCorp,Vida V1,Scooter,3.9,2025,CU02369
V02370,BYD,Seal,Sedan,82.0,2024,CU02370
V02371,BYD,Seal,Sedan,82.0,2024,CU02371
V02372,PMI Electro,12m Electric Bus,Bus,250.0,2023,CU02372
V02373,Ather,Rizta,Scooter,3.7,2022,CU02373
V02374,MG,ZS EV,SUV,50.0,2022,CU02374
V02375,Kia,EV9,SUV,99.0,2024,CU02375
V02376,Olectra,City Bus,Bus,300.0,2025,CU02376
V02377,Mahindra,XUV400,SUV,39.0,2023,CU02377
V02378,Hero MotoCorp,Vida V1,Scooter,3.9,2024,CU02378
V02379,Ola Electric,S1 Pro,Scooter,4.0,2023,CU02379
V02380,Ather,450X,Scooter,4.0,2025,CU02380
V02381,TVS,iQube,Scooter,3.4,2023,CU02381
V02382,MG,Windsor EV,Car,38.0,2024,CU02382
V02383,JBM,ECOLIFE Bus,Bus,300.0,2025,CU02383
V02384,Tata,Nexon EV,Car,40.0,2024,CU02384
V02385,Ola Electric,S1 Pro,Scooter,4.0,2023,CU02385
V02386,Bajaj,Chetak,Scooter,3.2,2022,CU02386
V02387,Kia,EV6,SUV,77.0,2023,CU02387
V02388,Mahindra,XUV400,SUV,39.0,2024,CU02388
V02389,BYD,eMAX 7,MPV,71.0,2024,CU02389
V02390,Hero MotoCorp,Vida V1,Scooter,3.9,2024,CU02390
V02391,Hyundai,Kona Electric,SUV,39.0,2022,CU02391
V02392,Ola Electric,S1 Air,Scooter,3.0,2023,CU02392
V02393,Mahindra,XUV400,SUV,39.0,2022,CU02393
V02394,Ather,Rizta,Scooter,3.7,2022,CU02394
V02395,Ather,Rizta,Scooter,3.7,2024,CU02395
V02396,Olectra,City Bus,Bus,300.0,2025,CU02396
V02397,PMI Electro,12m Electric Bus,Bus,250.0,2025,CU02397
V02398,Olectra,City Bus,Bus,300.0,2024,CU02398
V02399,TVS,iQube,Scooter,3.4,2022,CU02399
V02400,Kia,EV9,SUV,99.0,2022,CU02400
V02401,Ola Electric,S1 Pro,Scooter,4.0,2022,CU02401
V02402,JBM,ECOLIFE Bus,Bus,300.0,2025,CU02402
V02403,Olectra,City Bus,Bus,300.0,2025,CU02403
V02404,BYD,eMAX 7,MPV,71.0,2023,CU02404
V02405,PMI Electro,12m Electric Bus,Bus,250.0,2023,CU02405
V02406,Ather,450X,Scooter,4.0,2023,CU02406
V02407,Olectra,City Bus,Bus,300.0,2024,CU02407
V02408,Ola Electric,S1 Air,Scooter,3.0,2024,CU02408
V02409,TVS,iQube,Scooter,3.4,2024,CU02409
V02410,PMI Electro,12m Electric Bus,Bus,250.0,2022,CU02410
V02411,Tata,Punch EV,Car,35.0,2022,CU02411
V02412,JBM,ECOLIFE Bus,Bus,300.0,2024,CU02412
V02413,Kia,EV9,SUV,99.0,2024,CU02413
V02414,MG,Windsor EV,Car,38.0,2024,CU02414
V02415,Ather,450X,Scooter,4.0,2023,CU02415
V02416,MG,ZS EV,SUV,50.0,2025,CU02416
V02417,Hero MotoCorp,Vida V1,Scooter,3.9,2023,CU02417
V02418,PMI Electro,12m Electric Bus,Bus,250.0,2024,CU02418
V02419,Olectra,City Bus,Bus,300.0,2023,CU02419
V02420,Hero MotoCorp,Vida V1,Scooter,3.9,2025,CU02420
V02421,TVS,iQube,Scooter,3.4,2023,CU02421
V02422,PMI Electro,12m Electric Bus,Bus,250.0,2024,CU02422
V02423,BYD,Seal,Sedan,82.0,2025,CU02423
V02424,Hyundai,Kona Electric,SUV,39.0,2024,CU02424
V02425,TVS,iQube,Scooter,3.4,2025,CU02425
V02426,PMI Electro,12m Electric Bus,Bus,250.0,2022,CU02426
V02427,Ola Electric,S1 Pro,Scooter,4.0,2024,CU02427
V02428,JBM,ECOLIFE Bus,Bus,300.0,2024,CU02428
V02429,Kia,EV6,SUV,77.0,2025,CU02429
V02430,Ather,Rizta,Scooter,3.7,2023,CU02430
V02431,TVS,iQube,Scooter,3.4,2025,CU02431
V02432,BYD,eMAX 7,MPV,71.0,2022,CU02432
V02433,Tata,Curvv EV,SUV,55.0,2023,CU02433
V02434,Kia,EV9,SUV,99.0,2024,CU02434
V02435,Kia,EV6,SUV,77.0,2022,CU02435
V02436,Tata,Punch EV,Car,35.0,2023,CU02436
V02437,MG,Comet EV,Car,17.0,2024,CU02437
V02438,PMI Electro,12m Electric Bus,Bus,250.0,2025,CU02438
V02439,Olectra,City Bus,Bus,300.0,2023,CU02439
V02440,JBM,ECOLIFE Bus,Bus,300.0,2024,CU02440
V02441,Bajaj,Chetak,Scooter,3.2,2023,CU02441
V02442,Ola Electric,S1 Pro,Scooter,4.0,2024,CU02442
V02443,Olectra,City Bus,Bus,300.0,2025,CU02443
V02444,Kia,EV6,SUV,77.0,2022,CU02444
V02445,Olectra,City Bus,Bus,300.0,2023,CU02445
V02446,Hyundai,Kona Electric,SUV,39.0,2022,CU02446
V02447,PMI Electro,12m Electric Bus,Bus,250.0,2024,CU02447
V02448,Tata,Tiago EV,Car,24.0,2023,CU02448
V02449,Olectra,City Bus,Bus,300.0,2024,CU02449
V02450,TVS,iQube,Scooter,3.4,2024,CU02450
V02451,BYD,Seal,Sedan,82.0,2022,CU02451
V02452,PMI Electro,12m Electric Bus,Bus,250.0,2022,CU02452
V02453,Hyundai,Ioniq 5,SUV,72.0,2023,CU02453
V02454,Ather,450X,Scooter,4.0,2022,CU02454
V02455,Hero MotoCorp,Vida V1,Scooter,3.9,2025,CU02455
V02456,Mahindra,XUV400,SUV,39.0,2023,CU02456
V02457,MG,ZS EV,SUV,50.0,2022,CU02457
V02458,Ola Electric,S1 Pro,Scooter,4.0,2023,CU02458
V02459,Tata,Curvv EV,SUV,55.0,2023,CU02459
V02460,Ather,450X,Scooter,4.0,2023,CU02460
V02461,Olectra,City Bus,Bus,300.0,2022,CU02461
V02462,Hero MotoCorp,Vida V1,Scooter,3.9,2022,CU02462
V02463,JBM,ECOLIFE Bus,Bus,300.0,2024,CU02463
V02464,JBM,ECOLIFE Bus,Bus,300.0,2024,CU02464
V02465,BYD,Seal,Sedan,82.0,2025,CU02465
V02466,Bajaj,Chetak,Scooter,3.2,2024,CU02466
V02467,Hyundai,Ioniq 5,SUV,72.0,2025,CU02467
V02468,Tata,Curvv EV,SUV,55.0,2025,CU02468
V02469,Hyundai,Kona Electric,SUV,39.0,2025,CU02469
V02470,Ola Electric,S1 Pro,Scooter,4.0,2025,CU02470
V02471,PMI Electro,12m Electric Bus,Bus,250.0,2025,CU02471
V02472,MG,ZS EV,SUV,50.0,2022,CU02472
V02473,BYD,eMAX 7,MPV,71.0,2024,CU02473
V02474,Kia,EV9,SUV,99.0,2022,CU02474
V02475,MG,ZS EV,SUV,50.0,2023,CU02475
V02476,Bajaj,Chetak,Scooter,3.2,2022,CU02476
V02477,BYD,Atto 3,SUV,60.0,2024,CU02477
V02478,Mahindra,BE 6,SUV,59.0,2023,CU02478
V02479,MG,Comet EV,Car,17.0,2024,CU02479
V02480,Hero MotoCorp,Vida V1,Scooter,3.9,2024,CU02480
V02481,Tata,Tiago EV,Car,24.0,2025,CU02481
V02482,TVS,iQube,Scooter,3.4,2025,CU02482
V02483,Hero MotoCorp,Vida V1,Scooter,3.9,2023,CU02483
V02484,BYD,Atto 3,SUV,60.0,2023,CU02484
V02485,Bajaj,Chetak,Scooter,3.2,2023,CU02485
V02486,Hyundai,Kona Electric,SUV,39.0,2022,CU02486
V02487,Mahindra,XEV 9e,SUV,79.0,2024,CU02487
V02488,TVS,iQube,Scooter,3.4,2024,CU02488
V02489,Olectra,City Bus,Bus,300.0,2024,CU02489
V02490,Hero MotoCorp,Vida V1,Scooter,3.9,2022,CU02490
V02491,Bajaj,Chetak,Scooter,3.2,2022,CU02491
V02492,Olectra,City Bus,Bus,300.0,2024,CU02492
V02493,Ather,450X,Scooter,4.0,2023,CU02493
V02494,Tata,Punch EV,Car,35.0,2025,CU02494
V02495,BYD,eMAX 7,MPV,71.0,2023,CU02495
V02496,PMI Electro,12m Electric Bus,Bus,250.0,2024,CU02496
V02497,Ather,Rizta,Scooter,3.7,2025,CU02497
V02498,Mahindra,XUV400,SUV,39.0,2025,CU02498
V02499,Ola Electric,S1 Pro,Scooter,4.0,2025,CU02499
V02500,Ola Electric,S1 Air,Scooter,3.0,2023,CU02500
V02501,Ather,450X,Scooter,4.0,2025,CU02501
V02502,Ather,450X,Scooter,4.0,2025,CU02502
V02503,BYD,Atto 3,SUV,60.0,2024,CU02503
V02504,Olectra,City Bus,Bus,300.0,2023,CU02504
V02505,Bajaj,Chetak,Scooter,3.2,2024,CU02505
V02506,Olectra,City Bus,Bus,300.0,2023,CU02506
V02507,JBM,ECOLIFE Bus,Bus,300.0,2022,CU02507
V02508,Hyundai,Ioniq 5,SUV,72.0,2022,CU02508
V02509,JBM,ECOLIFE Bus,Bus,300.0,2024,CU02509
V02510,Tata,Nexon EV,Car,40.0,2024,CU02510
V02511,Hyundai,Kona Electric,SUV,39.0,2024,CU02511
V02512,Olectra,City Bus,Bus,300.0,2023,CU02512
V02513,Kia,EV9,SUV,99.0,2024,CU02513
V02514,Olectra,City Bus,Bus,300.0,2025,CU02514
V02515,JBM,ECOLIFE Bus,Bus,300.0,2024,CU02515
V02516,Hyundai,Ioniq 5,SUV,72.0,2025,CU02516
V02517,JBM,ECOLIFE Bus,Bus,300.0,2025,CU02517
V02518,Mahindra,BE 6,SUV,59.0,2024,CU02518
V02519,Olectra,City Bus,Bus,300.0,2025,CU02519
V02520,Mahindra,XEV 9e,SUV,79.0,2025,CU02520
V02521,Hyundai,Kona Electric,SUV,39.0,2023,CU02521
V02522,Ather,450X,Scooter,4.0,2022,CU02522
V02523,Tata,Punch EV,Car,35.0,2024,CU02523
V02524,TVS,iQube,Scooter,3.4,2025,CU02524
V02525,MG,Windsor EV,Car,38.0,2024,CU02525
V02526,Hero MotoCorp,Vida V1,Scooter,3.9,2022,CU02526
V02527,BYD,Seal,Sedan,82.0,2024,CU02527
V02528,BYD,Atto 3,SUV,60.0,2023,CU02528
V02529,Olectra,City Bus,Bus,300.0,2025,CU02529
V02530,MG,ZS EV,SUV,50.0,2025,CU02530
V02531,Hyundai,Ioniq 5,SUV,72.0,2022,CU02531
V02532,BYD,eMAX 7,MPV,71.0,2024,CU02532
V02533,Hero MotoCorp,Vida V1,Scooter,3.9,2023,CU02533
V02534,Bajaj,Chetak,Scooter,3.2,2023,CU02534
V02535,Hero MotoCorp,Vida V1,Scooter,3.9,2025,CU02535
V02536,Kia,EV9,SUV,99.0,2022,CU02536
V02537,Mahindra,BE 6,SUV,59.0,2024,CU02537
V02538,Ola Electric,S1 Air,Scooter,3.0,2023,CU02538
V02539,JBM,ECOLIFE Bus,Bus,300.0,2025,CU02539
V02540,Tata,Curvv EV,SUV,55.0,2025,CU02540
V02541,TVS,iQube,Scooter,3.4,2024,CU02541
V02542,Hero MotoCorp,Vida V1,Scooter,3.9,2025,CU02542
V02543,Ather,Rizta,Scooter,3.7,2022,CU02543
V02544,Tata,Punch EV,Car,35.0,2023,CU02544
V02545,Bajaj,Chetak,Scooter,3.2,2023,CU02545
V02546,Hero MotoCorp,Vida V1,Scooter,3.9,2022,CU02546
V02547,MG,Comet EV,Car,17.0,2023,CU02547
V02548,TVS,iQube,Scooter,3.4,2022,CU02548
V02549,Tata,Curvv EV,SUV,55.0,2022,CU02549
V02550,Ather,450X,Scooter,4.0,2023,CU02550
V02551,Mahindra,XEV 9e,SUV,79.0,2024,CU02551
V02552,Hyundai,Kona Electric,SUV,39.0,2023,CU02552
V02553,BYD,Atto 3,SUV,60.0,2023,CU02553
V02554,BYD,Atto 3,SUV,60.0,2025,CU02554
V02555,Ola Electric,S1 Air,Scooter,3.0,2022,CU02555
V02556,Tata,Tiago EV,Car,24.0,2023,CU02556
V02557,Bajaj,Chetak,Scooter,3.2,2024,CU02557
V02558,Hero MotoCorp,Vida V1,Scooter,3.9,2024,CU02558
V02559,PMI Electro,12m Electric Bus,Bus,250.0,2025,CU02559
V02560,Hyundai,Kona Electric,SUV,39.0,2023,CU02560
V02561,Hyundai,Ioniq 5,SUV,72.0,2025,CU02561
V02562,Bajaj,Chetak,Scooter,3.2,2025,CU02562
V02563,MG,Comet EV,Car,17.0,2025,CU02563
V02564,TVS,iQube,Scooter,3.4,2024,CU02564
V02565,Ather,Rizta,Scooter,3.7,2023,CU02565
V02566,Tata,Nexon EV,Car,40.0,2022,CU02566
V02567,BYD,Atto 3,SUV,60.0,2024,CU02567
V02568,Kia,EV6,SUV,77.0,2024,CU02568
V02569,JBM,ECOLIFE Bus,Bus,300.0,2023,CU02569
V02570,Ola Electric,S1 Air,Scooter,3.0,2025,CU02570
V02571,JBM,ECOLIFE Bus,Bus,300.0,2023,CU02571
V02572,Bajaj,Chetak,Scooter,3.2,2023,CU02572
V02573,MG,Windsor EV,Car,38.0,2024,CU02573
V02574,Hyundai,Kona Electric,SUV,39.0,2023,CU02574
V02575,TVS,iQube,Scooter,3.4,2025,CU02575
V02576,Mahindra,XUV400,SUV,39.0,2024,CU02576
V02577,BYD,Atto 3,SUV,60.0,2025,CU02577
V02578,Ola Electric,S1 Air,Scooter,3.0,2022,CU02578
V02579,Olectra,City Bus,Bus,300.0,2023,CU02579
V02580,Hyundai,Kona Electric,SUV,39.0,2022,CU02580
V02581,TVS,iQube,Scooter,3.4,2025,CU02581
V02582,JBM,ECOLIFE Bus,Bus,300.0,2023,CU02582
V02583,Ather,450X,Scooter,4.0,2023,CU02583
V02584,Kia,EV6,SUV,77.0,2025,CU02584
V02585,PMI Electro,12m Electric Bus,Bus,250.0,2023,CU02585
V02586,Kia,EV6,SUV,77.0,2022,CU02586
V02587,Tata,Tiago EV,Car,24.0,2022,CU02587
V02588,Bajaj,Chetak,Scooter,3.2,2022,CU02588
V02589,PMI Electro,12m Electric Bus,Bus,250.0,2024,CU02589
V02590,Tata,Tiago EV,Car,24.0,2022,CU02590
V02591,JBM,ECOLIFE Bus,Bus,300.0,2024,CU02591
V02592,Ola Electric,S1 Pro,Scooter,4.0,2024,CU02592
V02593,Ather,450X,Scooter,4.0,2024,CU02593
V02594,Ather,Rizta,Scooter,3.7,2024,CU02594
V02595,Hyundai,Kona Electric,SUV,39.0,2022,CU02595
V02596,Hero MotoCorp,Vida V1,Scooter,3.9,2023,CU02596
V02597,Ola Electric,S1 Pro,Scooter,4.0,2025,CU02597
V02598,Kia,EV9,SUV,99.0,2022,CU02598
V02599,Ola Electric,S1 Air,Scooter,3.0,2025,CU02599
V02600,Tata,Tiago EV,Car,24.0,2025,CU02600
V02601,MG,Windsor EV,Car,38.0,2024,CU02601
V02602,JBM,ECOLIFE Bus,Bus,300.0,2025,CU02602
V02603,Hyundai,Kona Electric,SUV,39.0,2025,CU02603
V02604,Tata,Curvv EV,SUV,55.0,2025,CU02604
V02605,Bajaj,Chetak,Scooter,3.2,2024,CU02605
V02606,Bajaj,Chetak,Scooter,3.2,2023,CU02606
V02607,Hyundai,Ioniq 5,SUV,72.0,2023,CU02607
V02608,Ather,450X,Scooter,4.0,2023,CU02608
V02609,Hero MotoCorp,Vida V1,Scooter,3.9,2023,CU02609
V02610,Tata,Nexon EV,Car,40.0,2023,CU02610
V02611,Ather,450X,Scooter,4.0,2025,CU02611
V02612,MG,Comet EV,Car,17.0,2025,CU02612
V02613,Olectra,City Bus,Bus,300.0,2024,CU02613
V02614,PMI Electro,12m Electric Bus,Bus,250.0,2024,CU02614
V02615,Ola Electric,S1 Air,Scooter,3.0,2025,CU02615
V02616,Hyundai,Ioniq 5,SUV,72.0,2023,CU02616
V02617,Bajaj,Chetak,Scooter,3.2,2025,CU02617
V02618,Ola Electric,S1 Pro,Scooter,4.0,2023,CU02618
V02619,BYD,Atto 3,SUV,60.0,2022,CU02619
V02620,PMI Electro,12m Electric Bus,Bus,250.0,2025,CU02620
V02621,MG,ZS EV,SUV,50.0,2022,CU02621
V02622,Olectra,City Bus,Bus,300.0,2023,CU02622
V02623,Hero MotoCorp,Vida V1,Scooter,3.9,2023,CU02623
V02624,Olectra,City Bus,Bus,300.0,2025,CU02624
V02625,JBM,ECOLIFE Bus,Bus,300.0,2023,CU02625
V02626,JBM,ECOLIFE Bus,Bus,300.0,2024,CU02626
V02627,Bajaj,Chetak,Scooter,3.2,2022,CU02627
V02628,PMI Electro,12m Electric Bus,Bus,250.0,2022,CU02628
V02629,Hero MotoCorp,Vida V1,Scooter,3.9,2024,CU02629
V02630,Ola Electric,S1 Pro,Scooter,4.0,2025,CU02630
V02631,Hyundai,Ioniq 5,SUV,72.0,2025,CU02631
V02632,Ather,450X,Scooter,4.0,2023,CU02632
V02633,Ola Electric,S1 Air,Scooter,3.0,2024,CU02633
V02634,PMI Electro,12m Electric Bus,Bus,250.0,2022,CU02634
V02635,Olectra,City Bus,Bus,300.0,2023,CU02635
V02636,BYD,Atto 3,SUV,60.0,2022,CU02636
V02637,JBM,ECOLIFE Bus,Bus,300.0,2025,CU02637
V02638,Ola Electric,S1 Pro,Scooter,4.0,2022,CU02638
V02639,Ola Electric,S1 Air,Scooter,3.0,2024,CU02639
V02640,Tata,Nexon EV,Car,40.0,2022,CU02640
V02641,Bajaj,Chetak,Scooter,3.2,2025,CU02641
V02642,Bajaj,Chetak,Scooter,3.2,2024,CU02642
V02643,MG,ZS EV,SUV,50.0,2024,CU02643
V02644,MG,Comet EV,Car,17.0,2023,CU02644
V02645,Mahindra,XUV400,SUV,39.0,2023,CU02645
V02646,Tata,Punch EV,Car,35.0,2025,CU02646
V02647,Hero MotoCorp,Vida V1,Scooter,3.9,2023,CU02647
V02648,PMI Electro,12m Electric Bus,Bus,250.0,2025,CU02648
V02649,Bajaj,Chetak,Scooter,3.2,2025,CU02649
V02650,Ather,450X,Scooter,4.0,2024,CU02650
V02651,Bajaj,Chetak,Scooter,3.2,2023,CU02651
V02652,Ather,Rizta,Scooter,3.7,2022,CU02652
V02653,Ola Electric,S1 Air,Scooter,3.0,2022,CU02653
V02654,Kia,EV9,SUV,99.0,2025,CU02654
V02655,Ather,Rizta,Scooter,3.7,2024,CU02655
V02656,Ather,450X,Scooter,4.0,2024,CU02656
V02657,Bajaj,Chetak,Scooter,3.2,2025,CU02657
V02658,Bajaj,Chetak,Scooter,3.2,2025,CU02658
V02659,Ola Electric,S1 Pro,Scooter,4.0,2023,CU02659
V02660,MG,ZS EV,SUV,50.0,2023,CU02660
V02661,Tata,Nexon EV,Car,40.0,2022,CU02661
V02662,Kia,EV6,SUV,77.0,2025,CU02662
V02663,Ola Electric,S1 Air,Scooter,3.0,2022,CU02663
V02664,JBM,ECOLIFE Bus,Bus,300.0,2023,CU02664
V02665,BYD,eMAX 7,MPV,71.0,2024,CU02665
V02666,Hyundai,Ioniq 5,SUV,72.0,2024,CU02666
V02667,Olectra,City Bus,Bus,300.0,2025,CU02667
V02668,MG,Windsor EV,Car,38.0,2022,CU02668
V02669,JBM,ECOLIFE Bus,Bus,300.0,2023,CU02669
V02670,Mahindra,XEV 9e,SUV,79.0,2022,CU02670
V02671,Hyundai,Kona Electric,SUV,39.0,2023,CU02671
V02672,Olectra,City Bus,Bus,300.0,2024,CU02672
V02673,PMI Electro,12m Electric Bus,Bus,250.0,2024,CU02673
V02674,Hyundai,Ioniq 5,SUV,72.0,2024,CU02674
V02675,BYD,Atto 3,SUV,60.0,2022,CU02675
V02676,MG,Windsor EV,Car,38.0,2023,CU02676
V02677,JBM,ECOLIFE Bus,Bus,300.0,2025,CU02677
V02678,Hero MotoCorp,Vida V1,Scooter,3.9,2024,CU02678
V02679,Bajaj,Chetak,Scooter,3.2,2022,CU02679
V02680,Tata,Curvv EV,SUV,55.0,2024,CU02680
V02681,Ather,Rizta,Scooter,3.7,2022,CU02681
V02682,Mahindra,XUV400,SUV,39.0,2024,CU02682
V02683,Tata,Tiago EV,Car,24.0,2022,CU02683
V02684,Tata,Tiago EV,Car,24.0,2022,CU02684
V02685,Hero MotoCorp,Vida V1,Scooter,3.9,2024,CU02685
V02686,Mahindra,XEV 9e,SUV,79.0,2024,CU02686
V02687,MG,ZS EV,SUV,50.0,2024,CU02687
V02688,Mahindra,XEV 9e,SUV,79.0,2024,CU02688
V02689,Bajaj,Chetak,Scooter,3.2,2022,CU02689
V02690,Ola Electric,S1 Pro,Scooter,4.0,2023,CU02690
V02691,Hero MotoCorp,Vida V1,Scooter,3.9,2023,CU02691
V02692,BYD,Atto 3,SUV,60.0,2025,CU02692
V02693,Hyundai,Kona Electric,SUV,39.0,2022,CU02693
V02694,Kia,EV9,SUV,99.0,2022,CU02694
V02695,TVS,iQube,Scooter,3.4,2023,CU02695
V02696,PMI Electro,12m Electric Bus,Bus,250.0,2024,CU02696
V02697,Hero MotoCorp,Vida V1,Scooter,3.9,2025,CU02697
V02698,BYD,eMAX 7,MPV,71.0,2023,CU02698
V02699,Ather,450X,Scooter,4.0,2025,CU02699
V02700,Kia,EV9,SUV,99.0,2024,CU02700
V02701,Kia,EV9,SUV,99.0,2022,CU02701
V02702,Tata,Tiago EV,Car,24.0,2025,CU02702
V02703,Hero MotoCorp,Vida V1,Scooter,3.9,2023,CU02703
V02704,Mahindra,BE 6,SUV,59.0,2023,CU02704
V02705,Kia,EV9,SUV,99.0,2025,CU02705
V02706,JBM,ECOLIFE Bus,Bus,300.0,2022,CU02706
V02707,Ola Electric,S1 Air,Scooter,3.0,2023,CU02707
V02708,Kia,EV6,SUV,77.0,2024,CU02708
V02709,Hero MotoCorp,Vida V1,Scooter,3.9,2025,CU02709
V02710,Hero MotoCorp,Vida V1,Scooter,3.9,2025,CU02710
V02711,Mahindra,XUV400,SUV,39.0,2025,CU02711
V02712,Hyundai,Ioniq 5,SUV,72.0,2023,CU02712
V02713,Mahindra,BE 6,SUV,59.0,2023,CU02713
V02714,Ather,450X,Scooter,4.0,2023,CU02714
V02715,JBM,ECOLIFE Bus,Bus,300.0,2025,CU02715
V02716,Tata,Tiago EV,Car,24.0,2023,CU02716
V02717,Bajaj,Chetak,Scooter,3.2,2024,CU02717
V02718,PMI Electro,12m Electric Bus,Bus,250.0,2025,CU02718
V02719,MG,Comet EV,Car,17.0,2022,CU02719
V02720,MG,ZS EV,SUV,50.0,2023,CU02720
V02721,Kia,EV9,SUV,99.0,2023,CU02721
V02722,PMI Electro,12m Electric Bus,Bus,250.0,2024,CU02722
V02723,Ola Electric,S1 Pro,Scooter,4.0,2025,CU02723
V02724,TVS,iQube,Scooter,3.4,2023,CU02724
V02725,MG,ZS EV,SUV,50.0,2025,CU02725
V02726,Ola Electric,S1 Pro,Scooter,4.0,2024,CU02726
V02727,Hyundai,Kona Electric,SUV,39.0,2023,CU02727
V02728,Bajaj,Chetak,Scooter,3.2,2024,CU02728
V02729,Hyundai,Kona Electric,SUV,39.0,2023,CU02729
V02730,MG,ZS EV,SUV,50.0,2025,CU02730
V02731,Tata,Tiago EV,Car,24.0,2024,CU02731
V02732,Ather,450X,Scooter,4.0,2024,CU02732
V02733,Hero MotoCorp,Vida V1,Scooter,3.9,2022,CU02733
V02734,MG,Comet EV,Car,17.0,2024,CU02734
V02735,Kia,EV6,SUV,77.0,2023,CU02735
V02736,Mahindra,XUV400,SUV,39.0,2022,CU02736
V02737,Kia,EV9,SUV,99.0,2022,CU02737
V02738,MG,Windsor EV,Car,38.0,2022,CU02738
V02739,Tata,Nexon EV,Car,40.0,2025,CU02739
V02740,Tata,Punch EV,Car,35.0,2024,CU02740
V02741,PMI Electro,12m Electric Bus,Bus,250.0,2024,CU02741
V02742,MG,Windsor EV,Car,38.0,2025,CU02742
V02743,BYD,Atto 3,SUV,60.0,2025,CU02743
V02744,Kia,EV6,SUV,77.0,2023,CU02744
V02745,Olectra,City Bus,Bus,300.0,2024,CU02745
V02746,Tata,Punch EV,Car,35.0,2022,CU02746
V02747,Hyundai,Ioniq 5,SUV,72.0,2024,CU02747
V02748,Mahindra,XEV 9e,SUV,79.0,2022,CU02748
V02749,Ather,450X,Scooter,4.0,2025,CU02749
V02750,JBM,ECOLIFE Bus,Bus,300.0,2023,CU02750
V02751,Mahindra,XUV400,SUV,39.0,2024,CU02751
V02752,Ola Electric,S1 Pro,Scooter,4.0,2024,CU02752
V02753,Olectra,City Bus,Bus,300.0,2023,CU02753
V02754,Tata,Nexon EV,Car,40.0,2025,CU02754
V02755,BYD,Atto 3,SUV,60.0,2023,CU02755
V02756,Ather,Rizta,Scooter,3.7,2025,CU02756
V02757,Bajaj,Chetak,Scooter,3.2,2023,CU02757
V02758,PMI Electro,12m Electric Bus,Bus,250.0,2024,CU02758
V02759,Hero MotoCorp,Vida V1,Scooter,3.9,2023,CU02759
V02760,Hero MotoCorp,Vida V1,Scooter,3.9,2022,CU02760
V02761,PMI Electro,12m Electric Bus,Bus,250.0,2025,CU02761
V02762,Ola Electric,S1 Air,Scooter,3.0,2025,CU02762
V02763,TVS,iQube,Scooter,3.4,2024,CU02763
V02764,Ola Electric,S1 Pro,Scooter,4.0,2025,CU02764
V02765,TVS,iQube,Scooter,3.4,2023,CU02765
V02766,JBM,ECOLIFE Bus,Bus,300.0,2024,CU02766
V02767,Tata,Tiago EV,Car,24.0,2023,CU02767
V02768,Kia,EV6,SUV,77.0,2022,CU02768
V02769,Hero MotoCorp,Vida V1,Scooter,3.9,2024,CU02769
V02770,JBM,ECOLIFE Bus,Bus,300.0,2022,CU02770
V02771,Olectra,City Bus,Bus,300.0,2022,CU02771
V02772,Hyundai,Kona Electric,SUV,39.0,2024,CU02772
V02773,MG,Comet EV,Car,17.0,2022,CU02773
V02774,Tata,Tiago EV,Car,24.0,2025,CU02774
V02775,Ather,450X,Scooter,4.0,2023,CU02775
V02776,Mahindra,XUV400,SUV,39.0,2025,CU02776
V02777,PMI Electro,12m Electric Bus,Bus,250.0,2024,CU02777
V02778,Tata,Nexon EV,Car,40.0,2025,CU02778
V02779,Kia,EV9,SUV,99.0,2022,CU02779
V02780,MG,Comet EV,Car,17.0,2023,CU02780
V02781,Tata,Curvv EV,SUV,55.0,2025,CU02781
V02782,Ola Electric,S1 Pro,Scooter,4.0,2024,CU02782
V02783,Hyundai,Kona Electric,SUV,39.0,2023,CU02783
V02784,Kia,EV9,SUV,99.0,2023,CU02784
V02785,Kia,EV6,SUV,77.0,2023,CU02785
V02786,Ather,450X,Scooter,4.0,2022,CU02786
V02787,Tata,Tiago EV,Car,24.0,2024,CU02787
V02788,Ola Electric,S1 Pro,Scooter,4.0,2022,CU02788
V02789,TVS,iQube,Scooter,3.4,2025,CU02789
V02790,JBM,ECOLIFE Bus,Bus,300.0,2025,CU02790
V02791,BYD,Seal,Sedan,82.0,2024,CU02791
V02792,Mahindra,XEV 9e,SUV,79.0,2024,CU02792
V02793,JBM,ECOLIFE Bus,Bus,300.0,2024,CU02793
V02794,Mahindra,XEV 9e,SUV,79.0,2022,CU02794
V02795,Olectra,City Bus,Bus,300.0,2022,CU02795
V02796,Mahindra,BE 6,SUV,59.0,2024,CU02796
V02797,Hero MotoCorp,Vida V1,Scooter,3.9,2022,CU02797
V02798,PMI Electro,12m Electric Bus,Bus,250.0,2025,CU02798
V02799,Olectra,City Bus,Bus,300.0,2022,CU02799
V02800,Hyundai,Kona Electric,SUV,39.0,2025,CU02800
V02801,TVS,iQube,Scooter,3.4,2024,CU02801
V02802,Mahindra,BE 6,SUV,59.0,2023,CU02802
V02803,MG,Comet EV,Car,17.0,2023,CU02803
V02804,JBM,ECOLIFE Bus,Bus,300.0,2025,CU02804
V02805,Kia,EV9,SUV,99.0,2025,CU02805
V02806,MG,Comet EV,Car,17.0,2023,CU02806
V02807,Kia,EV6,SUV,77.0,2024,CU02807
V02808,Kia,EV9,SUV,99.0,2024,CU02808
V02809,JBM,ECOLIFE Bus,Bus,300.0,2023,CU02809
V02810,TVS,iQube,Scooter,3.4,2023,CU02810
V02811,PMI Electro,12m Electric Bus,Bus,250.0,2023,CU02811
V02812,JBM,ECOLIFE Bus,Bus,300.0,2022,CU02812
V02813,Mahindra,XEV 9e,SUV,79.0,2024,CU02813
V02814,Kia,EV6,SUV,77.0,2025,CU02814
V02815,Kia,EV9,SUV,99.0,2024,CU02815
V02816,Kia,EV6,SUV,77.0,2022,CU02816
V02817,Kia,EV9,SUV,99.0,2024,CU02817
V02818,MG,Windsor EV,Car,38.0,2022,CU02818
V02819,MG,ZS EV,SUV,50.0,2023,CU02819
V02820,MG,Windsor EV,Car,38.0,2025,CU02820
V02821,Tata,Curvv EV,SUV,55.0,2024,CU02821
V02822,Tata,Tiago EV,Car,24.0,2023,CU02822
V02823,PMI Electro,12m Electric Bus,Bus,250.0,2024,CU02823
V02824,MG,Windsor EV,Car,38.0,2022,CU02824
V02825,Bajaj,Chetak,Scooter,3.2,2022,CU02825
V02826,MG,Comet EV,Car,17.0,2025,CU02826
V02827,TVS,iQube,Scooter,3.4,2023,CU02827
V02828,BYD,Seal,Sedan,82.0,2025,CU02828
V02829,Mahindra,XUV400,SUV,39.0,2025,CU02829
V02830,TVS,iQube,Scooter,3.4,2025,CU02830
V02831,MG,ZS EV,SUV,50.0,2025,CU02831
V02832,JBM,ECOLIFE Bus,Bus,300.0,2025,CU02832
V02833,JBM,ECOLIFE Bus,Bus,300.0,2025,CU02833
V02834,MG,ZS EV,SUV,50.0,2024,CU02834
V02835,Hero MotoCorp,Vida V1,Scooter,3.9,2024,CU02835
V02836,Mahindra,BE 6,SUV,59.0,2025,CU02836
V02837,BYD,eMAX 7,MPV,71.0,2025,CU02837
V02838,Tata,Punch EV,Car,35.0,2025,CU02838
V02839,Olectra,City Bus,Bus,300.0,2022,CU02839
V02840,Bajaj,Chetak,Scooter,3.2,2025,CU02840
V02841,Tata,Nexon EV,Car,40.0,2022,CU02841
V02842,Ola Electric,S1 Pro,Scooter,4.0,2023,CU02842
V02843,Bajaj,Chetak,Scooter,3.2,2023,CU02843
V02844,Ather,450X,Scooter,4.0,2022,CU02844
V02845,JBM,ECOLIFE Bus,Bus,300.0,2024,CU02845
V02846,Hyundai,Kona Electric,SUV,39.0,2023,CU02846
V02847,Kia,EV9,SUV,99.0,2023,CU02847
V02848,PMI Electro,12m Electric Bus,Bus,250.0,2023,CU02848
V02849,Ather,450X,Scooter,4.0,2022,CU02849
V02850,TVS,iQube,Scooter,3.4,2024,CU02850
V02851,BYD,Atto 3,SUV,60.0,2025,CU02851
V02852,JBM,ECOLIFE Bus,Bus,300.0,2025,CU02852
V02853,PMI Electro,12m Electric Bus,Bus,250.0,2022,CU02853
V02854,Mahindra,XEV 9e,SUV,79.0,2022,CU02854
V02855,Ather,450X,Scooter,4.0,2023,CU02855
V02856,PMI Electro,12m Electric Bus,Bus,250.0,2025,CU02856
V02857,Ather,Rizta,Scooter,3.7,2025,CU02857
V02858,Bajaj,Chetak,Scooter,3.2,2022,CU02858
V02859,Tata,Curvv EV,SUV,55.0,2025,CU02859
V02860,PMI Electro,12m Electric Bus,Bus,250.0,2023,CU02860
V02861,Hyundai,Ioniq 5,SUV,72.0,2023,CU02861
V02862,PMI Electro,12m Electric Bus,Bus,250.0,2024,CU02862
V02863,JBM,ECOLIFE Bus,Bus,300.0,2025,CU02863
V02864,TVS,iQube,Scooter,3.4,2024,CU02864
V02865,Olectra,City Bus,Bus,300.0,2025,CU02865
V02866,Olectra,City Bus,Bus,300.0,2022,CU02866
V02867,MG,Comet EV,Car,17.0,2023,CU02867
V02868,PMI Electro,12m Electric Bus,Bus,250.0,2022,CU02868
V02869,Hyundai,Kona Electric,SUV,39.0,2022,CU02869
V02870,Ather,450X,Scooter,4.0,2022,CU02870
V02871,TVS,iQube,Scooter,3.4,2023,CU02871
V02872,BYD,Seal,Sedan,82.0,2025,CU02872
V02873,Ather,450X,Scooter,4.0,2025,CU02873
V02874,Hero MotoCorp,Vida V1,Scooter,3.9,2022,CU02874
V02875,Ather,450X,Scooter,4.0,2023,CU02875
V02876,BYD,eMAX 7,MPV,71.0,2023,CU02876
V02877,Kia,EV6,SUV,77.0,2024,CU02877
V02878,Mahindra,BE 6,SUV,59.0,2022,CU02878
V02879,Mahindra,BE 6,SUV,59.0,2023,CU02879
V02880,Olectra,City Bus,Bus,300.0,2023,CU02880
V02881,Hyundai,Kona Electric,SUV,39.0,2023,CU02881
V02882,Ola Electric,S1 Air,Scooter,3.0,2022,CU02882
V02883,Bajaj,Chetak,Scooter,3.2,2022,CU02883
V02884,JBM,ECOLIFE Bus,Bus,300.0,2022,CU02884
V02885,BYD,eMAX 7,MPV,71.0,2022,CU02885
V02886,Hyundai,Kona Electric,SUV,39.0,2023,CU02886
V02887,JBM,ECOLIFE Bus,Bus,300.0,2022,CU02887
V02888,Olectra,City Bus,Bus,300.0,2025,CU02888
V02889,TVS,iQube,Scooter,3.4,2025,CU02889
V02890,JBM,ECOLIFE Bus,Bus,300.0,2024,CU02890
V02891,PMI Electro,12m Electric Bus,Bus,250.0,2024,CU02891
V02892,Hyundai,Ioniq 5,SUV,72.0,2025,CU02892
V02893,JBM,ECOLIFE Bus,Bus,300.0,2025,CU02893
V02894,PMI Electro,12m Electric Bus,Bus,250.0,2025,CU02894
V02895,Tata,Punch EV,Car,35.0,2025,CU02895
V02896,Hero MotoCorp,Vida V1,Scooter,3.9,2025,CU02896
V02897,Hero MotoCorp,Vida V1,Scooter,3.9,2025,CU02897
V02898,Mahindra,XEV 9e,SUV,79.0,2024,CU02898
V02899,BYD,Seal,Sedan,82.0,2023,CU02899
V02900,JBM,ECOLIFE Bus,Bus,300.0,2025,CU02900
V02901,TVS,iQube,Scooter,3.4,2022,CU02901
V02902,Hero MotoCorp,Vida V1,Scooter,3.9,2023,CU02902
V02903,Ather,Rizta,Scooter,3.7,2023,CU02903
V02904,Ather,Rizta,Scooter,3.7,2023,CU02904
V02905,TVS,iQube,Scooter,3.4,2022,CU02905
V02906,Olectra,City Bus,Bus,300.0,2023,CU02906
V02907,PMI Electro,12m Electric Bus,Bus,250.0,2022,CU02907
V02908,Olectra,City Bus,Bus,300.0,2024,CU02908
V02909,TVS,iQube,Scooter,3.4,2022,CU02909
V02910,Tata,Curvv EV,SUV,55.0,2023,CU02910
V02911,JBM,ECOLIFE Bus,Bus,300.0,2023,CU02911
V02912,Ather,450X,Scooter,4.0,2025,CU02912
V02913,PMI Electro,12m Electric Bus,Bus,250.0,2023,CU02913
V02914,Kia,EV9,SUV,99.0,2023,CU02914
V02915,Ather,450X,Scooter,4.0,2024,CU02915
V02916,Ather,Rizta,Scooter,3.7,2024,CU02916
V02917,Bajaj,Chetak,Scooter,3.2,2023,CU02917
V02918,JBM,ECOLIFE Bus,Bus,300.0,2023,CU02918
V02919,Kia,EV9,SUV,99.0,2023,CU02919
V02920,Tata,Tiago EV,Car,24.0,2022,CU02920
V02921,Hyundai,Kona Electric,SUV,39.0,2025,CU02921
V02922,MG,ZS EV,SUV,50.0,2025,CU02922
V02923,Hero MotoCorp,Vida V1,Scooter,3.9,2025,CU02923
V02924,JBM,ECOLIFE Bus,Bus,300.0,2022,CU02924
V02925,Mahindra,XUV400,SUV,39.0,2024,CU02925
V02926,Hyundai,Ioniq 5,SUV,72.0,2024,CU02926
V02927,Hyundai,Ioniq 5,SUV,72.0,2022,CU02927
V02928,Hero MotoCorp,Vida V1,Scooter,3.9,2022,CU02928
V02929,Olectra,City Bus,Bus,300.0,2022,CU02929
V02930,MG,Windsor EV,Car,38.0,2022,CU02930
V02931,Tata,Tiago EV,Car,24.0,2023,CU02931
V02932,Tata,Curvv EV,SUV,55.0,2025,CU02932
V02933,Ola Electric,S1 Air,Scooter,3.0,2024,CU02933
V02934,BYD,Atto 3,SUV,60.0,2023,CU02934
V02935,TVS,iQube,Scooter,3.4,2022,CU02935
V02936,Bajaj,Chetak,Scooter,3.2,2023,CU02936
V02937,JBM,ECOLIFE Bus,Bus,300.0,2022,CU02937
V02938,MG,Comet EV,Car,17.0,2025,CU02938
V02939,Hyundai,Ioniq 5,SUV,72.0,2024,CU02939
V02940,Kia,EV6,SUV,77.0,2022,CU02940
V02941,TVS,iQube,Scooter,3.4,2025,CU02941
V02942,Olectra,City Bus,Bus,300.0,2022,CU02942
V02943,TVS,iQube,Scooter,3.4,2022,CU02943
V02944,BYD,eMAX 7,MPV,71.0,2023,CU02944
V02945,Kia,EV6,SUV,77.0,2023,CU02945
V02946,Kia,EV6,SUV,77.0,2025,CU02946
V02947,Ola Electric,S1 Pro,Scooter,4.0,2024,CU02947
V02948,Mahindra,XEV 9e,SUV,79.0,2025,CU02948
V02949,Hyundai,Kona Electric,SUV,39.0,2024,CU02949
V02950,Mahindra,XUV400,SUV,39.0,2025,CU02950
V02951,JBM,ECOLIFE Bus,Bus,300.0,2022,CU02951
V02952,Kia,EV9,SUV,99.0,2025,CU02952
V02953,Ather,Rizta,Scooter,3.7,2025,CU02953
V02954,Hyundai,Ioniq 5,SUV,72.0,2025,CU02954
V02955,Tata,Punch EV,Car,35.0,2024,CU02955
V02956,Ola Electric,S1 Pro,Scooter,4.0,2023,CU02956
V02957,TVS,iQube,Scooter,3.4,2024,CU02957
V02958,Ola Electric,S1 Air,Scooter,3.0,2024,CU02958
V02959,Tata,Tiago EV,Car,24.0,2025,CU02959
V02960,Olectra,City Bus,Bus,300.0,2024,CU02960
V02961,JBM,ECOLIFE Bus,Bus,300.0,2024,CU02961
V02962,MG,ZS EV,SUV,50.0,2022,CU02962
V02963,PMI Electro,12m Electric Bus,Bus,250.0,2022,CU02963
V02964,MG,Windsor EV,Car,38.0,2023,CU02964
V02965,Ather,Rizta,Scooter,3.7,2022,CU02965
V02966,Hyundai,Kona Electric,SUV,39.0,2022,CU02966
V02967,Bajaj,Chetak,Scooter,3.2,2024,CU02967
V02968,Tata,Punch EV,Car,35.0,2025,CU02968
V02969,Tata,Tiago EV,Car,24.0,2024,CU02969
V02970,Hyundai,Kona Electric,SUV,39.0,2024,CU02970
V02971,JBM,ECOLIFE Bus,Bus,300.0,2022,CU02971
V02972,MG,Comet EV,Car,17.0,2023,CU02972
V02973,Bajaj,Chetak,Scooter,3.2,2022,CU02973
V02974,Ather,Rizta,Scooter,3.7,2025,CU02974
V02975,Mahindra,XUV400,SUV,39.0,2022,CU02975
V02976,PMI Electro,12m Electric Bus,Bus,250.0,2024,CU02976
V02977,Tata,Curvv EV,SUV,55.0,2025,CU02977
V02978,Hyundai,Ioniq 5,SUV,72.0,2024,CU02978
V02979,Kia,EV9,SUV,99.0,2025,CU02979
V02980,Ola Electric,S1 Pro,Scooter,4.0,2024,CU02980
V02981,Ola Electric,S1 Pro,Scooter,4.0,2024,CU02981
V02982,Olectra,City Bus,Bus,300.0,2023,CU02982
V02983,TVS,iQube,Scooter,3.4,2025,CU02983
V02984,Tata,Nexon EV,Car,40.0,2025,CU02984
V02985,Ather,450X,Scooter,4.0,2022,CU02985
V02986,Ather,Rizta,Scooter,3.7,2024,CU02986
V02987,Ola Electric,S1 Pro,Scooter,4.0,2023,CU02987
V02988,Tata,Curvv EV,SUV,55.0,2023,CU02988
V02989,Bajaj,Chetak,Scooter,3.2,2023,CU02989
V02990,JBM,ECOLIFE Bus,Bus,300.0,2022,CU02990
V02991,Mahindra,XUV400,SUV,39.0,2025,CU02991
V02992,TVS,iQube,Scooter,3.4,2025,CU02992
V02993,Mahindra,XUV400,SUV,39.0,2023,CU02993
V02994,PMI Electro,12m Electric Bus,Bus,250.0,2025,CU02994
V02995,PMI Electro,12m Electric Bus,Bus,250.0,2024,CU02995
V02996,Bajaj,Chetak,Scooter,3.2,2022,CU02996
V02997,MG,Windsor EV,Car,38.0,2024,CU02997
V02998,Bajaj,Chetak,Scooter,3.2,2025,CU02998
V02999,Olectra,City Bus,Bus,300.0,2023,CU02999
V03000,BYD,eMAX 7,MPV,71.0,2022,CU03000
